1
2
3
4
5
6
7
11
12
13
14
15
16
17
21
22
23
24
25
26
27
31
32
33
34
35
36
37
41
42
43
44
45
46
47
51
52
53
54
55
56
57
61
62
63
64
65
66
67
71
72
73
74
75
76
77
111
112
113
114
115
116
117
121
122
123
124
125
126
127
131
132
133
134
135
136
137
141
142
143
144
145
146
147
151
152
153
154
155
156
157
161
162
163
164
165
166
167
171
172
173
174
175
176
177
211
212
213
214
215
216
217
221
222
223
224
225
226
227
231
232
233
234
235
236
237
241
242
243
244
245
246
247
251
252
253
254
255
256
257
261
262
263
264
265
266
267
271
272
273
274
275
276
277
311
312
313
314
315
316
317
321
322
323
324
325
326
327
331
332
333
334
335
336
337
341
342
343
344
345
346
347
351
352
353
354
355
356
357
361
362
363
364
365
366
367
371
372
373
374
375
376
377
411
412
413
414
415
416
417
421
422
423
424
425
426
427
431
432
433
434
435
436
437
441
442
443
444
445
446
447
451
452
453
454
455
456
457
461
462
463
464
465
466
467
471
472
473
474
475
476
477
511
512
513
514
515
516
517
521
522
523
524
525
526
527
531
532
533
534
535
536
537
541
542
543
544
545
546
547
551
552
553
554
555
556
557
561
562
563
564
565
566
567
571
572
573
574
575
576
577
611
612
613
614
615
616
617
621
622
623
624
625
626
627
631
632
633
634
635
636
637
641
642
643
644
645
646
647
651
652
653
654
655
656
657
661
662
663
664
665
666
667
671
672
673
674
675
676
677
711
712
713
714
715
716
717
721
722
723
724
725
726
727
731
732
733
734
735
736
737
741
742
743
744
745
746
747
751
752
753
754
755
756
757
761
762
763
764
765
766
767
771
772
773
774
775
776
777
1111
1112
1113
1114
1115
1116
1117
1121
1122
1123
1124
1125
1126
1127
1131
1132
1133
1134
1135
1136
1137
1141
1142
1143
1144
1145
1146
1147
1151
1152
1153
1154
1155
1156
1157
1161
1162
1163
1164
1165
1166
1167
1171
1172
1173
1174
1175
1176
1177
1211
1212
1213
1214
1215
1216
1217
1221
1222
1223
1224
1225
1226
1227
1231
1232
1233
1234
1235
1236
1237
1241
1242
1243
1244
1245
1246
1247
1251
1252
1253
1254
1255
1256
1257
1261
1262
1263
1264
1265
1266
1267
1271
1272
1273
1274
1275
1276
1277
1311
1312
1313
1314
1315
1316
1317
1321
1322
1323
1324
1325
1326
1327
1331
1332
1333
1334
1335
1336
1337
1341
1342
1343
1344
1345
1346
1347
1351
1352
1353
1354
1355
1356
1357
1361
1362
1363
1364
1365
1366
1367
1371
1372
1373
1374
1375
1376
1377
1411
1412
1413
1414
1415
1416
1417
1421
1422
1423
1424
1425
1426
1427
1431
1432
1433
1434
1435
1436
1437
1441
1442
1443
1444
1445
1446
1447
1451
1452
1453
1454
1455
1456
1457
1461
1462
1463
1464
1465
1466
1467
1471
1472
1473
1474
1475
1476
1477
1511
1512
1513
1514
1515
1516
1517
1521
1522
1523
1524
1525
1526
1527
1531
1532
1533
1534
1535
1536
1537
1541
1542
1543
1544
1545
1546
1547
1551
1552
1553
1554
1555
1556
1557
1561
1562
1563
1564
1565
1566
1567
1571
1572
1573
1574
1575
1576
1577
1611
1612
1613
1614
1615
1616
1617
1621
1622
1623
1624
1625
1626
1627
1631
1632
1633
1634
1635
1636
1637
1641
1642
1643
1644
1645
1646
1647
1651
1652
1653
1654
1655
1656
1657
1661
1662
1663
1664
1665
1666
1667
1671
1672
1673
1674
1675
1676
1677
1711
1712
1713
1714
1715
1716
1717
1721
1722
1723
1724
1725
1726
1727
1731
1732
1733
1734
1735
1736
1737
1741
1742
1743
1744
1745
1746
1747
1751
1752
1753
1754
1755
1756
1757
1761
1762
1763
1764
1765
1766
1767
1771
1772
1773
1774
1775
1776
1777
2111
2112
2113
2114
2115
2116
2117
2121
2122
2123
2124
2125
2126
2127
2131
2132
2133
2134
2135
2136
2137
2141
2142
2143
2144
2145
2146
2147
2151
2152
2153
2154
2155
2156
2157
2161
2162
2163
2164
2165
2166
2167
2171
2172
2173
2174
2175
2176
2177
2211
2212
2213
2214
2215
2216
2217
2221
2222
2223
2224
2225
2226
2227
2231
2232
2233
2234
2235
2236
2237
2241
2242
2243
2244
2245
2246
2247
2251
2252
2253
2254
2255
2256
2257
2261
2262
2263
2264
2265
2266
2267
2271
2272
2273
2274
2275
2276
2277
2311
2312
2313
2314
2315
2316
2317
2321
2322
2323
2324
2325
2326
2327
2331
2332
2333
2334
2335
2336
2337
2341
2342
2343
2344
2345
2346
2347
2351
2352
2353
2354
2355
2356
2357
2361
2362
2363
2364
2365
2366
2367
2371
2372
2373
2374
2375
2376
2377
2411
2412
2413
2414
2415
2416
2417
2421
2422
2423
2424
2425
2426
2427
2431
2432
2433
2434
2435
2436
2437
2441
2442
2443
2444
2445
2446
2447
2451
2452
2453
2454
2455
2456
2457
2461
2462
2463
2464
2465
2466
2467
2471
2472
2473
2474
2475
2476
2477
2511
2512
2513
2514
2515
2516
2517
2521
2522
2523
2524
2525
2526
2527
2531
2532
2533
2534
2535
2536
2537
2541
2542
2543
2544
2545
2546
2547
2551
2552
2553
2554
2555
2556
2557
2561
2562
2563
2564
2565
2566
2567
2571
2572
2573
2574
2575
2576
2577
2611
2612
2613
2614
2615
2616
2617
2621
2622
2623
2624
2625
2626
2627
2631
2632
2633
2634
2635
2636
2637
2641
2642
2643
2644
2645
2646
2647
2651
2652
2653
2654
2655
2656
2657
2661
2662
2663
2664
2665
2666
2667
2671
2672
2673
2674
2675
2676
2677
2711
2712
2713
2714
2715
2716
2717
2721
2722
2723
2724
2725
2726
2727
2731
2732
2733
2734
2735
2736
2737
2741
2742
2743
2744
2745
2746
2747
2751
2752
2753
2754
2755
2756
2757
2761
2762
2763
2764
2765
2766
2767
2771
2772
2773
2774
2775
2776
2777
3111
3112
3113
3114
3115
3116
3117
3121
3122
3123
3124
3125
3126
3127
3131
3132
3133
3134
3135
3136
3137
3141
3142
3143
3144
3145
3146
3147
3151
3152
3153
3154
3155
3156
3157
3161
3162
3163
3164
3165
3166
3167
3171
3172
3173
3174
3175
3176
3177
3211
3212
3213
3214
3215
3216
3217
3221
3222
3223
3224
3225
3226
3227
3231
3232
3233
3234
3235
3236
3237
3241
3242
3243
3244
3245
3246
3247
3251
3252
3253
3254
3255
3256
3257
3261
3262
3263
3264
3265
3266
3267
3271
3272
3273
3274
3275
3276
3277
3311
3312
3313
3314
3315
3316
3317
3321
3322
3323
3324
3325
3326
3327
3331
3332
3333
3334
3335
3336
3337
3341
3342
3343
3344
3345
3346
3347
3351
3352
3353
3354
3355
3356
3357
3361
3362
3363
3364
3365
3366
3367
3371
3372
3373
3374
3375
3376
3377
3411
3412
3413
3414
3415
3416
3417
3421
3422
3423
3424
3425
3426
3427
3431
3432
3433
3434
3435
3436
3437
3441
3442
3443
3444
3445
3446
3447
3451
3452
3453
3454
3455
3456
3457
3461
3462
3463
3464
3465
3466
3467
3471
3472
3473
3474
3475
3476
3477
3511
3512
3513
3514
3515
3516
3517
3521
3522
3523
3524
3525
3526
3527
3531
3532
3533
3534
3535
3536
3537
3541
3542
3543
3544
3545
3546
3547
3551
3552
3553
3554
3555
3556
3557
3561
3562
3563
3564
3565
3566
3567
3571
3572
3573
3574
3575
3576
3577
3611
3612
3613
3614
3615
3616
3617
3621
3622
3623
3624
3625
3626
3627
3631
3632
3633
3634
3635
3636
3637
3641
3642
3643
3644
3645
3646
3647
3651
3652
3653
3654
3655
3656
3657
3661
3662
3663
3664
3665
3666
3667
3671
3672
3673
3674
3675
3676
3677
3711
3712
3713
3714
3715
3716
3717
3721
3722
3723
3724
3725
3726
3727
3731
3732
3733
3734
3735
3736
3737
3741
3742
3743
3744
3745
3746
3747
3751
3752
3753
3754
3755
3756
3757
3761
3762
3763
3764
3765
3766
3767
3771
3772
3773
3774
3775
3776
3777
4111
4112
4113
4114
4115
4116
4117
4121
4122
4123
4124
4125
4126
4127
4131
4132
4133
4134
4135
4136
4137
4141
4142
4143
4144
4145
4146
4147
4151
4152
4153
4154
4155
4156
4157
4161
4162
4163
4164
4165
4166
4167
4171
4172
4173
4174
4175
4176
4177
4211
4212
4213
4214
4215
4216
4217
4221
4222
4223
4224
4225
4226
4227
4231
4232
4233
4234
4235
4236
4237
4241
4242
4243
4244
4245
4246
4247
4251
4252
4253
4254
4255
4256
4257
4261
4262
4263
4264
4265
4266
4267
4271
4272
4273
4274
4275
4276
4277
4311
4312
4313
4314
4315
4316
4317
4321
4322
4323
4324
4325
4326
4327
4331
4332
4333
4334
4335
4336
4337
4341
4342
4343
4344
4345
4346
4347
4351
4352
4353
4354
4355
4356
4357
4361
4362
4363
4364
4365
4366
4367
4371
4372
4373
4374
4375
4376
4377
4411
4412
4413
4414
4415
4416
4417
4421
4422
4423
4424
4425
4426
4427
4431
4432
4433
4434
4435
4436
4437
4441
4442
4443
4444
4445
4446
4447
4451
4452
4453
4454
4455
4456
4457
4461
4462
4463
4464
4465
4466
4467
4471
4472
4473
4474
4475
4476
4477
4511
4512
4513
4514
4515
4516
4517
4521
4522
4523
4524
4525
4526
4527
4531
4532
4533
4534
4535
4536
4537
4541
4542
4543
4544
4545
4546
4547
4551
4552
4553
4554
4555
4556
4557
4561
4562
4563
4564
4565
4566
4567
4571
4572
4573
4574
4575
4576
4577
4611
4612
4613
4614
4615
4616
4617
4621
4622
4623
4624
4625
4626
4627
4631
4632
4633
4634
4635
4636
4637
4641
4642
4643
4644
4645
4646
4647
4651
4652
4653
4654
4655
4656
4657
4661
4662
4663
4664
4665
4666
4667
4671
4672
4673
4674
4675
4676
4677
4711
4712
4713
4714
4715
4716
4717
4721
4722
4723
4724
4725
4726
4727
4731
4732
4733
4734
4735
4736
4737
4741
4742
4743
4744
4745
4746
4747
4751
4752
4753
4754
4755
4756
4757
4761
4762
4763
4764
4765
4766
4767
4771
4772
4773
4774
4775
4776
4777
5111
5112
5113
5114
5115
5116
5117
5121
5122
5123
5124
5125
5126
5127
5131
5132
5133
5134
5135
5136
5137
5141
5142
5143
5144
5145
5146
5147
5151
5152
5153
5154
5155
5156
5157
5161
5162
5163
5164
5165
5166
5167
5171
5172
5173
5174
5175
5176
5177
5211
5212
5213
5214
5215
5216
5217
5221
5222
5223
5224
5225
5226
5227
5231
5232
5233
5234
5235
5236
5237
5241
5242
5243
5244
5245
5246
5247
5251
5252
5253
5254
5255
5256
5257
5261
5262
5263
5264
5265
5266
5267
5271
5272
5273
5274
5275
5276
5277
5311
5312
5313
5314
5315
5316
5317
5321
5322
5323
5324
5325
5326
5327
5331
5332
5333
5334
5335
5336
5337
5341
5342
5343
5344
5345
5346
5347
5351
5352
5353
5354
5355
5356
5357
5361
5362
5363
5364
5365
5366
5367
5371
5372
5373
5374
5375
5376
5377
5411
5412
5413
5414
5415
5416
5417
5421
5422
5423
5424
5425
5426
5427
5431
5432
5433
5434
5435
5436
5437
5441
5442
5443
5444
5445
5446
5447
5451
5452
5453
5454
5455
5456
5457
5461
5462
5463
5464
5465
5466
5467
5471
5472
5473
5474
5475
5476
5477
5511
5512
5513
5514
5515
5516
5517
5521
5522
5523
5524
5525
5526
5527
5531
5532
5533
5534
5535
5536
5537
5541
5542
5543
5544
5545
5546
5547
5551
5552
5553
5554
5555
5556
5557
5561
5562
5563
5564
5565
5566
5567
5571
5572
5573
5574
5575
5576
5577
5611
5612
5613
5614
5615
5616
5617
5621
5622
5623
5624
5625
5626
5627
5631
5632
5633
5634
5635
5636
5637
5641
5642
5643
5644
5645
5646
5647
5651
5652
5653
5654
5655
5656
5657
5661
5662
5663
5664
5665
5666
5667
5671
5672
5673
5674
5675
5676
5677
5711
5712
5713
5714
5715
5716
5717
5721
5722
5723
5724
5725
5726
5727
5731
5732
5733
5734
5735
5736
5737
5741
5742
5743
5744
5745
5746
5747
5751
5752
5753
5754
5755
5756
5757
5761
5762
5763
5764
5765
5766
5767
5771
5772
5773
5774
5775
5776
5777
6111
6112
6113
6114
6115
6116
6117
6121
6122
6123
6124
6125
6126
6127
6131
6132
6133
6134
6135
6136
6137
6141
6142
6143
6144
6145
6146
6147
6151
6152
6153
6154
6155
6156
6157
6161
6162
6163
6164
6165
6166
6167
6171
6172
6173
6174
6175
6176
6177
6211
6212
6213
6214
6215
6216
6217
6221
6222
6223
6224
6225
6226
6227
6231
6232
6233
6234
6235
6236
6237
6241
6242
6243
6244
6245
6246
6247
6251
6252
6253
6254
6255
6256
6257
6261
6262
6263
6264
6265
6266
6267
6271
6272
6273
6274
6275
6276
6277
6311
6312
6313
6314
6315
6316
6317
6321
6322
6323
6324
6325
6326
6327
6331
6332
6333
6334
6335
6336
6337
6341
6342
6343
6344
6345
6346
6347
6351
6352
6353
6354
6355
6356
6357
6361
6362
6363
6364
6365
6366
6367
6371
6372
6373
6374
6375
6376
6377
6411
6412
6413
6414
6415
6416
6417
6421
6422
6423
6424
6425
6426
6427
6431
6432
6433
6434
6435
6436
6437
6441
6442
6443
6444
6445
6446
6447
6451
6452
6453
6454
6455
6456
6457
6461
6462
6463
6464
6465
6466
6467
6471
6472
6473
6474
6475
6476
6477
6511
6512
6513
6514
6515
6516
6517
6521
6522
6523
6524
6525
6526
6527
6531
6532
6533
6534
6535
6536
6537
6541
6542
6543
6544
6545
6546
6547
6551
6552
6553
6554
6555
6556
6557
6561
6562
6563
6564
6565
6566
6567
6571
6572
6573
6574
6575
6576
6577
6611
6612
6613
6614
6615
6616
6617
6621
6622
6623
6624
6625
6626
6627
6631
6632
6633
6634
6635
6636
6637
6641
6642
6643
6644
6645
6646
6647
6651
6652
6653
6654
6655
6656
6657
6661
6662
6663
6664
6665
6666
6667
6671
6672
6673
6674
6675
6676
6677
6711
6712
6713
6714
6715
6716
6717
6721
6722
6723
6724
6725
6726
6727
6731
6732
6733
6734
6735
6736
6737
6741
6742
6743
6744
6745
6746
6747
6751
6752
6753
6754
6755
6756
6757
6761
6762
6763
6764
6765
6766
6767
6771
6772
6773
6774
6775
6776
6777
7111
7112
7113
7114
7115
7116
7117
7121
7122
7123
7124
7125
7126
7127
7131
7132
7133
7134
7135
7136
7137
7141
7142
7143
7144
7145
7146
7147
7151
7152
7153
7154
7155
7156
7157
7161
7162
7163
7164
7165
7166
7167
7171
7172
7173
7174
7175
7176
7177
7211
7212
7213
7214
7215
7216
7217
7221
7222
7223
7224
7225
7226
7227
7231
7232
7233
7234
7235
7236
7237
7241
7242
7243
7244
7245
7246
7247
7251
7252
7253
7254
7255
7256
7257
7261
7262
7263
7264
7265
7266
7267
7271
7272
7273
7274
7275
7276
7277
7311
7312
7313
7314
7315
7316
7317
7321
7322
7323
7324
7325
7326
7327
7331
7332
7333
7334
7335
7336
7337
7341
7342
7343
7344
7345
7346
7347
7351
7352
7353
7354
7355
7356
7357
7361
7362
7363
7364
7365
7366
7367
7371
7372
7373
7374
7375
7376
7377
7411
7412
7413
7414
7415
7416
7417
7421
7422
7423
7424
7425
7426
7427
7431
7432
7433
7434
7435
7436
7437
7441
7442
7443
7444
7445
7446
7447
7451
7452
7453
7454
7455
7456
7457
7461
7462
7463
7464
7465
7466
7467
7471
7472
7473
7474
7475
7476
7477
7511
7512
7513
7514
7515
7516
7517
7521
7522
7523
7524
7525
7526
7527
7531
7532
7533
7534
7535
7536
7537
7541
7542
7543
7544
7545
7546
7547
7551
7552
7553
7554
7555
7556
7557
7561
7562
7563
7564
7565
7566
7567
7571
7572
7573
7574
7575
7576
7577
7611
7612
7613
7614
7615
7616
7617
7621
7622
7623
7624
7625
7626
7627
7631
7632
7633
7634
7635
7636
7637
7641
7642
7643
7644
7645
7646
7647
7651
7652
7653
7654
7655
7656
7657
7661
7662
7663
7664
7665
7666
7667
7671
7672
7673
7674
7675
7676
7677
7711
7712
7713
7714
7715
7716
7717
7721
7722
7723
7724
7725
7726
7727
7731
7732
7733
7734
7735
7736
7737
7741
7742
7743
7744
7745
7746
7747
7751
7752
7753
7754
7755
7756
7757
7761
7762
7763
7764
7765
7766
7767
7771
7772
7773
7774
7775
7776
7777
11111
11112
11113
11114
11115
11116
11117
11121
11122
11123
11124
11125
11126
11127
11131
11132
11133
11134
11135
11136
11137
11141
11142
11143
11144
11145
11146
11147
11151
11152
11153
11154
11155
11156
11157
11161
11162
11163
11164
11165
11166
11167
11171
11172
11173
11174
11175
11176
11177
11211
11212
11215
11216
11217
11221
11222
11225
11226
11227
11231
11232
11233
11234
11235
11236
11237
11241
11242
11243
11244
11245
11246
11247
11251
11252
11255
11256
11257
11261
11262
11265
11266
11267
11271
11272
11275
11276
11277
11311
11313
11315
11316
11317
11321
11322
11323
11324
11325
11326
11327
11331
11333
11335
11336
11337
11341
11342
11343
11344
11345
11346
11347
11351
11353
11355
11356
11357
11361
11363
11365
11366
11367
11371
11373
11375
11376
11377
11411
11414
11415
11416
11417
11421
11422
11423
11424
11425
11426
11427
11431
11432
11433
11434
11435
11436
11437
11441
11444
11445
11446
11447
11451
11454
11455
11456
11457
11461
11464
11465
11466
11467
11471
11474
11475
11476
11477
11511
11512
11513
11514
11515
11516
11517
11521
11522
11523
11524
11525
11526
11527
11531
11532
11533
11534
11535
11536
11537
11541
11542
11543
11544
11545
11546
11547
11551
11552
11553
11554
11555
11556
11557
11561
11562
11563
11564
11565
11566
11567
11571
11572
11573
11574
11575
11576
11577
11611
11612
11613
11614
11615
11616
11617
11621
11622
11623
11624
11625
11626
11627
11631
11632
11633
11634
11635
11636
11637
11641
11642
11643
11644
11645
11646
11647
11651
11652
11653
11654
11655
11656
11657
11661
11662
11663
11664
11665
11666
11667
11671
11672
11673
11674
11675
11676
11677
11711
11712
11713
11714
11715
11716
11717
11721
11722
11723
11724
11725
11726
11727
11731
11732
11733
11734
11735
11736
11737
11741
11742
11743
11744
11745
11746
11747
11751
11752
11753
11754
11755
11756
11757
11761
11762
11763
11764
11765
11766
11767
11771
11772
11773
11774
11775
11776
11777
12111
12112
12113
12114
12115
12116
12117
12122
12123
12124
12125
12126
12127
12132
12133
12134
12135
12136
12137
12142
12143
12144
12145
12146
12147
12152
12153
12154
12155
12156
12157
12162
12163
12164
12165
12166
12167
12172
12173
12174
12175
12176
12177
12211
12212
12213
12214
12215
12216
12217
12221
12222
12223
12224
12225
12226
12227
12231
12232
12233
12234
12235
12236
12237
12241
12242
12243
12244
12245
12246
12247
12251
12252
12253
12254
12255
12256
12257
12261
12262
12263
12264
12265
12266
12267
12271
12272
12273
12274
12275
12276
12277
12311
12312
12313
12314
12315
12316
12317
12321
12322
12323
12324
12325
12326
12327
12331
12332
12333
12334
12335
12336
12337
12341
12342
12343
12344
12345
12346
12347
12351
12352
12353
12354
12355
12356
12357
12361
12362
12363
12364
12365
12366
12367
12371
12372
12373
12374
12375
12376
12377
12411
12412
12413
12414
12415
12416
12417
12421
12422
12423
12424
12425
12426
12427
12431
12432
12433
12434
12435
12436
12437
12441
12442
12443
12444
12445
12446
12447
12451
12452
12453
12454
12455
12456
12457
12461
12462
12463
12464
12465
12466
12467
12471
12472
12473
12474
12475
12476
12477
12511
12512
12513
12514
12515
12516
12517
12521
12522
12523
12524
12525
12526
12527
12531
12532
12533
12534
12535
12536
12537
12541
12542
12543
12544
12545
12546
12547
12551
12552
12553
12554
12555
12556
12557
12561
12562
12563
12564
12565
12566
12567
12571
12572
12573
12574
12575
12576
12577
12611
12612
12613
12614
12615
12616
12617
12621
12622
12623
12624
12625
12626
12627
12631
12632
12633
12634
12635
12636
12637
12641
12642
12643
12644
12645
12646
12647
12651
12652
12653
12654
12655
12656
12657
12661
12662
12663
12664
12665
12666
12667
12671
12672
12673
12674
12675
12676
12677
12711
12712
12713
12714
12715
12716
12717
12721
12722
12723
12724
12725
12726
12727
12731
12732
12733
12734
12735
12736
12737
12741
12742
12743
12744
12745
12746
12747
12751
12752
12753
12754
12755
12756
12757
12761
12762
12763
12764
12765
12766
12767
12771
12772
12773
12774
12775
12776
12777
13111
13112
13113
13114
13115
13116
13117
13122
13123
13124
13125
13126
13127
13132
13133
13134
13135
13136
13137
13142
13143
13144
13145
13146
13147
13152
13153
13154
13155
13156
13157
13162
13163
13164
13165
13166
13167
13172
13173
13174
13175
13176
13177
13211
13212
13213
13214
13215
13216
13217
13221
13222
13223
13224
13225
13226
13227
13231
13232
13233
13234
13235
13236
13237
13241
13242
13243
13244
13245
13246
13247
13251
13252
13253
13254
13255
13256
13257
13261
13262
13263
13264
13265
13266
13267
13271
13272
13273
13274
13275
13276
13277
13311
13312
13313
13314
13315
13316
13317
13321
13322
13323
13324
13325
13326
13327
13331
13332
13333
13334
13335
13336
13337
13341
13342
13343
13344
13345
13346
13347
13351
13352
13353
13354
13355
13356
13357
13361
13362
13363
13364
13365
13366
13367
13371
13372
13373
13374
13375
13376
13377
13411
13412
13413
13414
13415
13416
13417
13421
13422
13423
13424
13425
13426
13427
13431
13432
13433
13434
13435
13436
13437
13441
13442
13443
13444
13445
13446
13447
13451
13452
13453
13454
13455
13456
13457
13461
13462
13463
13464
13465
13466
13467
13471
13472
13473
13474
13475
13476
13477
13511
13512
13513
13514
13515
13516
13517
13521
13522
13523
13524
13525
13526
13527
13531
13532
13533
13534
13535
13536
13537
13541
13542
13543
13544
13545
13546
13547
13551
13552
13553
13554
13555
13556
13557
13561
13562
13563
13564
13565
13566
13567
13571
13572
13573
13574
13575
13576
13577
13611
13612
13613
13614
13615
13616
13617
13621
13622
13623
13624
13625
13626
13627
13631
13632
13633
13634
13635
13636
13637
13641
13642
13643
13644
13645
13646
13647
13651
13652
13653
13654
13655
13656
13657
13661
13662
13663
13664
13665
13666
13667
13671
13672
13673
13674
13675
13676
13677
13711
13712
13713
13714
13715
13716
13717
13721
13722
13723
13724
13725
13726
13727
13731
13732
13733
13734
13735
13736
13737
13741
13742
13743
13744
13745
13746
13747
13751
13752
13753
13754
13755
13756
13757
13761
13762
13763
13764
13765
13766
13767
13771
13772
13773
13774
13775
13776
13777
14111
14112
14113
14114
14115
14116
14117
14122
14123
14124
14125
14126
14127
14132
14133
14134
14135
14136
14137
14142
14143
14144
14145
14146
14147
14152
14153
14154
14155
14156
14157
14162
14163
14164
14165
14166
14167
14172
14173
14174
14175
14176
14177
14211
14212
14213
14214
14215
14216
14217
14221
14222
14223
14224
14225
14226
14227
14231
14232
14233
14234
14235
14236
14237
14241
14242
14243
14244
14245
14246
14247
14251
14252
14253
14254
14255
14256
14257
14261
14262
14263
14264
14265
14266
14267
14271
14272
14273
14274
14275
14276
14277
14311
14312
14313
14314
14315
14316
14317
14321
14322
14323
14324
14325
14326
14327
14331
14332
14333
14334
14335
14336
14337
14341
14342
14343
14344
14345
14346
14347
14351
14352
14353
14354
14355
14356
14357
14361
14362
14363
14364
14365
14366
14367
14371
14372
14373
14374
14375
14376
14377
14411
14412
14413
14414
14415
14416
14417
14421
14422
14423
14424
14425
14426
14427
14431
14432
14433
14434
14435
14436
14437
14441
14442
14443
14444
14445
14446
14447
14451
14452
14453
14454
14455
14456
14457
14461
14462
14463
14464
14465
14466
14467
14471
14472
14473
14474
14475
14476
14477
14511
14512
14513
14514
14515
14516
14517
14521
14522
14523
14524
14525
14526
14527
14531
14532
14533
14534
14535
14536
14537
14541
14542
14543
14544
14545
14546
14547
14551
14552
14553
14554
14555
14556
14557
14561
14562
14563
14564
14565
14566
14567
14571
14572
14573
14574
14575
14576
14577
14611
14612
14613
14614
14615
14616
14617
14621
14622
14623
14624
14625
14626
14627
14631
14632
14633
14634
14635
14636
14637
14641
14642
14643
14644
14645
14646
14647
14651
14652
14653
14654
14655
14656
14657
14661
14662
14663
14664
14665
14666
14667
14671
14672
14673
14674
14675
14676
14677
14711
14712
14713
14714
14715
14716
14717
14721
14722
14723
14724
14725
14726
14727
14731
14732
14733
14734
14735
14736
14737
14741
14742
14743
14744
14745
14746
14747
14751
14752
14753
14754
14755
14756
14757
14761
14762
14763
14764
14765
14766
14767
14771
14772
14773
14774
14775
14776
14777
15111
15112
15113
15114
15115
15116
15117
15122
15123
15124
15125
15126
15127
15132
15133
15134
15135
15136
15137
15142
15143
15144
15145
15146
15147
15152
15153
15154
15155
15156
15157
15162
15163
15164
15165
15166
15167
15172
15173
15174
15175
15176
15177
15211
15212
15215
15216
15217
15221
15222
15225
15226
15227
15231
15232
15233
15234
15235
15236
15237
15241
15242
15243
15244
15245
15246
15247
15251
15252
15255
15256
15257
15261
15262
15265
15266
15267
15271
15272
15275
15276
15277
15311
15313
15315
15316
15317
15321
15322
15323
15324
15325
15326
15327
15331
15333
15335
15336
15337
15341
15342
15343
15344
15345
15346
15347
15351
15353
15355
15356
15357
15361
15363
15365
15366
15367
15371
15373
15375
15376
15377
15411
15414
15415
15416
15417
15421
15422
15423
15424
15425
15426
15427
15431
15432
15433
15434
15435
15436
15437
15441
15444
15445
15446
15447
15451
15454
15455
15456
15457
15461
15464
15465
15466
15467
15471
15474
15475
15476
15477
15511
15512
15513
15514
15515
15516
15517
15521
15522
15523
15524
15525
15526
15527
15531
15532
15533
15534
15535
15536
15537
15541
15542
15543
15544
15545
15546
15547
15551
15552
15553
15554
15555
15556
15557
15561
15562
15563
15564
15565
15566
15567
15571
15572
15573
15574
15575
15576
15577
15611
15612
15613
15614
15615
15616
15617
15621
15622
15623
15624
15625
15626
15627
15631
15632
15633
15634
15635
15636
15637
15641
15642
15643
15644
15645
15646
15647
15651
15652
15653
15654
15655
15656
15657
15661
15662
15663
15664
15665
15666
15667
15671
15672
15673
15674
15675
15676
15677
15711
15712
15713
15714
15715
15716
15717
15721
15722
15723
15724
15725
15726
15727
15731
15732
15733
15734
15735
15736
15737
15741
15742
15743
15744
15745
15746
15747
15751
15752
15753
15754
15755
15756
15757
15761
15762
15763
15764
15765
15766
15767
15771
15772
15773
15774
15775
15776
15777
16111
16112
16113
16114
16115
16116
16117
16122
16123
16124
16125
16126
16127
16132
16133
16134
16135
16136
16137
16142
16143
16144
16145
16146
16147
16152
16153
16154
16155
16156
16157
16162
16163
16164
16165
16166
16167
16172
16173
16174
16175
16176
16177
16211
16212
16215
16216
16217
16221
16222
16225
16226
16227
16231
16232
16233
16234
16235
16236
16237
16241
16242
16243
16244
16245
16246
16247
16251
16252
16255
16256
16257
16261
16262
16265
16266
16267
16271
16272
16275
16276
16277
16311
16313
16315
16316
16317
16321
16322
16323
16324
16325
16326
16327
16331
16333
16335
16336
16337
16341
16342
16343
16344
16345
16346
16347
16351
16353
16355
16356
16357
16361
16363
16365
16366
16367
16371
16373
16375
16376
16377
16411
16414
16415
16416
16417
16421
16422
16423
16424
16425
16426
16427
16431
16432
16433
16434
16435
16436
16437
16441
16444
16445
16446
16447
16451
16454
16455
16456
16457
16461
16464
16465
16466
16467
16471
16474
16475
16476
16477
16511
16512
16513
16514
16515
16516
16517
16521
16522
16523
16524
16525
16526
16527
16531
16532
16533
16534
16535
16536
16537
16541
16542
16543
16544
16545
16546
16547
16551
16552
16553
16554
16555
16556
16557
16561
16562
16563
16564
16565
16566
16567
16571
16572
16573
16574
16575
16576
16577
16611
16612
16613
16614
16615
16616
16617
16621
16622
16623
16624
16625
16626
16627
16631
16632
16633
16634
16635
16636
16637
16641
16642
16643
16644
16645
16646
16647
16651
16652
16653
16654
16655
16656
16657
16661
16662
16663
16664
16665
16666
16667
16671
16672
16673
16674
16675
16676
16677
16711
16712
16713
16714
16715
16716
16717
16721
16722
16723
16724
16725
16726
16727
16731
16732
16733
16734
16735
16736
16737
16741
16742
16743
16744
16745
16746
16747
16751
16752
16753
16754
16755
16756
16757
16761
16762
16763
16764
16765
16766
16767
16771
16772
16773
16774
16775
16776
16777
17111
17112
17113
17114
17115
17116
17117
17122
17123
17124
17125
17126
17127
17132
17133
17134
17135
17136
17137
17142
17143
17144
17145
17146
17147
17152
17153
17154
17155
17156
17157
17162
17163
17164
17165
17166
17167
17172
17173
17174
17175
17176
17177
17211
17212
17215
17216
17217
17221
17222
17225
17226
17227
17231
17232
17233
17234
17235
17236
17237
17241
17242
17243
17244
17245
17246
17247
17251
17252
17255
17256
17257
17261
17262
17265
17266
17267
17271
17272
17275
17276
17277
17311
17313
17315
17316
17317
17321
17322
17323
17324
17325
17326
17327
17331
17333
17335
17336
17337
17341
17342
17343
17344
17345
17346
17347
17351
17353
17355
17356
17357
17361
17363
17365
17366
17367
17371
17373
17375
17376
17377
17411
17414
17415
17416
17417
17421
17422
17423
17424
17425
17426
17427
17431
17432
17433
17434
17435
17436
17437
17441
17444
17445
17446
17447
17451
17454
17455
17456
17457
17461
17464
17465
17466
17467
17471
17474
17475
17476
17477
17511
17512
17513
17514
17515
17516
17517
17521
17522
17523
17524
17525
17526
17527
17531
17532
17533
17534
17535
17536
17537
17541
17542
17543
17544
17545
17546
17547
17551
17552
17553
17554
17555
17556
17557
17561
17562
17563
17564
17565
17566
17567
17571
17572
17573
17574
17575
17576
17577
17611
17612
17613
17614
17615
17616
17617
17621
17622
17623
17624
17625
17626
17627
17631
17632
17633
17634
17635
17636
17637
17641
17642
17643
17644
17645
17646
17647
17651
17652
17653
17654
17655
17656
17657
17661
17662
17663
17664
17665
17666
17667
17671
17672
17673
17674
17675
17676
17677
17711
17712
17713
17714
17715
17716
17717
17721
17722
17723
17724
17725
17726
17727
17731
17732
17733
17734
17735
17736
17737
17741
17742
17743
17744
17745
17746
17747
17751
17752
17753
17754
17755
17756
17757
17761
17762
17763
17764
17765
17766
17767
17771
17772
17773
17774
17775
17776
17777
21111
21112
21113
21114
21115
21116
21117
21121
21122
21123
21124
21125
21126
21127
21131
21132
21133
21134
21135
21136
21137
21141
21142
21143
21144
21145
21146
21147
21151
21152
21153
21154
21155
21156
21157
21161
21162
21163
21164
21165
21166
21167
21171
21172
21173
21174
21175
21176
21177
21211
21213
21214
21215
21216
21217
21221
21222
21223
21224
21225
21226
21227
21231
21233
21234
21235
21236
21237
21241
21243
21244
21245
21246
21247
21251
21253
21254
21255
21256
21257
21261
21263
21264
21265
21266
21267
21271
21273
21274
21275
21276
21277
21311
21312
21313
21316
21317
21321
21322
21323
21326
21327
21331
21332
21333
21336
21337
21341
21342
21343
21344
21345
21346
21347
21351
21352
21353
21354
21355
21356
21357
21361
21362
21363
21366
21367
21371
21372
21373
21376
21377
21411
21412
21414
21416
21417
21421
21422
21424
21426
21427
21431
21432
21433
21434
21435
21436
21437
21441
21442
21444
21446
21447
21451
21452
21453
21454
21455
21456
21457
21461
21462
21464
21466
21467
21471
21472
21474
21476
21477
21511
21512
21515
21516
21517
21521
21522
21525
21526
21527
21531
21532
21533
21534
21535
21536
21537
21541
21542
21543
21544
21545
21546
21547
21551
21552
21555
21556
21557
21561
21562
21565
21566
21567
21571
21572
21575
21576
21577
21611
21612
21613
21614
21615
21616
21617
21621
21622
21623
21624
21625
21626
21627
21631
21632
21633
21634
21635
21636
21637
21641
21642
21643
21644
21645
21646
21647
21651
21652
21653
21654
21655
21656
21657
21661
21662
21663
21664
21665
21666
21667
21671
21672
21673
21674
21675
21676
21677
21711
21712
21713
21714
21715
21716
21717
21721
21722
21723
21724
21725
21726
21727
21731
21732
21733
21734
21735
21736
21737
21741
21742
21743
21744
21745
21746
21747
21751
21752
21753
21754
21755
21756
21757
21761
21762
21763
21764
21765
21766
21767
21771
21772
21773
21774
21775
21776
21777
22111
22112
22115
22116
22117
22121
22122
22125
22126
22127
22131
22132
22133
22134
22135
22136
22137
22141
22142
22143
22144
22145
22146
22147
22151
22152
22155
22156
22157
22161
22162
22165
22166
22167
22171
22172
22175
22176
22177
22211
22212
22213
22214
22215
22216
22217
22221
22222
22223
22224
22225
22226
22227
22231
22232
22233
22234
22235
22236
22237
22241
22242
22243
22244
22245
22246
22247
22251
22252
22253
22254
22255
22256
22257
22261
22262
22263
22264
22265
22266
22267
22271
22272
22273
22274
22275
22276
22277
22311
22312
22313
22316
22317
22322
22323
22326
22327
22332
22333
22336
22337
22341
22342
22343
22344
22345
22346
22347
22352
22353
22355
22356
22357
22362
22363
22366
22367
22372
22373
22376
22377
22411
22412
22414
22416
22417
22422
22424
22426
22427
22431
22432
22433
22434
22435
22436
22437
22442
22444
22446
22447
22452
22454
22455
22456
22457
22462
22464
22466
22467
22472
22474
22476
22477
22511
22512
22515
22516
22517
22521
22522
22525
22526
22527
22531
22532
22533
22534
22535
22536
22537
22541
22542
22543
22544
22545
22546
22547
22551
22552
22555
22556
22557
22561
22562
22565
22566
22567
22571
22572
22575
22576
22577
22611
22612
22613
22614
22615
22616
22617
22621
22622
22623
22624
22625
22626
22627
22631
22632
22633
22634
22635
22636
22637
22641
22642
22643
22644
22645
22646
22647
22651
22652
22653
22654
22655
22656
22657
22661
22662
22663
22664
22665
22666
22667
22671
22672
22673
22674
22675
22676
22677
22711
22712
22713
22714
22715
22716
22717
22721
22722
22723
22724
22725
22726
22727
22731
22732
22733
22734
22735
22736
22737
22741
22742
22743
22744
22745
22746
22747
22751
22752
22753
22754
22755
22756
22757
22761
22762
22763
22764
22765
22766
22767
22771
22772
22773
22774
22775
22776
22777
23111
23112
23113
23114
23115
23116
23117
23121
23122
23123
23124
23125
23126
23127
23131
23132
23133
23134
23135
23136
23137
23141
23142
23143
23144
23145
23146
23147
23151
23152
23153
23154
23155
23156
23157
23161
23162
23163
23164
23165
23166
23167
23171
23172
23173
23174
23175
23176
23177
23211
23213
23214
23215
23216
23217
23221
23222
23223
23224
23225
23226
23227
23231
23233
23234
23235
23236
23237
23241
23243
23244
23245
23246
23247
23251
23253
23254
23255
23256
23257
23261
23263
23264
23265
23266
23267
23271
23273
23274
23275
23276
23277
23311
23312
23313
23314
23315
23316
23317
23321
23322
23323
23324
23325
23326
23327
23331
23332
23333
23334
23335
23336
23337
23341
23342
23343
23344
23345
23346
23347
23351
23352
23353
23354
23355
23356
23357
23361
23362
23363
23364
23365
23366
23367
23371
23372
23373
23374
23375
23376
23377
23411
23412
23413
23414
23415
23416
23417
23421
23422
23423
23424
23425
23426
23427
23431
23432
23433
23434
23435
23436
23437
23441
23442
23443
23444
23445
23446
23447
23451
23452
23453
23454
23455
23456
23457
23461
23462
23463
23464
23465
23466
23467
23471
23472
23473
23474
23475
23476
23477
23511
23512
23513
23514
23515
23516
23517
23521
23522
23523
23524
23525
23526
23527
23531
23532
23533
23534
23535
23536
23537
23541
23542
23543
23544
23545
23546
23547
23551
23552
23553
23554
23555
23556
23557
23561
23562
23563
23564
23565
23566
23567
23571
23572
23573
23574
23575
23576
23577
23611
23612
23613
23614
23615
23616
23617
23621
23622
23623
23624
23625
23626
23627
23631
23632
23633
23634
23635
23636
23637
23641
23642
23643
23644
23645
23646
23647
23651
23652
23653
23654
23655
23656
23657
23661
23662
23663
23664
23665
23666
23667
23671
23672
23673
23674
23675
23676
23677
23711
23712
23713
23714
23715
23716
23717
23721
23722
23723
23724
23725
23726
23727
23731
23732
23733
23734
23735
23736
23737
23741
23742
23743
23744
23745
23746
23747
23751
23752
23753
23754
23755
23756
23757
23761
23762
23763
23764
23765
23766
23767
23771
23772
23773
23774
23775
23776
23777
24111
24112
24113
24114
24115
24116
24117
24121
24122
24123
24124
24125
24126
24127
24131
24132
24133
24134
24135
24136
24137
24141
24142
24143
24144
24145
24146
24147
24151
24152
24153
24154
24155
24156
24157
24161
24162
24163
24164
24165
24166
24167
24171
24172
24173
24174
24175
24176
24177
24211
24213
24214
24215
24216
24217
24221
24222
24223
24224
24225
24226
24227
24231
24233
24234
24235
24236
24237
24241
24243
24244
24245
24246
24247
24251
24253
24254
24255
24256
24257
24261
24263
24264
24265
24266
24267
24271
24273
24274
24275
24276
24277
24311
24312
24313
24314
24315
24316
24317
24321
24322
24323
24324
24325
24326
24327
24331
24332
24333
24334
24335
24336
24337
24341
24342
24343
24344
24345
24346
24347
24351
24352
24353
24354
24355
24356
24357
24361
24362
24363
24364
24365
24366
24367
24371
24372
24373
24374
24375
24376
24377
24411
24412
24413
24414
24415
24416
24417
24421
24422
24423
24424
24425
24426
24427
24431
24432
24433
24434
24435
24436
24437
24441
24442
24443
24444
24445
24446
24447
24451
24452
24453
24454
24455
24456
24457
24461
24462
24463
24464
24465
24466
24467
24471
24472
24473
24474
24475
24476
24477
24511
24512
24513
24514
24515
24516
24517
24521
24522
24523
24524
24525
24526
24527
24531
24532
24533
24534
24535
24536
24537
24541
24542
24543
24544
24545
24546
24547
24551
24552
24553
24554
24555
24556
24557
24561
24562
24563
24564
24565
24566
24567
24571
24572
24573
24574
24575
24576
24577
24611
24612
24613
24614
24615
24616
24617
24621
24622
24623
24624
24625
24626
24627
24631
24632
24633
24634
24635
24636
24637
24641
24642
24643
24644
24645
24646
24647
24651
24652
24653
24654
24655
24656
24657
24661
24662
24663
24664
24665
24666
24667
24671
24672
24673
24674
24675
24676
24677
24711
24712
24713
24714
24715
24716
24717
24721
24722
24723
24724
24725
24726
24727
24731
24732
24733
24734
24735
24736
24737
24741
24742
24743
24744
24745
24746
24747
24751
24752
24753
24754
24755
24756
24757
24761
24762
24763
24764
24765
24766
24767
24771
24772
24773
24774
24775
24776
24777
25111
25112
25115
25116
25117
25121
25122
25125
25126
25127
25131
25132
25133
25134
25135
25136
25137
25141
25142
25143
25144
25145
25146
25147
25151
25152
25155
25156
25157
25161
25162
25165
25166
25167
25171
25172
25175
25176
25177
25211
25213
25214
25215
25216
25217
25221
25222
25223
25224
25225
25226
25227
25231
25233
25234
25235
25236
25237
25241
25243
25244
25245
25246
25247
25251
25253
25254
25255
25256
25257
25261
25263
25264
25265
25266
25267
25271
25273
25274
25275
25276
25277
25311
25312
25313
25314
25315
25316
25317
25322
25323
25325
25326
25327
25332
25333
25335
25336
25337
25341
25342
25343
25344
25345
25346
25347
25352
25353
25355
25356
25357
25362
25363
25365
25366
25367
25372
25373
25375
25376
25377
25411
25412
25413
25414
25415
25416
25417
25422
25424
25425
25426
25427
25431
25432
25433
25434
25435
25436
25437
25442
25444
25445
25446
25447
25452
25454
25455
25456
25457
25462
25464
25465
25466
25467
25472
25474
25475
25476
25477
25511
25512
25513
25514
25515
25516
25517
25521
25522
25523
25524
25525
25526
25527
25531
25532
25533
25534
25535
25536
25537
25541
25542
25543
25544
25545
25546
25547
25551
25552
25553
25554
25555
25556
25557
25561
25562
25563
25564
25565
25566
25567
25571
25572
25573
25574
25575
25576
25577
25611
25612
25613
25614
25615
25616
25617
25621
25622
25623
25624
25625
25626
25627
25631
25632
25633
25634
25635
25636
25637
25641
25642
25643
25644
25645
25646
25647
25651
25652
25653
25654
25655
25656
25657
25661
25662
25663
25664
25665
25666
25667
25671
25672
25673
25674
25675
25676
25677
25711
25712
25713
25714
25715
25716
25717
25721
25722
25723
25724
25725
25726
25727
25731
25732
25733
25734
25735
25736
25737
25741
25742
25743
25744
25745
25746
25747
25751
25752
25753
25754
25755
25756
25757
25761
25762
25763
25764
25765
25766
25767
25771
25772
25773
25774
25775
25776
25777
26111
26112
26115
26116
26117
26121
26122
26125
26126
26127
26131
26132
26133
26134
26135
26136
26137
26141
26142
26143
26144
26145
26146
26147
26151
26152
26155
26156
26157
26161
26162
26165
26166
26167
26171
26172
26175
26176
26177
26211
26213
26214
26215
26216
26217
26221
26222
26223
26224
26225
26226
26227
26231
26233
26234
26235
26236
26237
26241
26243
26244
26245
26246
26247
26251
26253
26254
26255
26256
26257
26261
26263
26264
26265
26266
26267
26271
26273
26274
26275
26276
26277
26311
26312
26313
26316
26317
26322
26323
26326
26327
26332
26333
26336
26337
26341
26342
26343
26344
26345
26346
26347
26352
26353
26355
26356
26357
26362
26363
26366
26367
26372
26373
26376
26377
26411
26412
26414
26416
26417
26422
26424
26426
26427
26431
26432
26433
26434
26435
26436
26437
26442
26444
26446
26447
26452
26454
26455
26456
26457
26462
26464
26466
26467
26472
26474
26476
26477
26511
26512
26515
26516
26517
26521
26522
26525
26526
26527
26531
26532
26533
26534
26535
26536
26537
26541
26542
26543
26544
26545
26546
26547
26551
26552
26555
26556
26557
26561
26562
26565
26566
26567
26571
26572
26575
26576
26577
26611
26612
26613
26614
26615
26616
26617
26621
26622
26623
26624
26625
26626
26627
26631
26632
26633
26634
26635
26636
26637
26641
26642
26643
26644
26645
26646
26647
26651
26652
26653
26654
26655
26656
26657
26661
26662
26663
26664
26665
26666
26667
26671
26672
26673
26674
26675
26676
26677
26711
26712
26713
26714
26715
26716
26717
26721
26722
26723
26724
26725
26726
26727
26731
26732
26733
26734
26735
26736
26737
26741
26742
26743
26744
26745
26746
26747
26751
26752
26753
26754
26755
26756
26757
26761
26762
26763
26764
26765
26766
26767
26771
26772
26773
26774
26775
26776
26777
27111
27112
27115
27116
27117
27121
27122
27125
27126
27127
27131
27132
27133
27134
27135
27136
27137
27141
27142
27143
27144
27145
27146
27147
27151
27152
27155
27156
27157
27161
27162
27165
27166
27167
27171
27172
27175
27176
27177
27211
27213
27214
27215
27216
27217
27221
27222
27223
27224
27225
27226
27227
27231
27233
27234
27235
27236
27237
27241
27243
27244
27245
27246
27247
27251
27253
27254
27255
27256
27257
27261
27263
27264
27265
27266
27267
27271
27273
27274
27275
27276
27277
27311
27312
27313
27316
27317
27322
27323
27326
27327
27332
27333
27336
27337
27341
27342
27343
27344
27345
27346
27347
27352
27353
27355
27356
27357
27362
27363
27366
27367
27372
27373
27376
27377
27411
27412
27414
27416
27417
27422
27424
27426
27427
27431
27432
27433
27434
27435
27436
27437
27442
27444
27446
27447
27452
27454
27455
27456
27457
27462
27464
27466
27467
27472
27474
27476
27477
27511
27512
27515
27516
27517
27521
27522
27525
27526
27527
27531
27532
27533
27534
27535
27536
27537
27541
27542
27543
27544
27545
27546
27547
27551
27552
27555
27556
27557
27561
27562
27565
27566
27567
27571
27572
27575
27576
27577
27611
27612
27613
27614
27615
27616
27617
27621
27622
27623
27624
27625
27626
27627
27631
27632
27633
27634
27635
27636
27637
27641
27642
27643
27644
27645
27646
27647
27651
27652
27653
27654
27655
27656
27657
27661
27662
27663
27664
27665
27666
27667
27671
27672
27673
27674
27675
27676
27677
27711
27712
27713
27714
27715
27716
27717
27721
27722
27723
27724
27725
27726
27727
27731
27732
27733
27734
27735
27736
27737
27741
27742
27743
27744
27745
27746
27747
27751
27752
27753
27754
27755
27756
27757
27761
27762
27763
27764
27765
27766
27767
27771
27772
27773
27774
27775
27776
27777
31111
31112
31113
31114
31115
31116
31117
31121
31122
31123
31124
31125
31126
31127
31131
31132
31133
31134
31135
31136
31137
31141
31142
31143
31144
31145
31146
31147
31151
31152
31153
31154
31155
31156
31157
31161
31162
31163
31164
31165
31166
31167
31171
31172
31173
31174
31175
31176
31177
31211
31212
31213
31216
31217
31221
31222
31223
31226
31227
31231
31232
31233
31236
31237
31241
31242
31243
31244
31245
31246
31247
31251
31252
31253
31254
31255
31256
31257
31261
31262
31263
31266
31267
31271
31272
31273
31276
31277
31311
31312
31314
31315
31316
31317
31321
31322
31324
31325
31326
31327
31331
31332
31333
31334
31335
31336
31337
31341
31342
31344
31345
31346
31347
31351
31352
31354
31355
31356
31357
31361
31362
31364
31365
31366
31367
31371
31372
31374
31375
31376
31377
31411
31413
31414
31417
31421
31422
31423
31424
31427
31431
31433
31434
31437
31441
31443
31444
31447
31451
31452
31453
31454
31455
31456
31457
31461
31463
31464
31466
31467
31471
31473
31474
31477
31511
31513
31515
31517
31521
31522
31523
31525
31527
31531
31533
31535
31537
31541
31542
31543
31544
31545
31546
31547
31551
31553
31555
31557
31561
31563
31565
31566
31567
31571
31573
31575
31577
31611
31612
31613
31616
31617
31621
31622
31623
31626
31627
31631
31632
31633
31636
31637
31641
31642
31643
31644
31645
31646
31647
31651
31652
31653
31654
31655
31656
31657
31661
31662
31663
31666
31667
31671
31672
31673
31676
31677
31711
31712
31713
31714
31715
31716
31717
31721
31722
31723
31724
31725
31726
31727
31731
31732
31733
31734
31735
31736
31737
31741
31742
31743
31744
31745
31746
31747
31751
31752
31753
31754
31755
31756
31757
31761
31762
31763
31764
31765
31766
31767
31771
31772
31773
31774
31775
31776
31777
32111
32112
32113
32114
32115
32116
32117
32121
32122
32123
32124
32125
32126
32127
32131
32132
32133
32134
32135
32136
32137
32141
32142
32143
32144
32145
32146
32147
32151
32152
32153
32154
32155
32156
32157
32161
32162
32163
32164
32165
32166
32167
32171
32172
32173
32174
32175
32176
32177
32211
32212
32213
32214
32215
32216
32217
32221
32222
32223
32224
32225
32226
32227
32231
32232
32233
32234
32235
32236
32237
32241
32242
32243
32244
32245
32246
32247
32251
32252
32253
32254
32255
32256
32257
32261
32262
32263
32264
32265
32266
32267
32271
32272
32273
32274
32275
32276
32277
32311
32312
32314
32315
32316
32317
32321
32322
32324
32325
32326
32327
32331
32332
32333
32334
32335
32336
32337
32341
32342
32344
32345
32346
32347
32351
32352
32354
32355
32356
32357
32361
32362
32364
32365
32366
32367
32371
32372
32374
32375
32376
32377
32411
32412
32413
32414
32417
32421
32422
32423
32424
32427
32431
32432
32433
32434
32437
32441
32442
32443
32444
32447
32451
32452
32453
32454
32455
32456
32457
32461
32462
32463
32464
32465
32466
32467
32471
32472
32473
32474
32477
32511
32512
32513
32515
32517
32521
32522
32523
32525
32527
32531
32532
32533
32535
32537
32541
32542
32543
32544
32545
32546
32547
32551
32552
32553
32555
32557
32561
32562
32563
32564
32565
32566
32567
32571
32572
32573
32575
32577
32611
32612
32613
32616
32617
32621
32622
32623
32626
32627
32631
32632
32633
32636
32637
32641
32642
32643
32644
32645
32646
32647
32651
32652
32653
32654
32655
32656
32657
32661
32662
32663
32666
32667
32671
32672
32673
32676
32677
32711
32712
32713
32714
32715
32716
32717
32721
32722
32723
32724
32725
32726
32727
32731
32732
32733
32734
32735
32736
32737
32741
32742
32743
32744
32745
32746
32747
32751
32752
32753
32754
32755
32756
32757
32761
32762
32763
32764
32765
32766
32767
32771
32772
32773
32774
32775
32776
32777
33111
33113
33115
33116
33117
33121
33122
33123
33124
33125
33126
33127
33131
33133
33135
33136
33137
33141
33142
33143
33144
33145
33146
33147
33151
33153
33155
33156
33157
33161
33163
33165
33166
33167
33171
33173
33175
33176
33177
33211
33212
33213
33216
33217
33222
33223
33226
33227
33232
33233
33236
33237
33241
33242
33243
33244
33245
33246
33247
33252
33253
33255
33256
33257
33262
33263
33266
33267
33272
33273
33276
33277
33311
33312
33313
33314
33315
33316
33317
33321
33322
33323
33324
33325
33326
33327
33331
33332
33333
33334
33335
33336
33337
33341
33342
33343
33344
33345
33346
33347
33351
33352
33353
33354
33355
33356
33357
33361
33362
33363
33364
33365
33366
33367
33371
33372
33373
33374
33375
33376
33377
33411
33413
33414
33417
33421
33422
33423
33424
33427
33433
33434
33437
33443
33444
33447
33453
33454
33455
33456
33457
33463
33464
33466
33467
33473
33474
33477
33511
33513
33515
33517
33521
33522
33523
33525
33527
33531
33533
33535
33537
33541
33542
33543
33544
33545
33546
33547
33551
33553
33555
33557
33561
33563
33565
33566
33567
33571
33573
33575
33577
33611
33612
33613
33616
33617
33621
33622
33623
33626
33627
33631
33632
33633
33636
33637
33641
33642
33643
33644
33645
33646
33647
33651
33652
33653
33654
33655
33656
33657
33661
33662
33663
33666
33667
33671
33672
33673
33676
33677
33711
33712
33713
33714
33715
33716
33717
33721
33722
33723
33724
33725
33726
33727
33731
33732
33733
33734
33735
33736
33737
33741
33742
33743
33744
33745
33746
33747
33751
33752
33753
33754
33755
33756
33757
33761
33762
33763
33764
33765
33766
33767
33771
33772
33773
33774
33775
33776
33777
34111
34112
34113
34114
34115
34116
34117
34121
34122
34123
34124
34125
34126
34127
34131
34132
34133
34134
34135
34136
34137
34141
34142
34143
34144
34145
34146
34147
34151
34152
34153
34154
34155
34156
34157
34161
34162
34163
34164
34165
34166
34167
34171
34172
34173
34174
34175
34176
34177
34211
34212
34213
34214
34215
34216
34217
34221
34222
34223
34224
34225
34226
34227
34231
34232
34233
34234
34235
34236
34237
34241
34242
34243
34244
34245
34246
34247
34251
34252
34253
34254
34255
34256
34257
34261
34262
34263
34264
34265
34266
34267
34271
34272
34273
34274
34275
34276
34277
34311
34312
34314
34315
34316
34317
34321
34322
34324
34325
34326
34327
34331
34332
34333
34334
34335
34336
34337
34341
34342
34344
34345
34346
34347
34351
34352
34354
34355
34356
34357
34361
34362
34364
34365
34366
34367
34371
34372
34374
34375
34376
34377
34411
34412
34413
34414
34415
34416
34417
34421
34422
34423
34424
34425
34426
34427
34431
34432
34433
34434
34435
34436
34437
34441
34442
34443
34444
34445
34446
34447
34451
34452
34453
34454
34455
34456
34457
34461
34462
34463
34464
34465
34466
34467
34471
34472
34473
34474
34475
34476
34477
34511
34512
34513
34514
34515
34516
34517
34521
34522
34523
34524
34525
34526
34527
34531
34532
34533
34534
34535
34536
34537
34541
34542
34543
34544
34545
34546
34547
34551
34552
34553
34554
34555
34556
34557
34561
34562
34563
34564
34565
34566
34567
34571
34572
34573
34574
34575
34576
34577
34611
34612
34613
34614
34615
34616
34617
34621
34622
34623
34624
34625
34626
34627
34631
34632
34633
34634
34635
34636
34637
34641
34642
34643
34644
34645
34646
34647
34651
34652
34653
34654
34655
34656
34657
34661
34662
34663
34664
34665
34666
34667
34671
34672
34673
34674
34675
34676
34677
34711
34712
34713
34714
34715
34716
34717
34721
34722
34723
34724
34725
34726
34727
34731
34732
34733
34734
34735
34736
34737
34741
34742
34743
34744
34745
34746
34747
34751
34752
34753
34754
34755
34756
34757
34761
34762
34763
34764
34765
34766
34767
34771
34772
34773
34774
34775
34776
34777
35111
35113
35115
35116
35117
35121
35122
35123
35124
35125
35126
35127
35131
35133
35135
35136
35137
35141
35142
35143
35144
35145
35146
35147
35151
35153
35155
35156
35157
35161
35163
35165
35166
35167
35171
35173
35175
35176
35177
35211
35212
35213
35214
35215
35216
35217
35222
35223
35225
35226
35227
35232
35233
35235
35236
35237
35241
35242
35243
35244
35245
35246
35247
35252
35253
35255
35256
35257
35262
35263
35265
35266
35267
35272
35273
35275
35276
35277
35311
35312
35314
35315
35316
35317
35321
35322
35324
35325
35326
35327
35331
35332
35333
35334
35335
35336
35337
35341
35342
35344
35345
35346
35347
35351
35352
35354
35355
35356
35357
35361
35362
35364
35365
35366
35367
35371
35372
35374
35375
35376
35377
35411
35412
35413
35414
35415
35416
35417
35421
35422
35423
35424
35425
35426
35427
35433
35434
35435
35436
35437
35443
35444
35445
35446
35447
35453
35454
35455
35456
35457
35463
35464
35465
35466
35467
35473
35474
35475
35476
35477
35511
35512
35513
35514
35515
35516
35517
35521
35522
35523
35524
35525
35526
35527
35531
35532
35533
35534
35535
35536
35537
35541
35542
35543
35544
35545
35546
35547
35551
35552
35553
35554
35555
35556
35557
35561
35562
35563
35564
35565
35566
35567
35571
35572
35573
35574
35575
35576
35577
35611
35612
35613
35614
35615
35616
35617
35621
35622
35623
35624
35625
35626
35627
35631
35632
35633
35634
35635
35636
35637
35641
35642
35643
35644
35645
35646
35647
35651
35652
35653
35654
35655
35656
35657
35661
35662
35663
35664
35665
35666
35667
35671
35672
35673
35674
35675
35676
35677
35711
35712
35713
35714
35715
35716
35717
35721
35722
35723
35724
35725
35726
35727
35731
35732
35733
35734
35735
35736
35737
35741
35742
35743
35744
35745
35746
35747
35751
35752
35753
35754
35755
35756
35757
35761
35762
35763
35764
35765
35766
35767
35771
35772
35773
35774
35775
35776
35777
36111
36113
36115
36116
36117
36121
36122
36123
36124
36125
36126
36127
36131
36133
36135
36136
36137
36141
36142
36143
36144
36145
36146
36147
36151
36153
36155
36156
36157
36161
36163
36165
36166
36167
36171
36173
36175
36176
36177
36211
36212
36213
36216
36217
36222
36223
36226
36227
36232
36233
36236
36237
36241
36242
36243
36244
36245
36246
36247
36252
36253
36255
36256
36257
36262
36263
36266
36267
36272
36273
36276
36277
36311
36312
36314
36315
36316
36317
36321
36322
36324
36325
36326
36327
36331
36332
36333
36334
36335
36336
36337
36341
36342
36344
36345
36346
36347
36351
36352
36354
36355
36356
36357
36361
36362
36364
36365
36366
36367
36371
36372
36374
36375
36376
36377
36411
36413
36414
36416
36417
36421
36422
36423
36424
36425
36426
36427
36433
36434
36436
36437
36443
36444
36446
36447
36453
36454
36455
36456
36457
36463
36464
36466
36467
36473
36474
36476
36477
36511
36513
36515
36516
36517
36521
36522
36523
36524
36525
36526
36527
36531
36533
36535
36536
36537
36541
36542
36543
36544
36545
36546
36547
36551
36553
36555
36556
36557
36561
36563
36565
36566
36567
36571
36573
36575
36576
36577
36611
36612
36613
36614
36615
36616
36617
36621
36622
36623
36624
36625
36626
36627
36631
36632
36633
36634
36635
36636
36637
36641
36642
36643
36644
36645
36646
36647
36651
36652
36653
36654
36655
36656
36657
36661
36662
36663
36664
36665
36666
36667
36671
36672
36673
36674
36675
36676
36677
36711
36712
36713
36714
36715
36716
36717
36721
36722
36723
36724
36725
36726
36727
36731
36732
36733
36734
36735
36736
36737
36741
36742
36743
36744
36745
36746
36747
36751
36752
36753
36754
36755
36756
36757
36761
36762
36763
36764
36765
36766
36767
36771
36772
36773
36774
36775
36776
36777
37111
37113
37115
37116
37117
37121
37122
37123
37124
37125
37126
37127
37131
37133
37135
37136
37137
37141
37142
37143
37144
37145
37146
37147
37151
37153
37155
37156
37157
37161
37163
37165
37166
37167
37171
37173
37175
37176
37177
37211
37212
37213
37216
37217
37222
37223
37226
37227
37232
37233
37236
37237
37241
37242
37243
37244
37245
37246
37247
37252
37253
37255
37256
37257
37262
37263
37266
37267
37272
37273
37276
37277
37311
37312
37314
37315
37316
37317
37321
37322
37324
37325
37326
37327
37331
37332
37333
37334
37335
37336
37337
37341
37342
37344
37345
37346
37347
37351
37352
37354
37355
37356
37357
37361
37362
37364
37365
37366
37367
37371
37372
37374
37375
37376
37377
37411
37413
37414
37417
37421
37422
37423
37424
37427
37433
37434
37437
37443
37444
37447
37453
37454
37455
37456
37457
37463
37464
37466
37467
37473
37474
37477
37511
37513
37515
37517
37521
37522
37523
37525
37527
37531
37533
37535
37537
37541
37542
37543
37544
37545
37546
37547
37551
37553
37555
37557
37561
37563
37565
37566
37567
37571
37573
37575
37577
37611
37612
37613
37616
37617
37621
37622
37623
37626
37627
37631
37632
37633
37636
37637
37641
37642
37643
37644
37645
37646
37647
37651
37652
37653
37654
37655
37656
37657
37661
37662
37663
37666
37667
37671
37672
37673
37676
37677
37711
37712
37713
37714
37715
37716
37717
37721
37722
37723
37724
37725
37726
37727
37731
37732
37733
37734
37735
37736
37737
37741
37742
37743
37744
37745
37746
37747
37751
37752
37753
37754
37755
37756
37757
37761
37762
37763
37764
37765
37766
37767
37771
37772
37773
37774
37775
37776
37777
41111
41112
41113
41114
41115
41116
41117
41121
41122
41123
41124
41125
41126
41127
41131
41132
41133
41134
41135
41136
41137
41141
41142
41143
41144
41145
41146
41147
41151
41152
41153
41154
41155
41156
41157
41161
41162
41163
41164
41165
41166
41167
41171
41172
41173
41174
41175
41176
41177
41211
41212
41214
41216
41217
41221
41222
41224
41226
41227
41231
41232
41233
41234
41235
41236
41237
41241
41242
41244
41246
41247
41251
41252
41253
41254
41255
41256
41257
41261
41262
41264
41266
41267
41271
41272
41274
41276
41277
41311
41313
41314
41317
41321
41322
41323
41324
41327
41331
41333
41334
41337
41341
41343
41344
41347
41351
41352
41353
41354
41355
41356
41357
41361
41363
41364
41366
41367
41371
41373
41374
41377
41411
41412
41413
41415
41416
41417
41421
41422
41423
41425
41426
41427
41431
41432
41433
41435
41436
41437
41441
41442
41443
41444
41445
41446
41447
41451
41452
41453
41455
41456
41457
41461
41462
41463
41465
41466
41467
41471
41472
41473
41475
41476
41477
41511
41514
41515
41521
41522
41524
41525
41531
41532
41533
41534
41535
41541
41544
41545
41551
41554
41555
41561
41564
41565
41566
41567
41571
41574
41575
41577
41611
41612
41614
41616
41621
41622
41624
41626
41631
41632
41633
41634
41636
41641
41642
41644
41646
41651
41652
41653
41654
41655
41656
41657
41661
41662
41664
41666
41671
41672
41674
41676
41677
41711
41712
41713
41714
41717
41721
41722
41723
41724
41727
41731
41732
41733
41734
41737
41741
41742
41743
41744
41747
41751
41752
41753
41754
41755
41756
41757
41761
41762
41763
41764
41765
41766
41767
41771
41772
41773
41774
41777
42111
42112
42113
42114
42115
42116
42117
42121
42122
42123
42124
42125
42126
42127
42131
42132
42133
42134
42135
42136
42137
42141
42142
42143
42144
42145
42146
42147
42151
42152
42153
42154
42155
42156
42157
42161
42162
42163
42164
42165
42166
42167
42171
42172
42173
42174
42175
42176
42177
42211
42212
42213
42214
42215
42216
42217
42221
42222
42223
42224
42225
42226
42227
42231
42232
42233
42234
42235
42236
42237
42241
42242
42243
42244
42245
42246
42247
42251
42252
42253
42254
42255
42256
42257
42261
42262
42263
42264
42265
42266
42267
42271
42272
42273
42274
42275
42276
42277
42311
42312
42313
42314
42317
42321
42322
42323
42324
42327
42331
42332
42333
42334
42337
42341
42342
42343
42344
42347
42351
42352
42353
42354
42355
42356
42357
42361
42362
42363
42364
42365
42366
42367
42371
42372
42373
42374
42377
42411
42412
42413
42415
42416
42417
42421
42422
42423
42425
42426
42427
42431
42432
42433
42435
42436
42437
42441
42442
42443
42444
42445
42446
42447
42451
42452
42453
42455
42456
42457
42461
42462
42463
42465
42466
42467
42471
42472
42473
42475
42476
42477
42511
42512
42514
42515
42521
42522
42524
42525
42531
42532
42533
42534
42535
42541
42542
42544
42545
42551
42552
42554
42555
42561
42562
42563
42564
42565
42566
42567
42571
42572
42574
42575
42577
42611
42612
42614
42616
42621
42622
42624
42626
42631
42632
42633
42634
42636
42641
42642
42644
42646
42651
42652
42653
42654
42655
42656
42657
42661
42662
42664
42666
42671
42672
42674
42676
42677
42711
42712
42713
42714
42717
42721
42722
42723
42724
42727
42731
42732
42733
42734
42737
42741
42742
42743
42744
42747
42751
42752
42753
42754
42755
42756
42757
42761
42762
42763
42764
42765
42766
42767
42771
42772
42773
42774
42777
43111
43112
43113
43114
43115
43116
43117
43121
43122
43123
43124
43125
43126
43127
43131
43132
43133
43134
43135
43136
43137
43141
43142
43143
43144
43145
43146
43147
43151
43152
43153
43154
43155
43156
43157
43161
43162
43163
43164
43165
43166
43167
43171
43172
43173
43174
43175
43176
43177
43211
43212
43213
43214
43215
43216
43217
43221
43222
43223
43224
43225
43226
43227
43231
43232
43233
43234
43235
43236
43237
43241
43242
43243
43244
43245
43246
43247
43251
43252
43253
43254
43255
43256
43257
43261
43262
43263
43264
43265
43266
43267
43271
43272
43273
43274
43275
43276
43277
43311
43312
43313
43314
43315
43316
43317
43321
43322
43323
43324
43325
43326
43327
43331
43332
43333
43334
43335
43336
43337
43341
43342
43343
43344
43345
43346
43347
43351
43352
43353
43354
43355
43356
43357
43361
43362
43363
43364
43365
43366
43367
43371
43372
43373
43374
43375
43376
43377
43411
43412
43413
43415
43416
43417
43421
43422
43423
43425
43426
43427
43431
43432
43433
43435
43436
43437
43441
43442
43443
43444
43445
43446
43447
43451
43452
43453
43455
43456
43457
43461
43462
43463
43465
43466
43467
43471
43472
43473
43475
43476
43477
43511
43512
43513
43514
43515
43521
43522
43523
43524
43525
43531
43532
43533
43534
43535
43541
43542
43543
43544
43545
43551
43552
43553
43554
43555
43561
43562
43563
43564
43565
43566
43567
43571
43572
43573
43574
43575
43576
43577
43611
43612
43613
43614
43616
43621
43622
43623
43624
43626
43631
43632
43633
43634
43636
43641
43642
43643
43644
43646
43651
43652
43653
43654
43655
43656
43657
43661
43662
43663
43664
43666
43671
43672
43673
43674
43675
43676
43677
43711
43712
43713
43714
43717
43721
43722
43723
43724
43727
43731
43732
43733
43734
43737
43741
43742
43743
43744
43747
43751
43752
43753
43754
43755
43756
43757
43761
43762
43763
43764
43765
43766
43767
43771
43772
43773
43774
43777
44111
44114
44115
44116
44117
44121
44122
44123
44124
44125
44126
44127
44131
44132
44133
44134
44135
44136
44137
44141
44144
44145
44146
44147
44151
44154
44155
44156
44157
44161
44164
44165
44166
44167
44171
44174
44175
44176
44177
44211
44212
44214
44216
44217
44222
44224
44226
44227
44231
44232
44233
44234
44235
44236
44237
44242
44244
44246
44247
44252
44254
44255
44256
44257
44262
44264
44266
44267
44272
44274
44276
44277
44311
44313
44314
44317
44321
44322
44323
44324
44327
44333
44334
44337
44343
44344
44347
44353
44354
44355
44356
44357
44363
44364
44366
44367
44373
44374
44377
44411
44412
44413
44414
44415
44416
44417
44421
44422
44423
44424
44425
44426
44427
44431
44432
44433
44434
44435
44436
44437
44441
44442
44443
44444
44445
44446
44447
44451
44452
44453
44454
44455
44456
44457
44461
44462
44463
44464
44465
44466
44467
44471
44472
44473
44474
44475
44476
44477
44511
44514
44515
44521
44522
44524
44525
44531
44532
44533
44534
44535
44541
44544
44545
44551
44554
44555
44561
44564
44565
44566
44567
44571
44574
44575
44577
44611
44612
44614
44616
44621
44622
44624
44626
44631
44632
44633
44634
44636
44641
44642
44644
44646
44651
44652
44653
44654
44655
44656
44657
44661
44662
44664
44666
44671
44672
44674
44676
44677
44711
44712
44713
44714
44717
44721
44722
44723
44724
44727
44731
44732
44733
44734
44737
44741
44742
44743
44744
44747
44751
44752
44753
44754
44755
44756
44757
44761
44762
44763
44764
44765
44766
44767
44771
44772
44773
44774
44777
45111
45114
45115
45116
45117
45121
45122
45123
45124
45125
45126
45127
45131
45132
45133
45134
45135
45136
45137
45141
45144
45145
45146
45147
45151
45154
45155
45156
45157
45161
45164
45165
45166
45167
45171
45174
45175
45176
45177
45211
45212
45213
45214
45215
45216
45217
45222
45224
45225
45226
45227
45231
45232
45233
45234
45235
45236
45237
45242
45244
45245
45246
45247
45252
45254
45255
45256
45257
45262
45264
45265
45266
45267
45272
45274
45275
45276
45277
45311
45312
45313
45314
45315
45316
45317
45321
45322
45323
45324
45325
45326
45327
45333
45334
45335
45336
45337
45343
45344
45345
45346
45347
45353
45354
45355
45356
45357
45363
45364
45365
45366
45367
45373
45374
45375
45376
45377
45411
45412
45413
45415
45416
45417
45421
45422
45423
45425
45426
45427
45431
45432
45433
45435
45436
45437
45441
45442
45443
45444
45445
45446
45447
45451
45452
45453
45455
45456
45457
45461
45462
45463
45465
45466
45467
45471
45472
45473
45475
45476
45477
45511
45512
45513
45514
45515
45516
45517
45521
45522
45523
45524
45525
45526
45527
45531
45532
45533
45534
45535
45536
45537
45541
45542
45543
45544
45545
45546
45547
45551
45552
45553
45554
45555
45556
45557
45561
45562
45563
45564
45565
45566
45567
45571
45572
45573
45574
45575
45576
45577
45611
45612
45613
45614
45615
45616
45617
45621
45622
45623
45624
45625
45626
45627
45631
45632
45633
45634
45635
45636
45637
45641
45642
45643
45644
45645
45646
45647
45651
45652
45653
45654
45655
45656
45657
45661
45662
45663
45664
45665
45666
45667
45671
45672
45673
45674
45675
45676
45677
45711
45712
45713
45714
45715
45716
45717
45721
45722
45723
45724
45725
45726
45727
45731
45732
45733
45734
45735
45736
45737
45741
45742
45743
45744
45745
45746
45747
45751
45752
45753
45754
45755
45756
45757
45761
45762
45763
45764
45765
45766
45767
45771
45772
45773
45774
45775
45776
45777
46111
46114
46115
46116
46117
46121
46122
46123
46124
46125
46126
46127
46131
46132
46133
46134
46135
46136
46137
46141
46144
46145
46146
46147
46151
46154
46155
46156
46157
46161
46164
46165
46166
46167
46171
46174
46175
46176
46177
46211
46212
46214
46216
46217
46222
46224
46226
46227
46231
46232
46233
46234
46235
46236
46237
46242
46244
46246
46247
46252
46254
46255
46256
46257
46262
46264
46266
46267
46272
46274
46276
46277
46311
46313
46314
46316
46317
46321
46322
46323
46324
46325
46326
46327
46333
46334
46336
46337
46343
46344
46346
46347
46353
46354
46355
46356
46357
46363
46364
46366
46367
46373
46374
46376
46377
46411
46412
46413
46415
46416
46417
46421
46422
46423
46425
46426
46427
46431
46432
46433
46435
46436
46437
46441
46442
46443
46444
46445
46446
46447
46451
46452
46453
46455
46456
46457
46461
46462
46463
46465
46466
46467
46471
46472
46473
46475
46476
46477
46511
46514
46515
46516
46517
46521
46522
46523
46524
46525
46526
46527
46531
46532
46533
46534
46535
46536
46537
46541
46544
46545
46546
46547
46551
46554
46555
46556
46557
46561
46564
46565
46566
46567
46571
46574
46575
46576
46577
46611
46612
46613
46614
46615
46616
46617
46621
46622
46623
46624
46625
46626
46627
46631
46632
46633
46634
46635
46636
46637
46641
46642
46643
46644
46645
46646
46647
46651
46652
46653
46654
46655
46656
46657
46661
46662
46663
46664
46665
46666
46667
46671
46672
46673
46674
46675
46676
46677
46711
46712
46713
46714
46715
46716
46717
46721
46722
46723
46724
46725
46726
46727
46731
46732
46733
46734
46735
46736
46737
46741
46742
46743
46744
46745
46746
46747
46751
46752
46753
46754
46755
46756
46757
46761
46762
46763
46764
46765
46766
46767
46771
46772
46773
46774
46775
46776
46777
47111
47114
47115
47116
47117
47121
47122
47123
47124
47125
47126
47127
47131
47132
47133
47134
47135
47136
47137
47141
47144
47145
47146
47147
47151
47154
47155
47156
47157
47161
47164
47165
47166
47167
47171
47174
47175
47176
47177
47211
47212
47214
47216
47217
47222
47224
47226
47227
47231
47232
47233
47234
47235
47236
47237
47242
47244
47246
47247
47252
47254
47255
47256
47257
47262
47264
47266
47267
47272
47274
47276
47277
47311
47313
47314
47317
47321
47322
47323
47324
47327
47333
47334
47337
47343
47344
47347
47353
47354
47355
47356
47357
47363
47364
47366
47367
47373
47374
47377
47411
47412
47413
47415
47416
47417
47421
47422
47423
47425
47426
47427
47431
47432
47433
47435
47436
47437
47441
47442
47443
47444
47445
47446
47447
47451
47452
47453
47455
47456
47457
47461
47462
47463
47465
47466
47467
47471
47472
47473
47475
47476
47477
47511
47514
47515
47517
47521
47522
47524
47525
47527
47531
47532
47533
47534
47535
47536
47537
47541
47544
47545
47547
47551
47554
47555
47557
47561
47564
47565
47566
47567
47571
47574
47575
47577
47611
47612
47614
47616
47617
47621
47622
47624
47626
47627
47631
47632
47633
47634
47635
47636
47637
47641
47642
47644
47646
47647
47651
47652
47653
47654
47655
47656
47657
47661
47662
47664
47666
47667
47671
47672
47674
47676
47677
47711
47712
47713
47714
47715
47716
47717
47721
47722
47723
47724
47725
47726
47727
47731
47732
47733
47734
47735
47736
47737
47741
47742
47743
47744
47745
47746
47747
47751
47752
47753
47754
47755
47756
47757
47761
47762
47763
47764
47765
47766
47767
47771
47772
47773
47774
47775
47776
47777
51111
51112
51113
51114
51115
51116
51117
51121
51122
51123
51124
51125
51126
51127
51131
51132
51133
51134
51135
51136
51137
51141
51142
51143
51144
51145
51146
51147
51151
51152
51153
51154
51155
51156
51157
51161
51162
51163
51164
51165
51166
51167
51171
51172
51173
51174
51175
51176
51177
51211
51212
51215
51216
51217
51221
51222
51225
51226
51227
51231
51232
51233
51234
51235
51236
51237
51241
51242
51243
51244
51245
51246
51247
51251
51252
51255
51256
51257
51261
51262
51265
51266
51267
51271
51272
51275
51276
51277
51311
51313
51315
51317
51321
51322
51323
51325
51327
51331
51333
51335
51337
51341
51342
51343
51344
51345
51346
51347
51351
51353
51355
51357
51361
51363
51365
51366
51367
51371
51373
51375
51377
51411
51414
51415
51421
51422
51424
51425
51431
51432
51433
51434
51435
51441
51444
51445
51451
51454
51455
51461
51464
51465
51466
51467
51471
51474
51475
51477
51511
51512
51513
51514
51516
51517
51521
51522
51523
51524
51526
51527
51531
51532
51533
51534
51536
51537
51541
51542
51543
51544
51546
51547
51551
51552
51553
51554
51555
51556
51557
51561
51562
51563
51564
51566
51567
51571
51572
51573
51574
51576
51577
51611
51612
51615
51616
51621
51622
51625
51626
51631
51632
51633
51635
51636
51641
51642
51643
51644
51645
51646
51647
51651
51652
51655
51656
51661
51662
51665
51666
51671
51672
51675
51676
51677
51711
51712
51713
51715
51717
51721
51722
51723
51725
51727
51731
51732
51733
51735
51737
51741
51742
51743
51744
51745
51746
51747
51751
51752
51753
51755
51757
51761
51762
51763
51764
51765
51766
51767
51771
51772
51773
51775
51777
52111
52112
52113
52114
52115
52116
52117
52121
52122
52123
52124
52125
52126
52127
52131
52132
52133
52134
52135
52136
52137
52141
52142
52143
52144
52145
52146
52147
52151
52152
52153
52154
52155
52156
52157
52161
52162
52163
52164
52165
52166
52167
52171
52172
52173
52174
52175
52176
52177
52211
52212
52213
52214
52215
52216
52217
52221
52222
52223
52224
52225
52226
52227
52231
52232
52233
52234
52235
52236
52237
52241
52242
52243
52244
52245
52246
52247
52251
52252
52253
52254
52255
52256
52257
52261
52262
52263
52264
52265
52266
52267
52271
52272
52273
52274
52275
52276
52277
52311
52312
52313
52315
52317
52321
52322
52323
52325
52327
52331
52332
52333
52335
52337
52341
52342
52343
52344
52345
52346
52347
52351
52352
52353
52355
52357
52361
52362
52363
52364
52365
52366
52367
52371
52372
52373
52375
52377
52411
52412
52414
52415
52421
52422
52424
52425
52431
52432
52433
52434
52435
52441
52442
52444
52445
52451
52452
52454
52455
52461
52462
52463
52464
52465
52466
52467
52471
52472
52474
52475
52477
52511
52512
52513
52514
52516
52517
52521
52522
52523
52524
52526
52527
52531
52532
52533
52534
52536
52537
52541
52542
52543
52544
52546
52547
52551
52552
52553
52554
52555
52556
52557
52561
52562
52563
52564
52566
52567
52571
52572
52573
52574
52576
52577
52611
52612
52615
52616
52621
52622
52625
52626
52631
52632
52633
52635
52636
52641
52642
52643
52644
52645
52646
52647
52651
52652
52655
52656
52661
52662
52665
52666
52671
52672
52675
52676
52677
52711
52712
52713
52715
52717
52721
52722
52723
52725
52727
52731
52732
52733
52735
52737
52741
52742
52743
52744
52745
52746
52747
52751
52752
52753
52755
52757
52761
52762
52763
52764
52765
52766
52767
52771
52772
52773
52775
52777
53111
53112
53113
53114
53115
53116
53117
53121
53122
53123
53124
53125
53126
53127
53131
53132
53133
53134
53135
53136
53137
53141
53142
53143
53144
53145
53146
53147
53151
53152
53153
53154
53155
53156
53157
53161
53162
53163
53164
53165
53166
53167
53171
53172
53173
53174
53175
53176
53177
53211
53212
53213
53214
53215
53216
53217
53221
53222
53223
53224
53225
53226
53227
53231
53232
53233
53234
53235
53236
53237
53241
53242
53243
53244
53245
53246
53247
53251
53252
53253
53254
53255
53256
53257
53261
53262
53263
53264
53265
53266
53267
53271
53272
53273
53274
53275
53276
53277
53311
53312
53313
53314
53315
53316
53317
53321
53322
53323
53324
53325
53326
53327
53331
53332
53333
53334
53335
53336
53337
53341
53342
53343
53344
53345
53346
53347
53351
53352
53353
53354
53355
53356
53357
53361
53362
53363
53364
53365
53366
53367
53371
53372
53373
53374
53375
53376
53377
53411
53412
53413
53414
53415
53421
53422
53423
53424
53425
53431
53432
53433
53434
53435
53441
53442
53443
53444
53445
53451
53452
53453
53454
53455
53461
53462
53463
53464
53465
53466
53467
53471
53472
53473
53474
53475
53476
53477
53511
53512
53513
53514
53516
53517
53521
53522
53523
53524
53526
53527
53531
53532
53533
53534
53536
53537
53541
53542
53543
53544
53546
53547
53551
53552
53553
53554
53555
53556
53557
53561
53562
53563
53564
53566
53567
53571
53572
53573
53574
53576
53577
53611
53612
53613
53615
53616
53621
53622
53623
53625
53626
53631
53632
53633
53635
53636
53641
53642
53643
53644
53645
53646
53647
53651
53652
53653
53655
53656
53661
53662
53663
53665
53666
53671
53672
53673
53674
53675
53676
53677
53711
53712
53713
53715
53717
53721
53722
53723
53725
53727
53731
53732
53733
53735
53737
53741
53742
53743
53744
53745
53746
53747
53751
53752
53753
53755
53757
53761
53762
53763
53764
53765
53766
53767
53771
53772
53773
53775
53777
54111
54112
54113
54114
54115
54116
54117
54121
54122
54123
54124
54125
54126
54127
54131
54132
54133
54134
54135
54136
54137
54141
54142
54143
54144
54145
54146
54147
54151
54152
54153
54154
54155
54156
54157
54161
54162
54163
54164
54165
54166
54167
54171
54172
54173
54174
54175
54176
54177
54211
54212
54213
54214
54215
54216
54217
54221
54222
54223
54224
54225
54226
54227
54231
54232
54233
54234
54235
54236
54237
54241
54242
54243
54244
54245
54246
54247
54251
54252
54253
54254
54255
54256
54257
54261
54262
54263
54264
54265
54266
54267
54271
54272
54273
54274
54275
54276
54277
54311
54312
54313
54314
54315
54316
54317
54321
54322
54323
54324
54325
54326
54327
54331
54332
54333
54334
54335
54336
54337
54341
54342
54343
54344
54345
54346
54347
54351
54352
54353
54354
54355
54356
54357
54361
54362
54363
54364
54365
54366
54367
54371
54372
54373
54374
54375
54376
54377
54411
54412
54413
54414
54415
54416
54417
54421
54422
54423
54424
54425
54426
54427
54431
54432
54433
54434
54435
54436
54437
54441
54442
54443
54444
54445
54446
54447
54451
54452
54453
54454
54455
54456
54457
54461
54462
54463
54464
54465
54466
54467
54471
54472
54473
54474
54475
54476
54477
54511
54512
54513
54514
54516
54517
54521
54522
54523
54524
54526
54527
54531
54532
54533
54534
54536
54537
54541
54542
54543
54544
54546
54547
54551
54552
54553
54554
54555
54556
54557
54561
54562
54563
54564
54566
54567
54571
54572
54573
54574
54576
54577
54611
54612
54613
54614
54615
54616
54617
54621
54622
54623
54624
54625
54626
54627
54631
54632
54633
54634
54635
54636
54637
54641
54642
54643
54644
54645
54646
54647
54651
54652
54653
54654
54655
54656
54657
54661
54662
54663
54664
54665
54666
54667
54671
54672
54673
54674
54675
54676
54677
54711
54712
54713
54714
54715
54716
54717
54721
54722
54723
54724
54725
54726
54727
54731
54732
54733
54734
54735
54736
54737
54741
54742
54743
54744
54745
54746
54747
54751
54752
54753
54754
54755
54756
54757
54761
54762
54763
54764
54765
54766
54767
54771
54772
54773
54774
54775
54776
54777
55111
55112
55113
55114
55115
55116
55117
55121
55122
55123
55124
55125
55126
55127
55131
55132
55133
55134
55135
55136
55137
55141
55142
55143
55144
55145
55146
55147
55151
55152
55153
55154
55155
55156
55157
55161
55162
55163
55164
55165
55166
55167
55171
55172
55173
55174
55175
55176
55177
55211
55212
55215
55216
55217
55221
55222
55225
55226
55227
55231
55232
55233
55234
55235
55236
55237
55241
55242
55243
55244
55245
55246
55247
55251
55252
55255
55256
55257
55261
55262
55265
55266
55267
55271
55272
55275
55276
55277
55311
55313
55315
55317
55321
55322
55323
55325
55327
55331
55333
55335
55337
55341
55342
55343
55344
55345
55346
55347
55351
55353
55355
55357
55361
55363
55365
55366
55367
55371
55373
55375
55377
55411
55414
55415
55421
55422
55424
55425
55431
55432
55433
55434
55435
55441
55444
55445
55451
55454
55455
55461
55464
55465
55466
55467
55471
55474
55475
55477
55511
55512
55513
55514
55515
55516
55517
55521
55522
55523
55524
55525
55526
55527
55531
55532
55533
55534
55535
55536
55537
55541
55542
55543
55544
55545
55546
55547
55551
55552
55553
55554
55555
55556
55557
55561
55562
55563
55564
55565
55566
55567
55571
55572
55573
55574
55575
55576
55577
55611
55612
55615
55616
55621
55622
55625
55626
55631
55632
55633
55635
55636
55641
55642
55643
55644
55645
55646
55647
55651
55652
55655
55656
55661
55662
55665
55666
55671
55672
55675
55676
55677
55711
55712
55713
55715
55717
55721
55722
55723
55725
55727
55731
55732
55733
55735
55737
55741
55742
55743
55744
55745
55746
55747
55751
55752
55753
55755
55757
55761
55762
55763
55764
55765
55766
55767
55771
55772
55773
55775
55777
56111
56112
56113
56114
56115
56116
56117
56121
56122
56123
56124
56125
56126
56127
56131
56132
56133
56134
56135
56136
56137
56141
56142
56143
56144
56145
56146
56147
56151
56152
56153
56154
56155
56156
56157
56161
56162
56163
56164
56165
56166
56167
56171
56172
56173
56174
56175
56176
56177
56211
56212
56215
56216
56217
56221
56222
56225
56226
56227
56231
56232
56233
56234
56235
56236
56237
56241
56242
56243
56244
56245
56246
56247
56251
56252
56255
56256
56257
56261
56262
56265
56266
56267
56271
56272
56275
56276
56277
56311
56313
56315
56316
56317
56321
56322
56323
56324
56325
56326
56327
56331
56333
56335
56336
56337
56341
56342
56343
56344
56345
56346
56347
56351
56353
56355
56356
56357
56361
56363
56365
56366
56367
56371
56373
56375
56376
56377
56411
56414
56415
56416
56417
56421
56422
56423
56424
56425
56426
56427
56431
56432
56433
56434
56435
56436
56437
56441
56444
56445
56446
56447
56451
56454
56455
56456
56457
56461
56464
56465
56466
56467
56471
56474
56475
56476
56477
56511
56512
56513
56514
56516
56517
56521
56522
56523
56524
56526
56527
56531
56532
56533
56534
56536
56537
56541
56542
56543
56544
56546
56547
56551
56552
56553
56554
56555
56556
56557
56561
56562
56563
56564
56566
56567
56571
56572
56573
56574
56576
56577
56611
56612
56613
56614
56615
56616
56617
56621
56622
56623
56624
56625
56626
56627
56631
56632
56633
56634
56635
56636
56637
56641
56642
56643
56644
56645
56646
56647
56651
56652
56653
56654
56655
56656
56657
56661
56662
56663
56664
56665
56666
56667
56671
56672
56673
56674
56675
56676
56677
56711
56712
56713
56714
56715
56716
56717
56721
56722
56723
56724
56725
56726
56727
56731
56732
56733
56734
56735
56736
56737
56741
56742
56743
56744
56745
56746
56747
56751
56752
56753
56754
56755
56756
56757
56761
56762
56763
56764
56765
56766
56767
56771
56772
56773
56774
56775
56776
56777
57111
57112
57113
57114
57115
57116
57117
57121
57122
57123
57124
57125
57126
57127
57131
57132
57133
57134
57135
57136
57137
57141
57142
57143
57144
57145
57146
57147
57151
57152
57153
57154
57155
57156
57157
57161
57162
57163
57164
57165
57166
57167
57171
57172
57173
57174
57175
57176
57177
57211
57212
57215
57216
57217
57221
57222
57225
57226
57227
57231
57232
57233
57234
57235
57236
57237
57241
57242
57243
57244
57245
57246
57247
57251
57252
57255
57256
57257
57261
57262
57265
57266
57267
57271
57272
57275
57276
57277
57311
57313
57315
57317
57321
57322
57323
57325
57327
57331
57333
57335
57337
57341
57342
57343
57344
57345
57346
57347
57351
57353
57355
57357
57361
57363
57365
57366
57367
57371
57373
57375
57377
57411
57414
57415
57417
57421
57422
57424
57425
57427
57431
57432
57433
57434
57435
57436
57437
57441
57444
57445
57447
57451
57454
57455
57457
57461
57464
57465
57466
57467
57471
57474
57475
57477
57511
57512
57513
57514
57516
57517
57521
57522
57523
57524
57526
57527
57531
57532
57533
57534
57536
57537
57541
57542
57543
57544
57546
57547
57551
57552
57553
57554
57555
57556
57557
57561
57562
57563
57564
57566
57567
57571
57572
57573
57574
57576
57577
57611
57612
57615
57616
57617
57621
57622
57625
57626
57627
57631
57632
57633
57634
57635
57636
57637
57641
57642
57643
57644
57645
57646
57647
57651
57652
57655
57656
57657
57661
57662
57665
57666
57667
57671
57672
57675
57676
57677
57711
57712
57713
57714
57715
57716
57717
57721
57722
57723
57724
57725
57726
57727
57731
57732
57733
57734
57735
57736
57737
57741
57742
57743
57744
57745
57746
57747
57751
57752
57753
57754
57755
57756
57757
57761
57762
57763
57764
57765
57766
57767
57771
57772
57773
57774
57775
57776
57777
61111
61112
61113
61114
61115
61116
61117
61121
61122
61123
61124
61125
61126
61127
61131
61132
61133
61134
61135
61136
61137
61141
61142
61143
61144
61145
61146
61147
61151
61152
61153
61154
61155
61156
61157
61161
61162
61163
61164
61165
61166
61167
61171
61172
61173
61174
61175
61176
61177
61211
61212
61213
61214
61215
61216
61217
61221
61222
61223
61224
61225
61226
61227
61231
61232
61233
61234
61235
61236
61237
61241
61242
61243
61244
61245
61246
61247
61251
61252
61253
61254
61255
61256
61257
61261
61262
61263
61264
61265
61266
61267
61271
61272
61273
61274
61275
61276
61277
61311
61312
61313
61316
61317
61321
61322
61323
61326
61327
61331
61332
61333
61336
61337
61341
61342
61343
61344
61345
61346
61347
61351
61352
61353
61354
61355
61356
61357
61361
61362
61363
61366
61367
61371
61372
61373
61376
61377
61411
61412
61414
61416
61421
61422
61424
61426
61431
61432
61433
61434
61436
61441
61442
61444
61446
61451
61452
61453
61454
61455
61456
61457
61461
61462
61464
61466
61471
61472
61474
61476
61477
61511
61512
61515
61516
61521
61522
61525
61526
61531
61532
61533
61535
61536
61541
61542
61543
61544
61545
61546
61547
61551
61552
61555
61556
61561
61562
61565
61566
61571
61572
61575
61576
61577
61611
61612
61613
61614
61615
61617
61621
61622
61623
61624
61625
61627
61631
61632
61633
61634
61635
61637
61641
61642
61643
61644
61645
61647
61651
61652
61653
61654
61655
61657
61661
61662
61663
61664
61665
61666
61667
61671
61672
61673
61674
61675
61677
61711
61712
61713
61716
61717
61721
61722
61723
61726
61727
61731
61732
61733
61736
61737
61741
61742
61743
61744
61745
61746
61747
61751
61752
61753
61754
61755
61756
61757
61761
61762
61763
61766
61767
61771
61772
61773
61776
61777
62111
62112
62113
62114
62115
62116
62117
62121
62122
62123
62124
62125
62126
62127
62131
62132
62133
62134
62135
62136
62137
62141
62142
62143
62144
62145
62146
62147
62151
62152
62153
62154
62155
62156
62157
62161
62162
62163
62164
62165
62166
62167
62171
62172
62173
62174
62175
62176
62177
62211
62212
62213
62214
62215
62216
62217
62221
62222
62223
62224
62225
62226
62227
62231
62232
62233
62234
62235
62236
62237
62241
62242
62243
62244
62245
62246
62247
62251
62252
62253
62254
62255
62256
62257
62261
62262
62263
62264
62265
62266
62267
62271
62272
62273
62274
62275
62276
62277
62311
62312
62313
62316
62317
62321
62322
62323
62326
62327
62331
62332
62333
62336
62337
62341
62342
62343
62344
62345
62346
62347
62351
62352
62353
62354
62355
62356
62357
62361
62362
62363
62366
62367
62371
62372
62373
62376
62377
62411
62412
62414
62416
62421
62422
62424
62426
62431
62432
62433
62434
62436
62441
62442
62444
62446
62451
62452
62453
62454
62455
62456
62457
62461
62462
62464
62466
62471
62472
62474
62476
62477
62511
62512
62515
62516
62521
62522
62525
62526
62531
62532
62533
62535
62536
62541
62542
62543
62544
62545
62546
62547
62551
62552
62555
62556
62561
62562
62565
62566
62571
62572
62575
62576
62577
62611
62612
62613
62614
62615
62617
62621
62622
62623
62624
62625
62627
62631
62632
62633
62634
62635
62637
62641
62642
62643
62644
62645
62647
62651
62652
62653
62654
62655
62657
62661
62662
62663
62664
62665
62666
62667
62671
62672
62673
62674
62675
62677
62711
62712
62713
62716
62717
62721
62722
62723
62726
62727
62731
62732
62733
62736
62737
62741
62742
62743
62744
62745
62746
62747
62751
62752
62753
62754
62755
62756
62757
62761
62762
62763
62766
62767
62771
62772
62773
62776
62777
63111
63112
63113
63114
63115
63116
63117
63121
63122
63123
63124
63125
63126
63127
63131
63132
63133
63134
63135
63136
63137
63141
63142
63143
63144
63145
63146
63147
63151
63152
63153
63154
63155
63156
63157
63161
63162
63163
63164
63165
63166
63167
63171
63172
63173
63174
63175
63176
63177
63211
63212
63213
63214
63215
63216
63217
63221
63222
63223
63224
63225
63226
63227
63231
63232
63233
63234
63235
63236
63237
63241
63242
63243
63244
63245
63246
63247
63251
63252
63253
63254
63255
63256
63257
63261
63262
63263
63264
63265
63266
63267
63271
63272
63273
63274
63275
63276
63277
63311
63312
63313
63314
63315
63316
63317
63321
63322
63323
63324
63325
63326
63327
63331
63332
63333
63334
63335
63336
63337
63341
63342
63343
63344
63345
63346
63347
63351
63352
63353
63354
63355
63356
63357
63361
63362
63363
63364
63365
63366
63367
63371
63372
63373
63374
63375
63376
63377
63411
63412
63413
63414
63416
63421
63422
63423
63424
63426
63431
63432
63433
63434
63436
63441
63442
63443
63444
63446
63451
63452
63453
63454
63455
63456
63457
63461
63462
63463
63464
63466
63471
63472
63473
63474
63475
63476
63477
63511
63512
63513
63515
63516
63521
63522
63523
63525
63526
63531
63532
63533
63535
63536
63541
63542
63543
63544
63545
63546
63547
63551
63552
63553
63555
63556
63561
63562
63563
63565
63566
63571
63572
63573
63574
63575
63576
63577
63611
63612
63613
63614
63615
63617
63621
63622
63623
63624
63625
63627
63631
63632
63633
63634
63635
63637
63641
63642
63643
63644
63645
63647
63651
63652
63653
63654
63655
63657
63661
63662
63663
63664
63665
63666
63667
63671
63672
63673
63674
63675
63677
63711
63712
63713
63716
63717
63721
63722
63723
63726
63727
63731
63732
63733
63736
63737
63741
63742
63743
63744
63745
63746
63747
63751
63752
63753
63754
63755
63756
63757
63761
63762
63763
63766
63767
63771
63772
63773
63776
63777
64111
64112
64113
64114
64115
64116
64117
64121
64122
64123
64124
64125
64126
64127
64131
64132
64133
64134
64135
64136
64137
64141
64142
64143
64144
64145
64146
64147
64151
64152
64153
64154
64155
64156
64157
64161
64162
64163
64164
64165
64166
64167
64171
64172
64173
64174
64175
64176
64177
64211
64212
64213
64214
64215
64216
64217
64221
64222
64223
64224
64225
64226
64227
64231
64232
64233
64234
64235
64236
64237
64241
64242
64243
64244
64245
64246
64247
64251
64252
64253
64254
64255
64256
64257
64261
64262
64263
64264
64265
64266
64267
64271
64272
64273
64274
64275
64276
64277
64311
64312
64313
64314
64315
64316
64317
64321
64322
64323
64324
64325
64326
64327
64331
64332
64333
64334
64335
64336
64337
64341
64342
64343
64344
64345
64346
64347
64351
64352
64353
64354
64355
64356
64357
64361
64362
64363
64364
64365
64366
64367
64371
64372
64373
64374
64375
64376
64377
64411
64412
64413
64414
64415
64416
64417
64421
64422
64423
64424
64425
64426
64427
64431
64432
64433
64434
64435
64436
64437
64441
64442
64443
64444
64445
64446
64447
64451
64452
64453
64454
64455
64456
64457
64461
64462
64463
64464
64465
64466
64467
64471
64472
64473
64474
64475
64476
64477
64511
64512
64513
64514
64515
64516
64517
64521
64522
64523
64524
64525
64526
64527
64531
64532
64533
64534
64535
64536
64537
64541
64542
64543
64544
64545
64546
64547
64551
64552
64553
64554
64555
64556
64557
64561
64562
64563
64564
64565
64566
64567
64571
64572
64573
64574
64575
64576
64577
64611
64612
64613
64614
64615
64617
64621
64622
64623
64624
64625
64627
64631
64632
64633
64634
64635
64637
64641
64642
64643
64644
64645
64647
64651
64652
64653
64654
64655
64657
64661
64662
64663
64664
64665
64666
64667
64671
64672
64673
64674
64675
64677
64711
64712
64713
64714
64715
64716
64717
64721
64722
64723
64724
64725
64726
64727
64731
64732
64733
64734
64735
64736
64737
64741
64742
64743
64744
64745
64746
64747
64751
64752
64753
64754
64755
64756
64757
64761
64762
64763
64764
64765
64766
64767
64771
64772
64773
64774
64775
64776
64777
65111
65112
65113
65114
65115
65116
65117
65121
65122
65123
65124
65125
65126
65127
65131
65132
65133
65134
65135
65136
65137
65141
65142
65143
65144
65145
65146
65147
65151
65152
65153
65154
65155
65156
65157
65161
65162
65163
65164
65165
65166
65167
65171
65172
65173
65174
65175
65176
65177
65211
65212
65213
65214
65215
65216
65217
65221
65222
65223
65224
65225
65226
65227
65231
65232
65233
65234
65235
65236
65237
65241
65242
65243
65244
65245
65246
65247
65251
65252
65253
65254
65255
65256
65257
65261
65262
65263
65264
65265
65266
65267
65271
65272
65273
65274
65275
65276
65277
65311
65312
65313
65314
65315
65316
65317
65321
65322
65323
65324
65325
65326
65327
65331
65332
65333
65334
65335
65336
65337
65341
65342
65343
65344
65345
65346
65347
65351
65352
65353
65354
65355
65356
65357
65361
65362
65363
65364
65365
65366
65367
65371
65372
65373
65374
65375
65376
65377
65411
65412
65413
65414
65415
65416
65417
65421
65422
65423
65424
65425
65426
65427
65431
65432
65433
65434
65435
65436
65437
65441
65442
65443
65444
65445
65446
65447
65451
65452
65453
65454
65455
65456
65457
65461
65462
65463
65464
65465
65466
65467
65471
65472
65473
65474
65475
65476
65477
65511
65512
65513
65514
65515
65516
65517
65521
65522
65523
65524
65525
65526
65527
65531
65532
65533
65534
65535
65536
65537
65541
65542
65543
65544
65545
65546
65547
65551
65552
65553
65554
65555
65556
65557
65561
65562
65563
65564
65565
65566
65567
65571
65572
65573
65574
65575
65576
65577
65611
65612
65613
65614
65615
65617
65621
65622
65623
65624
65625
65627
65631
65632
65633
65634
65635
65637
65641
65642
65643
65644
65645
65647
65651
65652
65653
65654
65655
65657
65661
65662
65663
65664
65665
65666
65667
65671
65672
65673
65674
65675
65677
65711
65712
65713
65714
65715
65716
65717
65721
65722
65723
65724
65725
65726
65727
65731
65732
65733
65734
65735
65736
65737
65741
65742
65743
65744
65745
65746
65747
65751
65752
65753
65754
65755
65756
65757
65761
65762
65763
65764
65765
65766
65767
65771
65772
65773
65774
65775
65776
65777
66111
66112
66113
66114
66115
66116
66117
66121
66122
66123
66124
66125
66126
66127
66131
66132
66133
66134
66135
66136
66137
66141
66142
66143
66144
66145
66146
66147
66151
66152
66153
66154
66155
66156
66157
66161
66162
66163
66164
66165
66166
66167
66171
66172
66173
66174
66175
66176
66177
66211
66212
66213
66214
66215
66216
66217
66221
66222
66223
66224
66225
66226
66227
66231
66232
66233
66234
66235
66236
66237
66241
66242
66243
66244
66245
66246
66247
66251
66252
66253
66254
66255
66256
66257
66261
66262
66263
66264
66265
66266
66267
66271
66272
66273
66274
66275
66276
66277
66311
66312
66313
66316
66317
66321
66322
66323
66326
66327
66331
66332
66333
66336
66337
66341
66342
66343
66344
66345
66346
66347
66351
66352
66353
66354
66355
66356
66357
66361
66362
66363
66366
66367
66371
66372
66373
66376
66377
66411
66412
66414
66416
66421
66422
66424
66426
66431
66432
66433
66434
66436
66441
66442
66444
66446
66451
66452
66453
66454
66455
66456
66457
66461
66462
66464
66466
66471
66472
66474
66476
66477
66511
66512
66515
66516
66521
66522
66525
66526
66531
66532
66533
66535
66536
66541
66542
66543
66544
66545
66546
66547
66551
66552
66555
66556
66561
66562
66565
66566
66571
66572
66575
66576
66577
66611
66612
66613
66614
66615
66616
66617
66621
66622
66623
66624
66625
66626
66627
66631
66632
66633
66634
66635
66636
66637
66641
66642
66643
66644
66645
66646
66647
66651
66652
66653
66654
66655
66656
66657
66661
66662
66663
66664
66665
66666
66667
66671
66672
66673
66674
66675
66676
66677
66711
66712
66713
66716
66717
66721
66722
66723
66726
66727
66731
66732
66733
66736
66737
66741
66742
66743
66744
66745
66746
66747
66751
66752
66753
66754
66755
66756
66757
66761
66762
66763
66766
66767
66771
66772
66773
66776
66777
67111
67112
67113
67114
67115
67116
67117
67121
67122
67123
67124
67125
67126
67127
67131
67132
67133
67134
67135
67136
67137
67141
67142
67143
67144
67145
67146
67147
67151
67152
67153
67154
67155
67156
67157
67161
67162
67163
67164
67165
67166
67167
67171
67172
67173
67174
67175
67176
67177
67211
67212
67213
67214
67215
67216
67217
67221
67222
67223
67224
67225
67226
67227
67231
67232
67233
67234
67235
67236
67237
67241
67242
67243
67244
67245
67246
67247
67251
67252
67253
67254
67255
67256
67257
67261
67262
67263
67264
67265
67266
67267
67271
67272
67273
67274
67275
67276
67277
67311
67312
67313
67316
67317
67321
67322
67323
67326
67327
67331
67332
67333
67336
67337
67341
67342
67343
67344
67345
67346
67347
67351
67352
67353
67354
67355
67356
67357
67361
67362
67363
67366
67367
67371
67372
67373
67376
67377
67411
67412
67414
67416
67417
67421
67422
67424
67426
67427
67431
67432
67433
67434
67435
67436
67437
67441
67442
67444
67446
67447
67451
67452
67453
67454
67455
67456
67457
67461
67462
67464
67466
67467
67471
67472
67474
67476
67477
67511
67512
67515
67516
67517
67521
67522
67525
67526
67527
67531
67532
67533
67534
67535
67536
67537
67541
67542
67543
67544
67545
67546
67547
67551
67552
67555
67556
67557
67561
67562
67565
67566
67567
67571
67572
67575
67576
67577
67611
67612
67613
67614
67615
67617
67621
67622
67623
67624
67625
67627
67631
67632
67633
67634
67635
67637
67641
67642
67643
67644
67645
67647
67651
67652
67653
67654
67655
67657
67661
67662
67663
67664
67665
67666
67667
67671
67672
67673
67674
67675
67677
67711
67712
67713
67714
67715
67716
67717
67721
67722
67723
67724
67725
67726
67727
67731
67732
67733
67734
67735
67736
67737
67741
67742
67743
67744
67745
67746
67747
67751
67752
67753
67754
67755
67756
67757
67761
67762
67763
67764
67765
67766
67767
67771
67772
67773
67774
67775
67776
67777
71111
71112
71113
71114
71115
71116
71117
71121
71122
71123
71124
71125
71126
71127
71131
71132
71133
71134
71135
71136
71137
71141
71142
71143
71144
71145
71146
71147
71151
71152
71153
71154
71155
71156
71157
71161
71162
71163
71164
71165
71166
71167
71171
71172
71173
71174
71175
71176
71177
71211
71212
71213
71214
71215
71216
71217
71221
71222
71223
71224
71225
71226
71227
71231
71232
71233
71234
71235
71236
71237
71241
71242
71243
71244
71245
71246
71247
71251
71252
71253
71254
71255
71256
71257
71261
71262
71263
71264
71265
71266
71267
71271
71272
71273
71274
71275
71276
71277
71311
71312
71313
71314
71315
71316
71317
71321
71322
71323
71324
71325
71326
71327
71331
71332
71333
71334
71335
71336
71337
71341
71342
71343
71344
71345
71346
71347
71351
71352
71353
71354
71355
71356
71357
71361
71362
71363
71364
71365
71366
71367
71371
71372
71373
71374
71375
71376
71377
71411
71412
71413
71414
71417
71421
71422
71423
71424
71427
71431
71432
71433
71434
71437
71441
71442
71443
71444
71447
71451
71452
71453
71454
71455
71456
71457
71461
71462
71463
71464
71465
71466
71467
71471
71472
71473
71474
71477
71511
71512
71513
71515
71517
71521
71522
71523
71525
71527
71531
71532
71533
71535
71537
71541
71542
71543
71544
71545
71546
71547
71551
71552
71553
71555
71557
71561
71562
71563
71564
71565
71566
71567
71571
71572
71573
71575
71577
71611
71612
71613
71616
71617
71621
71622
71623
71626
71627
71631
71632
71633
71636
71637
71641
71642
71643
71644
71645
71646
71647
71651
71652
71653
71654
71655
71656
71657
71661
71662
71663
71666
71667
71671
71672
71673
71676
71677
71711
71712
71713
71714
71715
71716
71721
71722
71723
71724
71725
71726
71731
71732
71733
71734
71735
71736
71741
71742
71743
71744
71745
71746
71751
71752
71753
71754
71755
71756
71761
71762
71763
71764
71765
71766
71771
71772
71773
71774
71775
71776
71777
72111
72112
72113
72114
72115
72116
72117
72121
72122
72123
72124
72125
72126
72127
72131
72132
72133
72134
72135
72136
72137
72141
72142
72143
72144
72145
72146
72147
72151
72152
72153
72154
72155
72156
72157
72161
72162
72163
72164
72165
72166
72167
72171
72172
72173
72174
72175
72176
72177
72211
72212
72213
72214
72215
72216
72217
72221
72222
72223
72224
72225
72226
72227
72231
72232
72233
72234
72235
72236
72237
72241
72242
72243
72244
72245
72246
72247
72251
72252
72253
72254
72255
72256
72257
72261
72262
72263
72264
72265
72266
72267
72271
72272
72273
72274
72275
72276
72277
72311
72312
72313
72314
72315
72316
72317
72321
72322
72323
72324
72325
72326
72327
72331
72332
72333
72334
72335
72336
72337
72341
72342
72343
72344
72345
72346
72347
72351
72352
72353
72354
72355
72356
72357
72361
72362
72363
72364
72365
72366
72367
72371
72372
72373
72374
72375
72376
72377
72411
72412
72413
72414
72417
72421
72422
72423
72424
72427
72431
72432
72433
72434
72437
72441
72442
72443
72444
72447
72451
72452
72453
72454
72455
72456
72457
72461
72462
72463
72464
72465
72466
72467
72471
72472
72473
72474
72477
72511
72512
72513
72515
72517
72521
72522
72523
72525
72527
72531
72532
72533
72535
72537
72541
72542
72543
72544
72545
72546
72547
72551
72552
72553
72555
72557
72561
72562
72563
72564
72565
72566
72567
72571
72572
72573
72575
72577
72611
72612
72613
72616
72617
72621
72622
72623
72626
72627
72631
72632
72633
72636
72637
72641
72642
72643
72644
72645
72646
72647
72651
72652
72653
72654
72655
72656
72657
72661
72662
72663
72666
72667
72671
72672
72673
72676
72677
72711
72712
72713
72714
72715
72716
72721
72722
72723
72724
72725
72726
72731
72732
72733
72734
72735
72736
72741
72742
72743
72744
72745
72746
72751
72752
72753
72754
72755
72756
72761
72762
72763
72764
72765
72766
72771
72772
72773
72774
72775
72776
72777
73111
73112
73113
73114
73115
73116
73117
73121
73122
73123
73124
73125
73126
73127
73131
73132
73133
73134
73135
73136
73137
73141
73142
73143
73144
73145
73146
73147
73151
73152
73153
73154
73155
73156
73157
73161
73162
73163
73164
73165
73166
73167
73171
73172
73173
73174
73175
73176
73177
73211
73212
73213
73214
73215
73216
73217
73221
73222
73223
73224
73225
73226
73227
73231
73232
73233
73234
73235
73236
73237
73241
73242
73243
73244
73245
73246
73247
73251
73252
73253
73254
73255
73256
73257
73261
73262
73263
73264
73265
73266
73267
73271
73272
73273
73274
73275
73276
73277
73311
73312
73313
73314
73315
73316
73317
73321
73322
73323
73324
73325
73326
73327
73331
73332
73333
73334
73335
73336
73337
73341
73342
73343
73344
73345
73346
73347
73351
73352
73353
73354
73355
73356
73357
73361
73362
73363
73364
73365
73366
73367
73371
73372
73373
73374
73375
73376
73377
73411
73412
73413
73414
73417
73421
73422
73423
73424
73427
73431
73432
73433
73434
73437
73441
73442
73443
73444
73447
73451
73452
73453
73454
73455
73456
73457
73461
73462
73463
73464
73465
73466
73467
73471
73472
73473
73474
73477
73511
73512
73513
73515
73517
73521
73522
73523
73525
73527
73531
73532
73533
73535
73537
73541
73542
73543
73544
73545
73546
73547
73551
73552
73553
73555
73557
73561
73562
73563
73564
73565
73566
73567
73571
73572
73573
73575
73577
73611
73612
73613
73616
73617
73621
73622
73623
73626
73627
73631
73632
73633
73636
73637
73641
73642
73643
73644
73645
73646
73647
73651
73652
73653
73654
73655
73656
73657
73661
73662
73663
73666
73667
73671
73672
73673
73676
73677
73711
73712
73713
73714
73715
73716
73721
73722
73723
73724
73725
73726
73731
73732
73733
73734
73735
73736
73741
73742
73743
73744
73745
73746
73751
73752
73753
73754
73755
73756
73761
73762
73763
73764
73765
73766
73771
73772
73773
73774
73775
73776
73777
74111
74112
74113
74114
74115
74116
74117
74121
74122
74123
74124
74125
74126
74127
74131
74132
74133
74134
74135
74136
74137
74141
74142
74143
74144
74145
74146
74147
74151
74152
74153
74154
74155
74156
74157
74161
74162
74163
74164
74165
74166
74167
74171
74172
74173
74174
74175
74176
74177
74211
74212
74213
74214
74215
74216
74217
74221
74222
74223
74224
74225
74226
74227
74231
74232
74233
74234
74235
74236
74237
74241
74242
74243
74244
74245
74246
74247
74251
74252
74253
74254
74255
74256
74257
74261
74262
74263
74264
74265
74266
74267
74271
74272
74273
74274
74275
74276
74277
74311
74312
74313
74314
74315
74316
74317
74321
74322
74323
74324
74325
74326
74327
74331
74332
74333
74334
74335
74336
74337
74341
74342
74343
74344
74345
74346
74347
74351
74352
74353
74354
74355
74356
74357
74361
74362
74363
74364
74365
74366
74367
74371
74372
74373
74374
74375
74376
74377
74411
74412
74413
74414
74415
74416
74417
74421
74422
74423
74424
74425
74426
74427
74431
74432
74433
74434
74435
74436
74437
74441
74442
74443
74444
74445
74446
74447
74451
74452
74453
74454
74455
74456
74457
74461
74462
74463
74464
74465
74466
74467
74471
74472
74473
74474
74475
74476
74477
74511
74512
74513
74514
74515
74516
74517
74521
74522
74523
74524
74525
74526
74527
74531
74532
74533
74534
74535
74536
74537
74541
74542
74543
74544
74545
74546
74547
74551
74552
74553
74554
74555
74556
74557
74561
74562
74563
74564
74565
74566
74567
74571
74572
74573
74574
74575
74576
74577
74611
74612
74613
74614
74615
74616
74617
74621
74622
74623
74624
74625
74626
74627
74631
74632
74633
74634
74635
74636
74637
74641
74642
74643
74644
74645
74646
74647
74651
74652
74653
74654
74655
74656
74657
74661
74662
74663
74664
74665
74666
74667
74671
74672
74673
74674
74675
74676
74677
74711
74712
74713
74714
74715
74716
74721
74722
74723
74724
74725
74726
74731
74732
74733
74734
74735
74736
74741
74742
74743
74744
74745
74746
74751
74752
74753
74754
74755
74756
74761
74762
74763
74764
74765
74766
74771
74772
74773
74774
74775
74776
74777
75111
75112
75113
75114
75115
75116
75117
75121
75122
75123
75124
75125
75126
75127
75131
75132
75133
75134
75135
75136
75137
75141
75142
75143
75144
75145
75146
75147
75151
75152
75153
75154
75155
75156
75157
75161
75162
75163
75164
75165
75166
75167
75171
75172
75173
75174
75175
75176
75177
75211
75212
75213
75214
75215
75216
75217
75221
75222
75223
75224
75225
75226
75227
75231
75232
75233
75234
75235
75236
75237
75241
75242
75243
75244
75245
75246
75247
75251
75252
75253
75254
75255
75256
75257
75261
75262
75263
75264
75265
75266
75267
75271
75272
75273
75274
75275
75276
75277
75311
75312
75313
75314
75315
75316
75317
75321
75322
75323
75324
75325
75326
75327
75331
75332
75333
75334
75335
75336
75337
75341
75342
75343
75344
75345
75346
75347
75351
75352
75353
75354
75355
75356
75357
75361
75362
75363
75364
75365
75366
75367
75371
75372
75373
75374
75375
75376
75377
75411
75412
75413
75414
75415
75416
75417
75421
75422
75423
75424
75425
75426
75427
75431
75432
75433
75434
75435
75436
75437
75441
75442
75443
75444
75445
75446
75447
75451
75452
75453
75454
75455
75456
75457
75461
75462
75463
75464
75465
75466
75467
75471
75472
75473
75474
75475
75476
75477
75511
75512
75513
75514
75515
75516
75517
75521
75522
75523
75524
75525
75526
75527
75531
75532
75533
75534
75535
75536
75537
75541
75542
75543
75544
75545
75546
75547
75551
75552
75553
75554
75555
75556
75557
75561
75562
75563
75564
75565
75566
75567
75571
75572
75573
75574
75575
75576
75577
75611
75612
75613
75614
75615
75616
75617
75621
75622
75623
75624
75625
75626
75627
75631
75632
75633
75634
75635
75636
75637
75641
75642
75643
75644
75645
75646
75647
75651
75652
75653
75654
75655
75656
75657
75661
75662
75663
75664
75665
75666
75667
75671
75672
75673
75674
75675
75676
75677
75711
75712
75713
75714
75715
75716
75721
75722
75723
75724
75725
75726
75731
75732
75733
75734
75735
75736
75741
75742
75743
75744
75745
75746
75751
75752
75753
75754
75755
75756
75761
75762
75763
75764
75765
75766
75771
75772
75773
75774
75775
75776
75777
76111
76112
76113
76114
76115
76116
76117
76121
76122
76123
76124
76125
76126
76127
76131
76132
76133
76134
76135
76136
76137
76141
76142
76143
76144
76145
76146
76147
76151
76152
76153
76154
76155
76156
76157
76161
76162
76163
76164
76165
76166
76167
76171
76172
76173
76174
76175
76176
76177
76211
76212
76213
76214
76215
76216
76217
76221
76222
76223
76224
76225
76226
76227
76231
76232
76233
76234
76235
76236
76237
76241
76242
76243
76244
76245
76246
76247
76251
76252
76253
76254
76255
76256
76257
76261
76262
76263
76264
76265
76266
76267
76271
76272
76273
76274
76275
76276
76277
76311
76312
76313
76314
76315
76316
76317
76321
76322
76323
76324
76325
76326
76327
76331
76332
76333
76334
76335
76336
76337
76341
76342
76343
76344
76345
76346
76347
76351
76352
76353
76354
76355
76356
76357
76361
76362
76363
76364
76365
76366
76367
76371
76372
76373
76374
76375
76376
76377
76411
76412
76413
76414
76415
76416
76417
76421
76422
76423
76424
76425
76426
76427
76431
76432
76433
76434
76435
76436
76437
76441
76442
76443
76444
76445
76446
76447
76451
76452
76453
76454
76455
76456
76457
76461
76462
76463
76464
76465
76466
76467
76471
76472
76473
76474
76475
76476
76477
76511
76512
76513
76514
76515
76516
76517
76521
76522
76523
76524
76525
76526
76527
76531
76532
76533
76534
76535
76536
76537
76541
76542
76543
76544
76545
76546
76547
76551
76552
76553
76554
76555
76556
76557
76561
76562
76563
76564
76565
76566
76567
76571
76572
76573
76574
76575
76576
76577
76611
76612
76613
76614
76615
76616
76617
76621
76622
76623
76624
76625
76626
76627
76631
76632
76633
76634
76635
76636
76637
76641
76642
76643
76644
76645
76646
76647
76651
76652
76653
76654
76655
76656
76657
76661
76662
76663
76664
76665
76666
76667
76671
76672
76673
76674
76675
76676
76677
76711
76712
76713
76714
76715
76716
76721
76722
76723
76724
76725
76726
76731
76732
76733
76734
76735
76736
76741
76742
76743
76744
76745
76746
76751
76752
76753
76754
76755
76756
76761
76762
76763
76764
76765
76766
76771
76772
76773
76774
76775
76776
76777
77111
77112
77113
77114
77115
77116
77117
77121
77122
77123
77124
77125
77126
77127
77131
77132
77133
77134
77135
77136
77137
77141
77142
77143
77144
77145
77146
77147
77151
77152
77153
77154
77155
77156
77157
77161
77162
77163
77164
77165
77166
77167
77171
77172
77173
77174
77175
77176
77177
77211
77212
77213
77214
77215
77216
77217
77221
77222
77223
77224
77225
77226
77227
77231
77232
77233
77234
77235
77236
77237
77241
77242
77243
77244
77245
77246
77247
77251
77252
77253
77254
77255
77256
77257
77261
77262
77263
77264
77265
77266
77267
77271
77272
77273
77274
77275
77276
77277
77311
77312
77313
77314
77315
77316
77317
77321
77322
77323
77324
77325
77326
77327
77331
77332
77333
77334
77335
77336
77337
77341
77342
77343
77344
77345
77346
77347
77351
77352
77353
77354
77355
77356
77357
77361
77362
77363
77364
77365
77366
77367
77371
77372
77373
77374
77375
77376
77377
77411
77412
77413
77414
77417
77421
77422
77423
77424
77427
77431
77432
77433
77434
77437
77441
77442
77443
77444
77447
77451
77452
77453
77454
77455
77456
77457
77461
77462
77463
77464
77465
77466
77467
77471
77472
77473
77474
77477
77511
77512
77513
77515
77517
77521
77522
77523
77525
77527
77531
77532
77533
77535
77537
77541
77542
77543
77544
77545
77546
77547
77551
77552
77553
77555
77557
77561
77562
77563
77564
77565
77566
77567
77571
77572
77573
77575
77577
77611
77612
77613
77616
77617
77621
77622
77623
77626
77627
77631
77632
77633
77636
77637
77641
77642
77643
77644
77645
77646
77647
77651
77652
77653
77654
77655
77656
77657
77661
77662
77663
77666
77667
77671
77672
77673
77676
77677
77711
77712
77713
77714
77715
77716
77717
77721
77722
77723
77724
77725
77726
77727
77731
77732
77733
77734
77735
77736
77737
77741
77742
77743
77744
77745
77746
77747
77751
77752
77753
77754
77755
77756
77757
77761
77762
77763
77764
77765
77766
77767
77771
77772
77773
77774
77775
77776
77777
111111
111112
111113
111114
111115
111116
111117
111121
111122
111123
111124
111125
111126
111127
111131
111132
111133
111134
111135
111136
111137
111141
111142
111143
111144
111145
111146
111147
111151
111152
111153
111154
111155
111156
111157
111161
111162
111163
111164
111165
111166
111167
111171
111172
111173
111174
111175
111176
111177
111211
111212
111213
111214
111215
111216
111217
111221
111222
111223
111224
111225
111226
111227
111231
111232
111233
111234
111235
111236
111237
111241
111242
111243
111244
111245
111246
111247
111251
111252
111253
111254
111255
111256
111257
111261
111262
111263
111264
111265
111266
111267
111271
111272
111273
111274
111275
111276
111277
111311
111312
111313
111314
111315
111316
111317
111321
111322
111323
111324
111325
111326
111327
111331
111332
111333
111334
111335
111336
111337
111341
111342
111343
111344
111345
111346
111347
111351
111352
111353
111354
111355
111356
111357
111361
111362
111363
111364
111365
111366
111367
111371
111372
111373
111374
111375
111376
111377
111411
111412
111413
111414
111415
111416
111417
111421
111422
111423
111424
111425
111426
111427
111431
111432
111433
111434
111435
111436
111437
111441
111442
111443
111444
111445
111446
111447
111451
111452
111453
111454
111455
111456
111457
111461
111462
111463
111464
111465
111466
111467
111471
111472
111473
111474
111475
111476
111477
111511
111512
111513
111514
111515
111516
111517
111521
111522
111523
111524
111525
111526
111527
111531
111532
111533
111534
111535
111536
111537
111541
111542
111543
111544
111545
111546
111547
111551
111552
111553
111554
111555
111556
111557
111561
111562
111563
111564
111565
111566
111567
111571
111572
111573
111574
111575
111576
111577
111611
111612
111613
111614
111615
111616
111617
111621
111622
111623
111624
111625
111626
111627
111631
111632
111633
111634
111635
111636
111637
111641
111642
111643
111644
111645
111646
111647
111651
111652
111653
111654
111655
111656
111657
111661
111662
111663
111664
111665
111666
111667
111671
111672
111673
111674
111675
111676
111677
111711
111712
111713
111714
111715
111716
111717
111721
111722
111723
111724
111725
111726
111727
111731
111732
111733
111734
111735
111736
111737
111741
111742
111743
111744
111745
111746
111747
111751
111752
111753
111754
111755
111756
111757
111761
111762
111763
111764
111765
111766
111767
111771
111772
111773
111774
111775
111776
111777
112111
112112
112113
112114
112115
112116
112117
112122
112123
112124
112125
112126
112127
112134
112143
112152
112153
112154
112155
112156
112157
112162
112163
112164
112165
112166
112167
112172
112173
112174
112175
112176
112177
112211
112212
112213
112214
112215
112216
112217
112221
112222
112223
112224
112225
112226
112227
112234
112243
112251
112252
112253
112254
112255
112256
112257
112261
112262
112263
112264
112265
112266
112267
112271
112272
112273
112274
112275
112276
112277
112311
112312
112313
112314
112315
112316
112317
112321
112322
112323
112324
112325
112326
112327
112331
112332
112333
112334
112335
112336
112337
112341
112342
112343
112344
112345
112346
112347
112351
112352
112353
112354
112355
112356
112357
112361
112362
112363
112364
112365
112366
112367
112371
112372
112373
112374
112375
112376
112377
112411
112412
112413
112414
112415
112416
112417
112421
112422
112423
112424
112425
112426
112427
112431
112432
112433
112434
112435
112436
112437
112441
112442
112443
112444
112445
112446
112447
112451
112452
112453
112454
112455
112456
112457
112461
112462
112463
112464
112465
112466
112467
112471
112472
112473
112474
112475
112476
112477
112511
112512
112513
112514
112515
112516
112517
112521
112522
112523
112524
112525
112526
112527
112534
112543
112551
112552
112553
112554
112555
112556
112557
112561
112562
112563
112564
112565
112566
112567
112571
112572
112573
112574
112575
112576
112577
112611
112612
112613
112614
112615
112616
112617
112621
112622
112623
112624
112625
112626
112627
112634
112643
112651
112652
112653
112654
112655
112656
112657
112661
112662
112663
112664
112665
112666
112667
112671
112672
112673
112674
112675
112676
112677
112711
112712
112713
112714
112715
112716
112717
112721
112722
112723
112724
112725
112726
112727
112734
112743
112751
112752
112753
112754
112755
112756
112757
112761
112762
112763
112764
112765
112766
112767
112771
112772
112773
112774
112775
112776
112777
113111
113112
113113
113114
113115
113116
113117
113124
113132
113133
113134
113135
113136
113137
113142
113152
113153
113154
113155
113156
113157
113162
113163
113164
113165
113166
113167
113172
113173
113174
113175
113176
113177
113211
113212
113213
113214
113215
113216
113217
113221
113222
113223
113224
113225
113226
113227
113231
113232
113233
113234
113235
113236
113237
113241
113242
113243
113244
113245
113246
113247
113251
113252
113253
113254
113255
113256
113257
113261
113262
113263
113264
113265
113266
113267
113271
113272
113273
113274
113275
113276
113277
113311
113312
113313
113314
113315
113316
113317
113324
113331
113332
113333
113334
113335
113336
113337
113342
113351
113352
113353
113354
113355
113356
113357
113361
113362
113363
113364
113365
113366
113367
113371
113372
113373
113374
113375
113376
113377
113411
113412
113413
113414
113415
113416
113417
113421
113422
113423
113424
113425
113426
113427
113431
113432
113433
113434
113435
113436
113437
113441
113442
113443
113444
113445
113446
113447
113451
113452
113453
113454
113455
113456
113457
113461
113462
113463
113464
113465
113466
113467
113471
113472
113473
113474
113475
113476
113477
113511
113512
113513
113514
113515
113516
113517
113524
113531
113532
113533
113534
113535
113536
113537
113542
113551
113552
113553
113554
113555
113556
113557
113561
113562
113563
113564
113565
113566
113567
113571
113572
113573
113574
113575
113576
113577
113611
113612
113613
113614
113615
113616
113617
113624
113631
113632
113633
113634
113635
113636
113637
113642
113651
113652
113653
113654
113655
113656
113657
113661
113662
113663
113664
113665
113666
113667
113671
113672
113673
113674
113675
113676
113677
113711
113712
113713
113714
113715
113716
113717
113724
113731
113732
113733
113734
113735
113736
113737
113742
113751
113752
113753
113754
113755
113756
113757
113761
113762
113763
113764
113765
113766
113767
113771
113772
113773
113774
113775
113776
113777
114111
114112
114113
114114
114115
114116
114117
114123
114132
114142
114143
114144
114145
114146
114147
114152
114153
114154
114155
114156
114157
114162
114163
114164
114165
114166
114167
114172
114173
114174
114175
114176
114177
114211
114212
114213
114214
114215
114216
114217
114221
114222
114223
114224
114225
114226
114227
114231
114232
114233
114234
114235
114236
114237
114241
114242
114243
114244
114245
114246
114247
114251
114252
114253
114254
114255
114256
114257
114261
114262
114263
114264
114265
114266
114267
114271
114272
114273
114274
114275
114276
114277
114311
114312
114313
114314
114315
114316
114317
114321
114322
114323
114324
114325
114326
114327
114331
114332
114333
114334
114335
114336
114337
114341
114342
114343
114344
114345
114346
114347
114351
114352
114353
114354
114355
114356
114357
114361
114362
114363
114364
114365
114366
114367
114371
114372
114373
114374
114375
114376
114377
114411
114412
114413
114414
114415
114416
114417
114423
114432
114441
114442
114443
114444
114445
114446
114447
114451
114452
114453
114454
114455
114456
114457
114461
114462
114463
114464
114465
114466
114467
114471
114472
114473
114474
114475
114476
114477
114511
114512
114513
114514
114515
114516
114517
114523
114532
114541
114542
114543
114544
114545
114546
114547
114551
114552
114553
114554
114555
114556
114557
114561
114562
114563
114564
114565
114566
114567
114571
114572
114573
114574
114575
114576
114577
114611
114612
114613
114614
114615
114616
114617
114623
114632
114641
114642
114643
114644
114645
114646
114647
114651
114652
114653
114654
114655
114656
114657
114661
114662
114663
114664
114665
114666
114667
114671
114672
114673
114674
114675
114676
114677
114711
114712
114713
114714
114715
114716
114717
114723
114732
114741
114742
114743
114744
114745
114746
114747
114751
114752
114753
114754
114755
114756
114757
114761
114762
114763
114764
114765
114766
114767
114771
114772
114773
114774
114775
114776
114777
115111
115112
115113
115114
115115
115116
115117
115122
115123
115124
115125
115126
115127
115132
115133
115134
115135
115136
115137
115142
115143
115144
115145
115146
115147
115152
115153
115154
115155
115156
115157
115162
115163
115164
115165
115166
115167
115172
115173
115174
115175
115176
115177
115211
115212
115213
115214
115215
115216
115217
115221
115222
115223
115224
115225
115226
115227
115231
115232
115233
115234
115235
115236
115237
115241
115242
115243
115244
115245
115246
115247
115251
115252
115253
115254
115255
115256
115257
115261
115262
115263
115264
115265
115266
115267
115271
115272
115273
115274
115275
115276
115277
115311
115312
115313
115314
115315
115316
115317
115321
115322
115323
115324
115325
115326
115327
115331
115332
115333
115334
115335
115336
115337
115341
115342
115343
115344
115345
115346
115347
115351
115352
115353
115354
115355
115356
115357
115361
115362
115363
115364
115365
115366
115367
115371
115372
115373
115374
115375
115376
115377
115411
115412
115413
115414
115415
115416
115417
115421
115422
115423
115424
115425
115426
115427
115431
115432
115433
115434
115435
115436
115437
115441
115442
115443
115444
115445
115446
115447
115451
115452
115453
115454
115455
115456
115457
115461
115462
115463
115464
115465
115466
115467
115471
115472
115473
115474
115475
115476
115477
115511
115512
115513
115514
115515
115516
115517
115521
115522
115523
115524
115525
115526
115527
115531
115532
115533
115534
115535
115536
115537
115541
115542
115543
115544
115545
115546
115547
115551
115552
115553
115554
115555
115556
115557
115561
115562
115563
115564
115565
115566
115567
115571
115572
115573
115574
115575
115576
115577
115611
115612
115613
115614
115615
115616
115617
115621
115622
115623
115624
115625
115626
115627
115631
115632
115633
115634
115635
115636
115637
115641
115642
115643
115644
115645
115646
115647
115651
115652
115653
115654
115655
115656
115657
115661
115662
115663
115664
115665
115666
115667
115671
115672
115673
115674
115675
115676
115677
115711
115712
115713
115714
115715
115716
115717
115721
115722
115723
115724
115725
115726
115727
115731
115732
115733
115734
115735
115736
115737
115741
115742
115743
115744
115745
115746
115747
115751
115752
115753
115754
115755
115756
115757
115761
115762
115763
115764
115765
115766
115767
115771
115772
115773
115774
115775
115776
115777
116111
116112
116113
116114
116115
116116
116117
116122
116123
116124
116125
116126
116127
116132
116133
116134
116135
116136
116137
116142
116143
116144
116145
116146
116147
116152
116153
116154
116155
116156
116157
116162
116163
116164
116165
116166
116167
116172
116173
116174
116175
116176
116177
116211
116212
116213
116214
116215
116216
116217
116221
116222
116223
116224
116225
116226
116227
116231
116232
116233
116234
116235
116236
116237
116241
116242
116243
116244
116245
116246
116247
116251
116252
116253
116254
116255
116256
116257
116261
116262
116263
116264
116265
116266
116267
116271
116272
116273
116274
116275
116276
116277
116311
116312
116313
116314
116315
116316
116317
116321
116322
116323
116324
116325
116326
116327
116331
116332
116333
116334
116335
116336
116337
116341
116342
116343
116344
116345
116346
116347
116351
116352
116353
116354
116355
116356
116357
116361
116362
116363
116364
116365
116366
116367
116371
116372
116373
116374
116375
116376
116377
116411
116412
116413
116414
116415
116416
116417
116421
116422
116423
116424
116425
116426
116427
116431
116432
116433
116434
116435
116436
116437
116441
116442
116443
116444
116445
116446
116447
116451
116452
116453
116454
116455
116456
116457
116461
116462
116463
116464
116465
116466
116467
116471
116472
116473
116474
116475
116476
116477
116511
116512
116513
116514
116515
116516
116517
116521
116522
116523
116524
116525
116526
116527
116531
116532
116533
116534
116535
116536
116537
116541
116542
116543
116544
116545
116546
116547
116551
116552
116553
116554
116555
116556
116557
116561
116562
116563
116564
116565
116566
116567
116571
116572
116573
116574
116575
116576
116577
116611
116612
116613
116614
116615
116616
116617
116621
116622
116623
116624
116625
116626
116627
116631
116632
116633
116634
116635
116636
116637
116641
116642
116643
116644
116645
116646
116647
116651
116652
116653
116654
116655
116656
116657
116661
116662
116663
116664
116665
116666
116667
116671
116672
116673
116674
116675
116676
116677
116711
116712
116713
116714
116715
116716
116717
116721
116722
116723
116724
116725
116726
116727
116731
116732
116733
116734
116735
116736
116737
116741
116742
116743
116744
116745
116746
116747
116751
116752
116753
116754
116755
116756
116757
116761
116762
116763
116764
116765
116766
116767
116771
116772
116773
116774
116775
116776
116777
117111
117112
117113
117114
117115
117116
117117
117122
117123
117124
117125
117126
117127
117132
117133
117134
117135
117136
117137
117142
117143
117144
117145
117146
117147
117152
117153
117154
117155
117156
117157
117162
117163
117164
117165
117166
117167
117172
117173
117174
117175
117176
117177
117211
117212
117213
117214
117215
117216
117217
117221
117222
117223
117224
117225
117226
117227
117231
117232
117233
117234
117235
117236
117237
117241
117242
117243
117244
117245
117246
117247
117251
117252
117253
117254
117255
117256
117257
117261
117262
117263
117264
117265
117266
117267
117271
117272
117273
117274
117275
117276
117277
117311
117312
117313
117314
117315
117316
117317
117321
117322
117323
117324
117325
117326
117327
117331
117332
117333
117334
117335
117336
117337
117341
117342
117343
117344
117345
117346
117347
117351
117352
117353
117354
117355
117356
117357
117361
117362
117363
117364
117365
117366
117367
117371
117372
117373
117374
117375
117376
117377
117411
117412
117413
117414
117415
117416
117417
117421
117422
117423
117424
117425
117426
117427
117431
117432
117433
117434
117435
117436
117437
117441
117442
117443
117444
117445
117446
117447
117451
117452
117453
117454
117455
117456
117457
117461
117462
117463
117464
117465
117466
117467
117471
117472
117473
117474
117475
117476
117477
117511
117512
117513
117514
117515
117516
117517
117521
117522
117523
117524
117525
117526
117527
117531
117532
117533
117534
117535
117536
117537
117541
117542
117543
117544
117545
117546
117547
117551
117552
117553
117554
117555
117556
117557
117561
117562
117563
117564
117565
117566
117567
117571
117572
117573
117574
117575
117576
117577
117611
117612
117613
117614
117615
117616
117617
117621
117622
117623
117624
117625
117626
117627
117631
117632
117633
117634
117635
117636
117637
117641
117642
117643
117644
117645
117646
117647
117651
117652
117653
117654
117655
117656
117657
117661
117662
117663
117664
117665
117666
117667
117671
117672
117673
117674
117675
117676
117677
117711
117712
117713
117714
117715
117716
117717
117721
117722
117723
117724
117725
117726
117727
117731
117732
117733
117734
117735
117736
117737
117741
117742
117743
117744
117745
117746
117747
117751
117752
117753
117754
117755
117756
117757
117761
117762
117763
117764
117765
117766
117767
117771
117772
117773
117774
117775
117776
117777
121111
121112
121113
121114
121115
121116
121117
121121
121122
121123
121124
121125
121126
121127
121131
121132
121133
121134
121135
121136
121137
121141
121142
121143
121144
121145
121146
121147
121151
121152
121153
121154
121155
121156
121157
121161
121162
121163
121164
121165
121166
121167
121171
121172
121173
121174
121175
121176
121177
121211
121221
121222
121223
121224
121225
121226
121227
121231
121233
121234
121235
121236
121237
121241
121243
121244
121245
121246
121247
121251
121253
121254
121255
121256
121257
121261
121263
121264
121265
121266
121267
121271
121273
121274
121275
121276
121277
121311
121321
121322
121323
121326
121327
121331
121332
121333
121336
121337
121341
121342
121343
121344
121345
121346
121347
121351
121352
121353
121354
121355
121356
121357
121361
121362
121363
121366
121367
121371
121372
121373
121376
121377
121411
121421
121422
121424
121426
121427
121431
121432
121433
121434
121435
121436
121437
121441
121442
121444
121446
121447
121451
121452
121453
121454
121455
121456
121457
121461
121462
121464
121466
121467
121471
121472
121474
121476
121477
121511
121521
121522
121525
121526
121527
121531
121532
121533
121534
121535
121536
121537
121541
121542
121543
121544
121545
121546
121547
121551
121552
121555
121556
121557
121561
121562
121565
121566
121567
121571
121572
121575
121576
121577
121611
121621
121622
121623
121624
121625
121626
121627
121631
121632
121633
121634
121635
121636
121637
121641
121642
121643
121644
121645
121646
121647
121651
121652
121653
121654
121655
121656
121657
121661
121662
121663
121664
121665
121666
121667
121671
121672
121673
121674
121675
121676
121677
121711
121721
121722
121723
121724
121725
121726
121727
121731
121732
121733
121734
121735
121736
121737
121741
121742
121743
121744
121745
121746
121747
121751
121752
121753
121754
121755
121756
121757
121761
121762
121763
121764
121765
121766
121767
121771
121772
121773
121774
121775
121776
121777
122111
122112
122113
122114
122115
122116
122117
122121
122122
122123
122124
122125
122126
122127
122131
122132
122133
122134
122135
122136
122137
122141
122142
122143
122144
122145
122146
122147
122151
122152
122153
122154
122155
122156
122157
122161
122162
122163
122164
122165
122166
122167
122171
122172
122173
122174
122175
122176
122177
122211
122212
122213
122214
122215
122216
122217
122221
122222
122223
122224
122225
122226
122227
122231
122232
122233
122234
122235
122236
122237
122241
122242
122243
122244
122245
122246
122247
122251
122252
122253
122254
122255
122256
122257
122261
122262
122263
122264
122265
122266
122267
122271
122272
122273
122274
122275
122276
122277
122311
122312
122313
122316
122317
122321
122322
122323
122326
122327
122331
122332
122333
122336
122337
122341
122342
122343
122344
122345
122346
122347
122351
122352
122353
122354
122355
122356
122357
122361
122362
122363
122366
122367
122371
122372
122373
122376
122377
122411
122412
122414
122416
122417
122421
122422
122424
122426
122427
122431
122432
122433
122434
122435
122436
122437
122441
122442
122444
122446
122447
122451
122452
122453
122454
122455
122456
122457
122461
122462
122464
122466
122467
122471
122472
122474
122476
122477
122511
122512
122515
122516
122517
122521
122522
122525
122526
122527
122531
122532
122533
122534
122535
122536
122537
122541
122542
122543
122544
122545
122546
122547
122551
122552
122555
122556
122557
122561
122562
122565
122566
122567
122571
122572
122575
122576
122577
122611
122612
122613
122614
122615
122616
122617
122621
122622
122623
122624
122625
122626
122627
122631
122632
122633
122634
122635
122636
122637
122641
122642
122643
122644
122645
122646
122647
122651
122652
122653
122654
122655
122656
122657
122661
122662
122663
122664
122665
122666
122667
122671
122672
122673
122674
122675
122676
122677
122711
122712
122713
122714
122715
122716
122717
122721
122722
122723
122724
122725
122726
122727
122731
122732
122733
122734
122735
122736
122737
122741
122742
122743
122744
122745
122746
122747
122751
122752
122753
122754
122755
122756
122757
122761
122762
122763
122764
122765
122766
122767
122771
122772
122773
122774
122775
122776
122777
123111
123112
123113
123114
123115
123116
123117
123121
123122
123123
123124
123125
123126
123127
123131
123132
123133
123134
123135
123136
123137
123141
123142
123143
123144
123145
123146
123147
123151
123152
123153
123154
123155
123156
123157
123161
123162
123163
123164
123165
123166
123167
123171
123172
123173
123174
123175
123176
123177
123211
123213
123214
123215
123216
123217
123221
123222
123223
123224
123225
123226
123227
123231
123233
123234
123235
123236
123237
123241
123243
123244
123245
123246
123247
123251
123253
123254
123255
123256
123257
123261
123263
123264
123265
123266
123267
123271
123273
123274
123275
123276
123277
123311
123312
123313
123314
123315
123316
123317
123321
123322
123323
123324
123325
123326
123327
123331
123332
123333
123334
123335
123336
123337
123341
123342
123343
123344
123345
123346
123347
123351
123352
123353
123354
123355
123356
123357
123361
123362
123363
123364
123365
123366
123367
123371
123372
123373
123374
123375
123376
123377
123411
123412
123413
123414
123415
123416
123417
123421
123422
123423
123424
123425
123426
123427
123431
123432
123433
123434
123435
123436
123437
123441
123442
123443
123444
123445
123446
123447
123451
123452
123453
123454
123455
123456
123457
123461
123462
123463
123464
123465
123466
123467
123471
123472
123473
123474
123475
123476
123477
123511
123512
123513
123514
123515
123516
123517
123521
123522
123523
123524
123525
123526
123527
123531
123532
123533
123534
123535
123536
123537
123541
123542
123543
123544
123545
123546
123547
123551
123552
123553
123554
123555
123556
123557
123561
123562
123563
123564
123565
123566
123567
123571
123572
123573
123574
123575
123576
123577
123611
123612
123613
123614
123615
123616
123617
123621
123622
123623
123624
123625
123626
123627
123631
123632
123633
123634
123635
123636
123637
123641
123642
123643
123644
123645
123646
123647
123651
123652
123653
123654
123655
123656
123657
123661
123662
123663
123664
123665
123666
123667
123671
123672
123673
123674
123675
123676
123677
123711
123712
123713
123714
123715
123716
123717
123721
123722
123723
123724
123725
123726
123727
123731
123732
123733
123734
123735
123736
123737
123741
123742
123743
123744
123745
123746
123747
123751
123752
123753
123754
123755
123756
123757
123761
123762
123763
123764
123765
123766
123767
123771
123772
123773
123774
123775
123776
123777
124111
124112
124113
124114
124115
124116
124117
124121
124122
124123
124124
124125
124126
124127
124131
124132
124133
124134
124135
124136
124137
124141
124142
124143
124144
124145
124146
124147
124151
124152
124153
124154
124155
124156
124157
124161
124162
124163
124164
124165
124166
124167
124171
124172
124173
124174
124175
124176
124177
124211
124213
124214
124215
124216
124217
124221
124222
124223
124224
124225
124226
124227
124231
124233
124234
124235
124236
124237
124241
124243
124244
124245
124246
124247
124251
124253
124254
124255
124256
124257
124261
124263
124264
124265
124266
124267
124271
124273
124274
124275
124276
124277
124311
124312
124313
124314
124315
124316
124317
124321
124322
124323
124324
124325
124326
124327
124331
124332
124333
124334
124335
124336
124337
124341
124342
124343
124344
124345
124346
124347
124351
124352
124353
124354
124355
124356
124357
124361
124362
124363
124364
124365
124366
124367
124371
124372
124373
124374
124375
124376
124377
124411
124412
124413
124414
124415
124416
124417
124421
124422
124423
124424
124425
124426
124427
124431
124432
124433
124434
124435
124436
124437
124441
124442
124443
124444
124445
124446
124447
124451
124452
124453
124454
124455
124456
124457
124461
124462
124463
124464
124465
124466
124467
124471
124472
124473
124474
124475
124476
124477
124511
124512
124513
124514
124515
124516
124517
124521
124522
124523
124524
124525
124526
124527
124531
124532
124533
124534
124535
124536
124537
124541
124542
124543
124544
124545
124546
124547
124551
124552
124553
124554
124555
124556
124557
124561
124562
124563
124564
124565
124566
124567
124571
124572
124573
124574
124575
124576
124577
124611
124612
124613
124614
124615
124616
124617
124621
124622
124623
124624
124625
124626
124627
124631
124632
124633
124634
124635
124636
124637
124641
124642
124643
124644
124645
124646
124647
124651
124652
124653
124654
124655
124656
124657
124661
124662
124663
124664
124665
124666
124667
124671
124672
124673
124674
124675
124676
124677
124711
124712
124713
124714
124715
124716
124717
124721
124722
124723
124724
124725
124726
124727
124731
124732
124733
124734
124735
124736
124737
124741
124742
124743
124744
124745
124746
124747
124751
124752
124753
124754
124755
124756
124757
124761
124762
124763
124764
124765
124766
124767
124771
124772
124773
124774
124775
124776
124777
125111
125112
125113
125114
125115
125116
125117
125121
125122
125123
125124
125125
125126
125127
125131
125132
125133
125134
125135
125136
125137
125141
125142
125143
125144
125145
125146
125147
125151
125152
125153
125154
125155
125156
125157
125161
125162
125163
125164
125165
125166
125167
125171
125172
125173
125174
125175
125176
125177
125211
125213
125214
125215
125216
125217
125221
125222
125223
125224
125225
125226
125227
125231
125233
125234
125235
125236
125237
125241
125243
125244
125245
125246
125247
125251
125253
125254
125255
125256
125257
125261
125263
125264
125265
125266
125267
125271
125273
125274
125275
125276
125277
125311
125312
125313
125314
125315
125316
125317
125321
125322
125323
125324
125325
125326
125327
125331
125332
125333
125334
125335
125336
125337
125341
125342
125343
125344
125345
125346
125347
125351
125352
125353
125354
125355
125356
125357
125361
125362
125363
125364
125365
125366
125367
125371
125372
125373
125374
125375
125376
125377
125411
125412
125413
125414
125415
125416
125417
125421
125422
125423
125424
125425
125426
125427
125431
125432
125433
125434
125435
125436
125437
125441
125442
125443
125444
125445
125446
125447
125451
125452
125453
125454
125455
125456
125457
125461
125462
125463
125464
125465
125466
125467
125471
125472
125473
125474
125475
125476
125477
125511
125512
125513
125514
125515
125516
125517
125521
125522
125523
125524
125525
125526
125527
125531
125532
125533
125534
125535
125536
125537
125541
125542
125543
125544
125545
125546
125547
125551
125552
125553
125554
125555
125556
125557
125561
125562
125563
125564
125565
125566
125567
125571
125572
125573
125574
125575
125576
125577
125611
125612
125613
125614
125615
125616
125617
125621
125622
125623
125624
125625
125626
125627
125631
125632
125633
125634
125635
125636
125637
125641
125642
125643
125644
125645
125646
125647
125651
125652
125653
125654
125655
125656
125657
125661
125662
125663
125664
125665
125666
125667
125671
125672
125673
125674
125675
125676
125677
125711
125712
125713
125714
125715
125716
125717
125721
125722
125723
125724
125725
125726
125727
125731
125732
125733
125734
125735
125736
125737
125741
125742
125743
125744
125745
125746
125747
125751
125752
125753
125754
125755
125756
125757
125761
125762
125763
125764
125765
125766
125767
125771
125772
125773
125774
125775
125776
125777
126111
126112
126113
126114
126115
126116
126117
126121
126122
126123
126124
126125
126126
126127
126131
126132
126133
126134
126135
126136
126137
126141
126142
126143
126144
126145
126146
126147
126151
126152
126153
126154
126155
126156
126157
126161
126162
126163
126164
126165
126166
126167
126171
126172
126173
126174
126175
126176
126177
126211
126213
126214
126215
126216
126217
126221
126222
126223
126224
126225
126226
126227
126231
126233
126234
126235
126236
126237
126241
126243
126244
126245
126246
126247
126251
126253
126254
126255
126256
126257
126261
126263
126264
126265
126266
126267
126271
126273
126274
126275
126276
126277
126311
126312
126313
126316
126317
126321
126322
126323
126326
126327
126331
126332
126333
126336
126337
126341
126342
126343
126344
126345
126346
126347
126351
126352
126353
126354
126355
126356
126357
126361
126362
126363
126366
126367
126371
126372
126373
126376
126377
126411
126412
126414
126416
126417
126421
126422
126424
126426
126427
126431
126432
126433
126434
126435
126436
126437
126441
126442
126444
126446
126447
126451
126452
126453
126454
126455
126456
126457
126461
126462
126464
126466
126467
126471
126472
126474
126476
126477
126511
126512
126515
126516
126517
126521
126522
126525
126526
126527
126531
126532
126533
126534
126535
126536
126537
126541
126542
126543
126544
126545
126546
126547
126551
126552
126555
126556
126557
126561
126562
126565
126566
126567
126571
126572
126575
126576
126577
126611
126612
126613
126614
126615
126616
126617
126621
126622
126623
126624
126625
126626
126627
126631
126632
126633
126634
126635
126636
126637
126641
126642
126643
126644
126645
126646
126647
126651
126652
126653
126654
126655
126656
126657
126661
126662
126663
126664
126665
126666
126667
126671
126672
126673
126674
126675
126676
126677
126711
126712
126713
126714
126715
126716
126717
126721
126722
126723
126724
126725
126726
126727
126731
126732
126733
126734
126735
126736
126737
126741
126742
126743
126744
126745
126746
126747
126751
126752
126753
126754
126755
126756
126757
126761
126762
126763
126764
126765
126766
126767
126771
126772
126773
126774
126775
126776
126777
127111
127112
127113
127114
127115
127116
127117
127121
127122
127123
127124
127125
127126
127127
127131
127132
127133
127134
127135
127136
127137
127141
127142
127143
127144
127145
127146
127147
127151
127152
127153
127154
127155
127156
127157
127161
127162
127163
127164
127165
127166
127167
127171
127172
127173
127174
127175
127176
127177
127211
127213
127214
127215
127216
127217
127221
127222
127223
127224
127225
127226
127227
127231
127233
127234
127235
127236
127237
127241
127243
127244
127245
127246
127247
127251
127253
127254
127255
127256
127257
127261
127263
127264
127265
127266
127267
127271
127273
127274
127275
127276
127277
127311
127312
127313
127316
127317
127321
127322
127323
127326
127327
127331
127332
127333
127336
127337
127341
127342
127343
127344
127345
127346
127347
127351
127352
127353
127354
127355
127356
127357
127361
127362
127363
127366
127367
127371
127372
127373
127376
127377
127411
127412
127414
127416
127417
127421
127422
127424
127426
127427
127431
127432
127433
127434
127435
127436
127437
127441
127442
127444
127446
127447
127451
127452
127453
127454
127455
127456
127457
127461
127462
127464
127466
127467
127471
127472
127474
127476
127477
127511
127512
127515
127516
127517
127521
127522
127525
127526
127527
127531
127532
127533
127534
127535
127536
127537
127541
127542
127543
127544
127545
127546
127547
127551
127552
127555
127556
127557
127561
127562
127565
127566
127567
127571
127572
127575
127576
127577
127611
127612
127613
127614
127615
127616
127617
127621
127622
127623
127624
127625
127626
127627
127631
127632
127633
127634
127635
127636
127637
127641
127642
127643
127644
127645
127646
127647
127651
127652
127653
127654
127655
127656
127657
127661
127662
127663
127664
127665
127666
127667
127671
127672
127673
127674
127675
127676
127677
127711
127712
127713
127714
127715
127716
127717
127721
127722
127723
127724
127725
127726
127727
127731
127732
127733
127734
127735
127736
127737
127741
127742
127743
127744
127745
127746
127747
127751
127752
127753
127754
127755
127756
127757
127761
127762
127763
127764
127765
127766
127767
127771
127772
127773
127774
127775
127776
127777
131111
131112
131113
131114
131115
131116
131117
131121
131122
131123
131124
131125
131126
131127
131131
131132
131133
131134
131135
131136
131137
131141
131142
131143
131144
131145
131146
131147
131151
131152
131153
131154
131155
131156
131157
131161
131162
131163
131164
131165
131166
131167
131171
131172
131173
131174
131175
131176
131177
131211
131221
131222
131223
131226
131227
131231
131232
131233
131236
131237
131241
131242
131243
131244
131245
131246
131247
131251
131252
131253
131254
131255
131256
131257
131261
131262
131263
131266
131267
131271
131272
131273
131276
131277
131311
131321
131322
131324
131325
131326
131327
131331
131332
131333
131334
131335
131336
131337
131341
131342
131344
131345
131346
131347
131351
131352
131354
131355
131356
131357
131361
131362
131364
131365
131366
131367
131371
131372
131374
131375
131376
131377
131411
131421
131422
131423
131424
131427
131431
131433
131434
131437
131441
131443
131444
131447
131451
131452
131453
131454
131455
131456
131457
131461
131463
131464
131466
131467
131471
131473
131474
131477
131511
131521
131522
131523
131525
131527
131531
131533
131535
131537
131541
131542
131543
131544
131545
131546
131547
131551
131553
131555
131557
131561
131563
131565
131566
131567
131571
131573
131575
131577
131611
131621
131622
131623
131626
131627
131631
131632
131633
131636
131637
131641
131642
131643
131644
131645
131646
131647
131651
131652
131653
131654
131655
131656
131657
131661
131662
131663
131666
131667
131671
131672
131673
131676
131677
131711
131721
131722
131723
131724
131725
131726
131727
131731
131732
131733
131734
131735
131736
131737
131741
131742
131743
131744
131745
131746
131747
131751
131752
131753
131754
131755
131756
131757
131761
131762
131763
131764
131765
131766
131767
131771
131772
131773
131774
131775
131776
131777
132111
132112
132113
132114
132115
132116
132117
132121
132122
132123
132124
132125
132126
132127
132131
132132
132133
132134
132135
132136
132137
132141
132142
132143
132144
132145
132146
132147
132151
132152
132153
132154
132155
132156
132157
132161
132162
132163
132164
132165
132166
132167
132171
132172
132173
132174
132175
132176
132177
132211
132212
132213
132214
132215
132216
132217
132221
132222
132223
132224
132225
132226
132227
132231
132232
132233
132234
132235
132236
132237
132241
132242
132243
132244
132245
132246
132247
132251
132252
132253
132254
132255
132256
132257
132261
132262
132263
132264
132265
132266
132267
132271
132272
132273
132274
132275
132276
132277
132311
132312
132314
132315
132316
132317
132321
132322
132324
132325
132326
132327
132331
132332
132333
132334
132335
132336
132337
132341
132342
132344
132345
132346
132347
132351
132352
132354
132355
132356
132357
132361
132362
132364
132365
132366
132367
132371
132372
132374
132375
132376
132377
132411
132412
132413
132414
132417
132421
132422
132423
132424
132427
132431
132432
132433
132434
132437
132441
132442
132443
132444
132447
132451
132452
132453
132454
132455
132456
132457
132461
132462
132463
132464
132465
132466
132467
132471
132472
132473
132474
132477
132511
132512
132513
132515
132517
132521
132522
132523
132525
132527
132531
132532
132533
132535
132537
132541
132542
132543
132544
132545
132546
132547
132551
132552
132553
132555
132557
132561
132562
132563
132564
132565
132566
132567
132571
132572
132573
132575
132577
132611
132612
132613
132616
132617
132621
132622
132623
132626
132627
132631
132632
132633
132636
132637
132641
132642
132643
132644
132645
132646
132647
132651
132652
132653
132654
132655
132656
132657
132661
132662
132663
132666
132667
132671
132672
132673
132676
132677
132711
132712
132713
132714
132715
132716
132717
132721
132722
132723
132724
132725
132726
132727
132731
132732
132733
132734
132735
132736
132737
132741
132742
132743
132744
132745
132746
132747
132751
132752
132753
132754
132755
132756
132757
132761
132762
132763
132764
132765
132766
132767
132771
132772
132773
132774
132775
132776
132777
133111
133112
133113
133114
133115
133116
133117
133121
133122
133123
133124
133125
133126
133127
133131
133132
133133
133134
133135
133136
133137
133141
133142
133143
133144
133145
133146
133147
133151
133152
133153
133154
133155
133156
133157
133161
133162
133163
133164
133165
133166
133167
133171
133172
133173
133174
133175
133176
133177
133211
133212
133213
133216
133217
133221
133222
133223
133226
133227
133231
133232
133233
133236
133237
133241
133242
133243
133244
133245
133246
133247
133251
133252
133253
133254
133255
133256
133257
133261
133262
133263
133266
133267
133271
133272
133273
133276
133277
133311
133312
133313
133314
133315
133316
133317
133321
133322
133323
133324
133325
133326
133327
133331
133332
133333
133334
133335
133336
133337
133341
133342
133343
133344
133345
133346
133347
133351
133352
133353
133354
133355
133356
133357
133361
133362
133363
133364
133365
133366
133367
133371
133372
133373
133374
133375
133376
133377
133411
133413
133414
133417
133421
133422
133423
133424
133427
133431
133433
133434
133437
133441
133443
133444
133447
133451
133452
133453
133454
133455
133456
133457
133461
133463
133464
133466
133467
133471
133473
133474
133477
133511
133513
133515
133517
133521
133522
133523
133525
133527
133531
133533
133535
133537
133541
133542
133543
133544
133545
133546
133547
133551
133553
133555
133557
133561
133563
133565
133566
133567
133571
133573
133575
133577
133611
133612
133613
133616
133617
133621
133622
133623
133626
133627
133631
133632
133633
133636
133637
133641
133642
133643
133644
133645
133646
133647
133651
133652
133653
133654
133655
133656
133657
133661
133662
133663
133666
133667
133671
133672
133673
133676
133677
133711
133712
133713
133714
133715
133716
133717
133721
133722
133723
133724
133725
133726
133727
133731
133732
133733
133734
133735
133736
133737
133741
133742
133743
133744
133745
133746
133747
133751
133752
133753
133754
133755
133756
133757
133761
133762
133763
133764
133765
133766
133767
133771
133772
133773
133774
133775
133776
133777
134111
134112
134113
134114
134115
134116
134117
134121
134122
134123
134124
134125
134126
134127
134131
134132
134133
134134
134135
134136
134137
134141
134142
134143
134144
134145
134146
134147
134151
134152
134153
134154
134155
134156
134157
134161
134162
134163
134164
134165
134166
134167
134171
134172
134173
134174
134175
134176
134177
134211
134212
134213
134214
134215
134216
134217
134221
134222
134223
134224
134225
134226
134227
134231
134232
134233
134234
134235
134236
134237
134241
134242
134243
134244
134245
134246
134247
134251
134252
134253
134254
134255
134256
134257
134261
134262
134263
134264
134265
134266
134267
134271
134272
134273
134274
134275
134276
134277
134311
134312
134314
134315
134316
134317
134321
134322
134324
134325
134326
134327
134331
134332
134333
134334
134335
134336
134337
134341
134342
134344
134345
134346
134347
134351
134352
134354
134355
134356
134357
134361
134362
134364
134365
134366
134367
134371
134372
134374
134375
134376
134377
134411
134412
134413
134414
134415
134416
134417
134421
134422
134423
134424
134425
134426
134427
134431
134432
134433
134434
134435
134436
134437
134441
134442
134443
134444
134445
134446
134447
134451
134452
134453
134454
134455
134456
134457
134461
134462
134463
134464
134465
134466
134467
134471
134472
134473
134474
134475
134476
134477
134511
134512
134513
134514
134515
134516
134517
134521
134522
134523
134524
134525
134526
134527
134531
134532
134533
134534
134535
134536
134537
134541
134542
134543
134544
134545
134546
134547
134551
134552
134553
134554
134555
134556
134557
134561
134562
134563
134564
134565
134566
134567
134571
134572
134573
134574
134575
134576
134577
134611
134612
134613
134614
134615
134616
134617
134621
134622
134623
134624
134625
134626
134627
134631
134632
134633
134634
134635
134636
134637
134641
134642
134643
134644
134645
134646
134647
134651
134652
134653
134654
134655
134656
134657
134661
134662
134663
134664
134665
134666
134667
134671
134672
134673
134674
134675
134676
134677
134711
134712
134713
134714
134715
134716
134717
134721
134722
134723
134724
134725
134726
134727
134731
134732
134733
134734
134735
134736
134737
134741
134742
134743
134744
134745
134746
134747
134751
134752
134753
134754
134755
134756
134757
134761
134762
134763
134764
134765
134766
134767
134771
134772
134773
134774
134775
134776
134777
135111
135112
135113
135114
135115
135116
135117
135121
135122
135123
135124
135125
135126
135127
135131
135132
135133
135134
135135
135136
135137
135141
135142
135143
135144
135145
135146
135147
135151
135152
135153
135154
135155
135156
135157
135161
135162
135163
135164
135165
135166
135167
135171
135172
135173
135174
135175
135176
135177
135211
135212
135213
135214
135215
135216
135217
135221
135222
135223
135224
135225
135226
135227
135231
135232
135233
135234
135235
135236
135237
135241
135242
135243
135244
135245
135246
135247
135251
135252
135253
135254
135255
135256
135257
135261
135262
135263
135264
135265
135266
135267
135271
135272
135273
135274
135275
135276
135277
135311
135312
135314
135315
135316
135317
135321
135322
135324
135325
135326
135327
135331
135332
135333
135334
135335
135336
135337
135341
135342
135344
135345
135346
135347
135351
135352
135354
135355
135356
135357
135361
135362
135364
135365
135366
135367
135371
135372
135374
135375
135376
135377
135411
135412
135413
135414
135415
135416
135417
135421
135422
135423
135424
135425
135426
135427
135431
135432
135433
135434
135435
135436
135437
135441
135442
135443
135444
135445
135446
135447
135451
135452
135453
135454
135455
135456
135457
135461
135462
135463
135464
135465
135466
135467
135471
135472
135473
135474
135475
135476
135477
135511
135512
135513
135514
135515
135516
135517
135521
135522
135523
135524
135525
135526
135527
135531
135532
135533
135534
135535
135536
135537
135541
135542
135543
135544
135545
135546
135547
135551
135552
135553
135554
135555
135556
135557
135561
135562
135563
135564
135565
135566
135567
135571
135572
135573
135574
135575
135576
135577
135611
135612
135613
135614
135615
135616
135617
135621
135622
135623
135624
135625
135626
135627
135631
135632
135633
135634
135635
135636
135637
135641
135642
135643
135644
135645
135646
135647
135651
135652
135653
135654
135655
135656
135657
135661
135662
135663
135664
135665
135666
135667
135671
135672
135673
135674
135675
135676
135677
135711
135712
135713
135714
135715
135716
135717
135721
135722
135723
135724
135725
135726
135727
135731
135732
135733
135734
135735
135736
135737
135741
135742
135743
135744
135745
135746
135747
135751
135752
135753
135754
135755
135756
135757
135761
135762
135763
135764
135765
135766
135767
135771
135772
135773
135774
135775
135776
135777
136111
136112
136113
136114
136115
136116
136117
136121
136122
136123
136124
136125
136126
136127
136131
136132
136133
136134
136135
136136
136137
136141
136142
136143
136144
136145
136146
136147
136151
136152
136153
136154
136155
136156
136157
136161
136162
136163
136164
136165
136166
136167
136171
136172
136173
136174
136175
136176
136177
136211
136212
136213
136216
136217
136221
136222
136223
136226
136227
136231
136232
136233
136236
136237
136241
136242
136243
136244
136245
136246
136247
136251
136252
136253
136254
136255
136256
136257
136261
136262
136263
136266
136267
136271
136272
136273
136276
136277
136311
136312
136314
136315
136316
136317
136321
136322
136324
136325
136326
136327
136331
136332
136333
136334
136335
136336
136337
136341
136342
136344
136345
136346
136347
136351
136352
136354
136355
136356
136357
136361
136362
136364
136365
136366
136367
136371
136372
136374
136375
136376
136377
136411
136413
136414
136416
136417
136421
136422
136423
136424
136425
136426
136427
136431
136433
136434
136436
136437
136441
136443
136444
136446
136447
136451
136452
136453
136454
136455
136456
136457
136461
136463
136464
136466
136467
136471
136473
136474
136476
136477
136511
136513
136515
136516
136517
136521
136522
136523
136524
136525
136526
136527
136531
136533
136535
136536
136537
136541
136542
136543
136544
136545
136546
136547
136551
136553
136555
136556
136557
136561
136563
136565
136566
136567
136571
136573
136575
136576
136577
136611
136612
136613
136614
136615
136616
136617
136621
136622
136623
136624
136625
136626
136627
136631
136632
136633
136634
136635
136636
136637
136641
136642
136643
136644
136645
136646
136647
136651
136652
136653
136654
136655
136656
136657
136661
136662
136663
136664
136665
136666
136667
136671
136672
136673
136674
136675
136676
136677
136711
136712
136713
136714
136715
136716
136717
136721
136722
136723
136724
136725
136726
136727
136731
136732
136733
136734
136735
136736
136737
136741
136742
136743
136744
136745
136746
136747
136751
136752
136753
136754
136755
136756
136757
136761
136762
136763
136764
136765
136766
136767
136771
136772
136773
136774
136775
136776
136777
137111
137112
137113
137114
137115
137116
137117
137121
137122
137123
137124
137125
137126
137127
137131
137132
137133
137134
137135
137136
137137
137141
137142
137143
137144
137145
137146
137147
137151
137152
137153
137154
137155
137156
137157
137161
137162
137163
137164
137165
137166
137167
137171
137172
137173
137174
137175
137176
137177
137211
137212
137213
137216
137217
137221
137222
137223
137226
137227
137231
137232
137233
137236
137237
137241
137242
137243
137244
137245
137246
137247
137251
137252
137253
137254
137255
137256
137257
137261
137262
137263
137266
137267
137271
137272
137273
137276
137277
137311
137312
137314
137315
137316
137317
137321
137322
137324
137325
137326
137327
137331
137332
137333
137334
137335
137336
137337
137341
137342
137344
137345
137346
137347
137351
137352
137354
137355
137356
137357
137361
137362
137364
137365
137366
137367
137371
137372
137374
137375
137376
137377
137411
137413
137414
137417
137421
137422
137423
137424
137427
137431
137433
137434
137437
137441
137443
137444
137447
137451
137452
137453
137454
137455
137456
137457
137461
137463
137464
137466
137467
137471
137473
137474
137477
137511
137513
137515
137517
137521
137522
137523
137525
137527
137531
137533
137535
137537
137541
137542
137543
137544
137545
137546
137547
137551
137553
137555
137557
137561
137563
137565
137566
137567
137571
137573
137575
137577
137611
137612
137613
137616
137617
137621
137622
137623
137626
137627
137631
137632
137633
137636
137637
137641
137642
137643
137644
137645
137646
137647
137651
137652
137653
137654
137655
137656
137657
137661
137662
137663
137666
137667
137671
137672
137673
137676
137677
137711
137712
137713
137714
137715
137716
137717
137721
137722
137723
137724
137725
137726
137727
137731
137732
137733
137734
137735
137736
137737
137741
137742
137743
137744
137745
137746
137747
137751
137752
137753
137754
137755
137756
137757
137761
137762
137763
137764
137765
137766
137767
137771
137772
137773
137774
137775
137776
137777
141111
141112
141113
141114
141115
141116
141117
141121
141122
141123
141124
141125
141126
141127
141131
141132
141133
141134
141135
141136
141137
141141
141142
141143
141144
141145
141146
141147
141151
141152
141153
141154
141155
141156
141157
141161
141162
141163
141164
141165
141166
141167
141171
141172
141173
141174
141175
141176
141177
141211
141221
141222
141224
141226
141227
141231
141232
141233
141234
141235
141236
141237
141241
141242
141244
141246
141247
141251
141252
141253
141254
141255
141256
141257
141261
141262
141264
141266
141267
141271
141272
141274
141276
141277
141311
141321
141322
141323
141324
141327
141331
141333
141334
141337
141341
141343
141344
141347
141351
141352
141353
141354
141355
141356
141357
141361
141363
141364
141366
141367
141371
141373
141374
141377
141411
141421
141422
141423
141425
141426
141427
141431
141432
141433
141435
141436
141437
141441
141442
141443
141444
141445
141446
141447
141451
141452
141453
141455
141456
141457
141461
141462
141463
141465
141466
141467
141471
141472
141473
141475
141476
141477
141511
141521
141522
141524
141525
141531
141532
141533
141534
141535
141541
141544
141545
141551
141554
141555
141561
141564
141565
141566
141567
141571
141574
141575
141577
141611
141621
141622
141624
141626
141631
141632
141633
141634
141636
141641
141642
141644
141646
141651
141652
141653
141654
141655
141656
141657
141661
141662
141664
141666
141671
141672
141674
141676
141677
141711
141721
141722
141723
141724
141727
141731
141732
141733
141734
141737
141741
141742
141743
141744
141747
141751
141752
141753
141754
141755
141756
141757
141761
141762
141763
141764
141765
141766
141767
141771
141772
141773
141774
141777
142111
142112
142113
142114
142115
142116
142117
142121
142122
142123
142124
142125
142126
142127
142131
142132
142133
142134
142135
142136
142137
142141
142142
142143
142144
142145
142146
142147
142151
142152
142153
142154
142155
142156
142157
142161
142162
142163
142164
142165
142166
142167
142171
142172
142173
142174
142175
142176
142177
142211
142212
142213
142214
142215
142216
142217
142221
142222
142223
142224
142225
142226
142227
142231
142232
142233
142234
142235
142236
142237
142241
142242
142243
142244
142245
142246
142247
142251
142252
142253
142254
142255
142256
142257
142261
142262
142263
142264
142265
142266
142267
142271
142272
142273
142274
142275
142276
142277
142311
142312
142313
142314
142317
142321
142322
142323
142324
142327
142331
142332
142333
142334
142337
142341
142342
142343
142344
142347
142351
142352
142353
142354
142355
142356
142357
142361
142362
142363
142364
142365
142366
142367
142371
142372
142373
142374
142377
142411
142412
142413
142415
142416
142417
142421
142422
142423
142425
142426
142427
142431
142432
142433
142435
142436
142437
142441
142442
142443
142444
142445
142446
142447
142451
142452
142453
142455
142456
142457
142461
142462
142463
142465
142466
142467
142471
142472
142473
142475
142476
142477
142511
142512
142514
142515
142521
142522
142524
142525
142531
142532
142533
142534
142535
142541
142542
142544
142545
142551
142552
142554
142555
142561
142562
142563
142564
142565
142566
142567
142571
142572
142574
142575
142577
142611
142612
142614
142616
142621
142622
142624
142626
142631
142632
142633
142634
142636
142641
142642
142644
142646
142651
142652
142653
142654
142655
142656
142657
142661
142662
142664
142666
142671
142672
142674
142676
142677
142711
142712
142713
142714
142717
142721
142722
142723
142724
142727
142731
142732
142733
142734
142737
142741
142742
142743
142744
142747
142751
142752
142753
142754
142755
142756
142757
142761
142762
142763
142764
142765
142766
142767
142771
142772
142773
142774
142777
143111
143112
143113
143114
143115
143116
143117
143121
143122
143123
143124
143125
143126
143127
143131
143132
143133
143134
143135
143136
143137
143141
143142
143143
143144
143145
143146
143147
143151
143152
143153
143154
143155
143156
143157
143161
143162
143163
143164
143165
143166
143167
143171
143172
143173
143174
143175
143176
143177
143211
143212
143213
143214
143215
143216
143217
143221
143222
143223
143224
143225
143226
143227
143231
143232
143233
143234
143235
143236
143237
143241
143242
143243
143244
143245
143246
143247
143251
143252
143253
143254
143255
143256
143257
143261
143262
143263
143264
143265
143266
143267
143271
143272
143273
143274
143275
143276
143277
143311
143312
143313
143314
143315
143316
143317
143321
143322
143323
143324
143325
143326
143327
143331
143332
143333
143334
143335
143336
143337
143341
143342
143343
143344
143345
143346
143347
143351
143352
143353
143354
143355
143356
143357
143361
143362
143363
143364
143365
143366
143367
143371
143372
143373
143374
143375
143376
143377
143411
143412
143413
143415
143416
143417
143421
143422
143423
143425
143426
143427
143431
143432
143433
143435
143436
143437
143441
143442
143443
143444
143445
143446
143447
143451
143452
143453
143455
143456
143457
143461
143462
143463
143465
143466
143467
143471
143472
143473
143475
143476
143477
143511
143512
143513
143514
143515
143521
143522
143523
143524
143525
143531
143532
143533
143534
143535
143541
143542
143543
143544
143545
143551
143552
143553
143554
143555
143561
143562
143563
143564
143565
143566
143567
143571
143572
143573
143574
143575
143576
143577
143611
143612
143613
143614
143616
143621
143622
143623
143624
143626
143631
143632
143633
143634
143636
143641
143642
143643
143644
143646
143651
143652
143653
143654
143655
143656
143657
143661
143662
143663
143664
143666
143671
143672
143673
143674
143675
143676
143677
143711
143712
143713
143714
143717
143721
143722
143723
143724
143727
143731
143732
143733
143734
143737
143741
143742
143743
143744
143747
143751
143752
143753
143754
143755
143756
143757
143761
143762
143763
143764
143765
143766
143767
143771
143772
143773
143774
143777
144111
144112
144113
144114
144115
144116
144117
144121
144122
144123
144124
144125
144126
144127
144131
144132
144133
144134
144135
144136
144137
144141
144142
144143
144144
144145
144146
144147
144151
144152
144153
144154
144155
144156
144157
144161
144162
144163
144164
144165
144166
144167
144171
144172
144173
144174
144175
144176
144177
144211
144212
144214
144216
144217
144221
144222
144224
144226
144227
144231
144232
144233
144234
144235
144236
144237
144241
144242
144244
144246
144247
144251
144252
144253
144254
144255
144256
144257
144261
144262
144264
144266
144267
144271
144272
144274
144276
144277
144311
144313
144314
144317
144321
144322
144323
144324
144327
144331
144333
144334
144337
144341
144343
144344
144347
144351
144352
144353
144354
144355
144356
144357
144361
144363
144364
144366
144367
144371
144373
144374
144377
144411
144412
144413
144414
144415
144416
144417
144421
144422
144423
144424
144425
144426
144427
144431
144432
144433
144434
144435
144436
144437
144441
144442
144443
144444
144445
144446
144447
144451
144452
144453
144454
144455
144456
144457
144461
144462
144463
144464
144465
144466
144467
144471
144472
144473
144474
144475
144476
144477
144511
144514
144515
144521
144522
144524
144525
144531
144532
144533
144534
144535
144541
144544
144545
144551
144554
144555
144561
144564
144565
144566
144567
144571
144574
144575
144577
144611
144612
144614
144616
144621
144622
144624
144626
144631
144632
144633
144634
144636
144641
144642
144644
144646
144651
144652
144653
144654
144655
144656
144657
144661
144662
144664
144666
144671
144672
144674
144676
144677
144711
144712
144713
144714
144717
144721
144722
144723
144724
144727
144731
144732
144733
144734
144737
144741
144742
144743
144744
144747
144751
144752
144753
144754
144755
144756
144757
144761
144762
144763
144764
144765
144766
144767
144771
144772
144773
144774
144777
145111
145112
145113
145114
145115
145116
145117
145121
145122
145123
145124
145125
145126
145127
145131
145132
145133
145134
145135
145136
145137
145141
145142
145143
145144
145145
145146
145147
145151
145152
145153
145154
145155
145156
145157
145161
145162
145163
145164
145165
145166
145167
145171
145172
145173
145174
145175
145176
145177
145211
145212
145213
145214
145215
145216
145217
145221
145222
145223
145224
145225
145226
145227
145231
145232
145233
145234
145235
145236
145237
145241
145242
145243
145244
145245
145246
145247
145251
145252
145253
145254
145255
145256
145257
145261
145262
145263
145264
145265
145266
145267
145271
145272
145273
145274
145275
145276
145277
145311
145312
145313
145314
145315
145316
145317
145321
145322
145323
145324
145325
145326
145327
145331
145332
145333
145334
145335
145336
145337
145341
145342
145343
145344
145345
145346
145347
145351
145352
145353
145354
145355
145356
145357
145361
145362
145363
145364
145365
145366
145367
145371
145372
145373
145374
145375
145376
145377
145411
145412
145413
145415
145416
145417
145421
145422
145423
145425
145426
145427
145431
145432
145433
145435
145436
145437
145441
145442
145443
145444
145445
145446
145447
145451
145452
145453
145455
145456
145457
145461
145462
145463
145465
145466
145467
145471
145472
145473
145475
145476
145477
145511
145512
145513
145514
145515
145516
145517
145521
145522
145523
145524
145525
145526
145527
145531
145532
145533
145534
145535
145536
145537
145541
145542
145543
145544
145545
145546
145547
145551
145552
145553
145554
145555
145556
145557
145561
145562
145563
145564
145565
145566
145567
145571
145572
145573
145574
145575
145576
145577
145611
145612
145613
145614
145615
145616
145617
145621
145622
145623
145624
145625
145626
145627
145631
145632
145633
145634
145635
145636
145637
145641
145642
145643
145644
145645
145646
145647
145651
145652
145653
145654
145655
145656
145657
145661
145662
145663
145664
145665
145666
145667
145671
145672
145673
145674
145675
145676
145677
145711
145712
145713
145714
145715
145716
145717
145721
145722
145723
145724
145725
145726
145727
145731
145732
145733
145734
145735
145736
145737
145741
145742
145743
145744
145745
145746
145747
145751
145752
145753
145754
145755
145756
145757
145761
145762
145763
145764
145765
145766
145767
145771
145772
145773
145774
145775
145776
145777
146111
146112
146113
146114
146115
146116
146117
146121
146122
146123
146124
146125
146126
146127
146131
146132
146133
146134
146135
146136
146137
146141
146142
146143
146144
146145
146146
146147
146151
146152
146153
146154
146155
146156
146157
146161
146162
146163
146164
146165
146166
146167
146171
146172
146173
146174
146175
146176
146177
146211
146212
146214
146216
146217
146221
146222
146224
146226
146227
146231
146232
146233
146234
146235
146236
146237
146241
146242
146244
146246
146247
146251
146252
146253
146254
146255
146256
146257
146261
146262
146264
146266
146267
146271
146272
146274
146276
146277
146311
146313
146314
146316
146317
146321
146322
146323
146324
146325
146326
146327
146331
146333
146334
146336
146337
146341
146343
146344
146346
146347
146351
146352
146353
146354
146355
146356
146357
146361
146363
146364
146366
146367
146371
146373
146374
146376
146377
146411
146412
146413
146415
146416
146417
146421
146422
146423
146425
146426
146427
146431
146432
146433
146435
146436
146437
146441
146442
146443
146444
146445
146446
146447
146451
146452
146453
146455
146456
146457
146461
146462
146463
146465
146466
146467
146471
146472
146473
146475
146476
146477
146511
146514
146515
146516
146517
146521
146522
146523
146524
146525
146526
146527
146531
146532
146533
146534
146535
146536
146537
146541
146544
146545
146546
146547
146551
146554
146555
146556
146557
146561
146564
146565
146566
146567
146571
146574
146575
146576
146577
146611
146612
146613
146614
146615
146616
146617
146621
146622
146623
146624
146625
146626
146627
146631
146632
146633
146634
146635
146636
146637
146641
146642
146643
146644
146645
146646
146647
146651
146652
146653
146654
146655
146656
146657
146661
146662
146663
146664
146665
146666
146667
146671
146672
146673
146674
146675
146676
146677
146711
146712
146713
146714
146715
146716
146717
146721
146722
146723
146724
146725
146726
146727
146731
146732
146733
146734
146735
146736
146737
146741
146742
146743
146744
146745
146746
146747
146751
146752
146753
146754
146755
146756
146757
146761
146762
146763
146764
146765
146766
146767
146771
146772
146773
146774
146775
146776
146777
147111
147112
147113
147114
147115
147116
147117
147121
147122
147123
147124
147125
147126
147127
147131
147132
147133
147134
147135
147136
147137
147141
147142
147143
147144
147145
147146
147147
147151
147152
147153
147154
147155
147156
147157
147161
147162
147163
147164
147165
147166
147167
147171
147172
147173
147174
147175
147176
147177
147211
147212
147214
147216
147217
147221
147222
147224
147226
147227
147231
147232
147233
147234
147235
147236
147237
147241
147242
147244
147246
147247
147251
147252
147253
147254
147255
147256
147257
147261
147262
147264
147266
147267
147271
147272
147274
147276
147277
147311
147313
147314
147317
147321
147322
147323
147324
147327
147331
147333
147334
147337
147341
147343
147344
147347
147351
147352
147353
147354
147355
147356
147357
147361
147363
147364
147366
147367
147371
147373
147374
147377
147411
147412
147413
147415
147416
147417
147421
147422
147423
147425
147426
147427
147431
147432
147433
147435
147436
147437
147441
147442
147443
147444
147445
147446
147447
147451
147452
147453
147455
147456
147457
147461
147462
147463
147465
147466
147467
147471
147472
147473
147475
147476
147477
147511
147514
147515
147517
147521
147522
147524
147525
147527
147531
147532
147533
147534
147535
147536
147537
147541
147544
147545
147547
147551
147554
147555
147557
147561
147564
147565
147566
147567
147571
147574
147575
147577
147611
147612
147614
147616
147617
147621
147622
147624
147626
147627
147631
147632
147633
147634
147635
147636
147637
147641
147642
147644
147646
147647
147651
147652
147653
147654
147655
147656
147657
147661
147662
147664
147666
147667
147671
147672
147674
147676
147677
147711
147712
147713
147714
147715
147716
147717
147721
147722
147723
147724
147725
147726
147727
147731
147732
147733
147734
147735
147736
147737
147741
147742
147743
147744
147745
147746
147747
147751
147752
147753
147754
147755
147756
147757
147761
147762
147763
147764
147765
147766
147767
147771
147772
147773
147774
147775
147776
147777
151111
151112
151113
151114
151115
151116
151117
151121
151122
151123
151124
151125
151126
151127
151131
151132
151133
151134
151135
151136
151137
151141
151142
151143
151144
151145
151146
151147
151151
151152
151153
151154
151155
151156
151157
151161
151162
151163
151164
151165
151166
151167
151171
151172
151173
151174
151175
151176
151177
151211
151221
151222
151225
151226
151227
151231
151232
151233
151234
151235
151236
151237
151241
151242
151243
151244
151245
151246
151247
151251
151252
151255
151256
151257
151261
151262
151265
151266
151267
151271
151272
151275
151276
151277
151311
151321
151322
151323
151325
151327
151331
151333
151335
151337
151341
151342
151343
151344
151345
151346
151347
151351
151353
151355
151357
151361
151363
151365
151366
151367
151371
151373
151375
151377
151411
151421
151422
151424
151425
151431
151432
151433
151434
151435
151441
151444
151445
151451
151454
151455
151461
151464
151465
151466
151467
151471
151474
151475
151477
151511
151521
151522
151523
151524
151526
151527
151531
151532
151533
151534
151536
151537
151541
151542
151543
151544
151546
151547
151551
151552
151553
151554
151555
151556
151557
151561
151562
151563
151564
151566
151567
151571
151572
151573
151574
151576
151577
151611
151621
151622
151625
151626
151631
151632
151633
151635
151636
151641
151642
151643
151644
151645
151646
151647
151651
151652
151655
151656
151661
151662
151665
151666
151671
151672
151675
151676
151677
151711
151721
151722
151723
151725
151727
151731
151732
151733
151735
151737
151741
151742
151743
151744
151745
151746
151747
151751
151752
151753
151755
151757
151761
151762
151763
151764
151765
151766
151767
151771
151772
151773
151775
151777
152111
152112
152113
152114
152115
152116
152117
152121
152122
152123
152124
152125
152126
152127
152134
152143
152151
152152
152153
152154
152155
152156
152157
152161
152162
152163
152164
152165
152166
152167
152171
152172
152173
152174
152175
152176
152177
152211
152212
152213
152214
152215
152216
152217
152221
152222
152223
152224
152225
152226
152227
152234
152243
152251
152252
152253
152254
152255
152256
152257
152261
152262
152263
152264
152265
152266
152267
152271
152272
152273
152274
152275
152276
152277
152311
152312
152313
152315
152317
152321
152322
152323
152325
152327
152331
152332
152333
152335
152337
152341
152342
152343
152344
152345
152346
152347
152351
152352
152353
152355
152357
152361
152362
152363
152364
152365
152366
152367
152371
152372
152373
152375
152377
152411
152412
152414
152415
152421
152422
152424
152425
152431
152432
152433
152434
152435
152441
152442
152444
152445
152451
152452
152454
152455
152461
152462
152463
152464
152465
152466
152467
152471
152472
152474
152475
152477
152511
152512
152513
152514
152516
152517
152521
152522
152523
152524
152526
152527
152534
152543
152551
152552
152553
152554
152555
152556
152557
152561
152562
152563
152564
152566
152567
152571
152572
152573
152574
152576
152577
152611
152612
152615
152616
152621
152622
152625
152626
152643
152651
152652
152655
152656
152661
152662
152665
152666
152671
152672
152675
152676
152677
152711
152712
152713
152715
152717
152721
152722
152723
152725
152727
152743
152751
152752
152753
152755
152757
152761
152762
152763
152764
152765
152766
152767
152771
152772
152773
152775
152777
153111
153112
153113
153114
153115
153116
153117
153124
153131
153132
153133
153134
153135
153136
153137
153142
153151
153152
153153
153154
153155
153156
153157
153161
153162
153163
153164
153165
153166
153167
153171
153172
153173
153174
153175
153176
153177
153211
153212
153213
153214
153215
153216
153217
153221
153222
153223
153224
153225
153226
153227
153231
153232
153233
153234
153235
153236
153237
153241
153242
153243
153244
153245
153246
153247
153251
153252
153253
153254
153255
153256
153257
153261
153262
153263
153264
153265
153266
153267
153271
153272
153273
153274
153275
153276
153277
153311
153312
153313
153314
153315
153316
153317
153324
153331
153332
153333
153334
153335
153336
153337
153342
153351
153352
153353
153354
153355
153356
153357
153361
153362
153363
153364
153365
153366
153367
153371
153372
153373
153374
153375
153376
153377
153411
153412
153413
153414
153415
153421
153422
153423
153424
153425
153431
153432
153433
153434
153435
153441
153442
153443
153444
153445
153451
153452
153453
153454
153455
153461
153462
153463
153464
153465
153466
153467
153471
153472
153473
153474
153475
153476
153477
153511
153512
153513
153514
153516
153517
153524
153531
153532
153533
153534
153536
153537
153542
153551
153552
153553
153554
153555
153556
153557
153561
153562
153563
153564
153566
153567
153571
153572
153573
153574
153576
153577
153611
153612
153613
153615
153616
153631
153632
153633
153635
153636
153642
153651
153652
153653
153655
153656
153661
153662
153663
153665
153666
153671
153672
153673
153674
153675
153676
153677
153711
153712
153713
153715
153717
153731
153732
153733
153735
153737
153742
153751
153752
153753
153755
153757
153761
153762
153763
153764
153765
153766
153767
153771
153772
153773
153775
153777
154111
154112
154113
154114
154115
154116
154117
154123
154132
154141
154142
154143
154144
154145
154146
154147
154151
154152
154153
154154
154155
154156
154157
154161
154162
154163
154164
154165
154166
154167
154171
154172
154173
154174
154175
154176
154177
154211
154212
154213
154214
154215
154216
154217
154221
154222
154223
154224
154225
154226
154227
154231
154232
154233
154234
154235
154236
154237
154241
154242
154243
154244
154245
154246
154247
154251
154252
154253
154254
154255
154256
154257
154261
154262
154263
154264
154265
154266
154267
154271
154272
154273
154274
154275
154276
154277
154311
154312
154313
154314
154315
154316
154317
154321
154322
154323
154324
154325
154326
154327
154331
154332
154333
154334
154335
154336
154337
154341
154342
154343
154344
154345
154346
154347
154351
154352
154353
154354
154355
154356
154357
154361
154362
154363
154364
154365
154366
154367
154371
154372
154373
154374
154375
154376
154377
154411
154412
154413
154414
154415
154416
154417
154423
154432
154441
154442
154443
154444
154445
154446
154447
154451
154452
154453
154454
154455
154456
154457
154461
154462
154463
154464
154465
154466
154467
154471
154472
154473
154474
154475
154476
154477
154511
154512
154513
154514
154516
154517
154523
154532
154541
154542
154543
154544
154546
154547
154551
154552
154553
154554
154555
154556
154557
154561
154562
154563
154564
154566
154567
154571
154572
154573
154574
154576
154577
154611
154612
154613
154614
154615
154616
154617
154623
154632
154641
154642
154643
154644
154645
154646
154647
154651
154652
154653
154654
154655
154656
154657
154661
154662
154663
154664
154665
154666
154667
154671
154672
154673
154674
154675
154676
154677
154711
154712
154713
154714
154715
154716
154717
154723
154732
154741
154742
154743
154744
154745
154746
154747
154751
154752
154753
154754
154755
154756
154757
154761
154762
154763
154764
154765
154766
154767
154771
154772
154773
154774
154775
154776
154777
155111
155112
155113
155114
155115
155116
155117
155121
155122
155123
155124
155125
155126
155127
155131
155132
155133
155134
155135
155136
155137
155141
155142
155143
155144
155145
155146
155147
155151
155152
155153
155154
155155
155156
155157
155161
155162
155163
155164
155165
155166
155167
155171
155172
155173
155174
155175
155176
155177
155211
155212
155215
155216
155217
155221
155222
155225
155226
155227
155231
155232
155233
155234
155235
155236
155237
155241
155242
155243
155244
155245
155246
155247
155251
155252
155255
155256
155257
155261
155262
155265
155266
155267
155271
155272
155275
155276
155277
155311
155313
155315
155317
155321
155322
155323
155325
155327
155331
155333
155335
155337
155341
155342
155343
155344
155345
155346
155347
155351
155353
155355
155357
155361
155363
155365
155366
155367
155371
155373
155375
155377
155411
155414
155415
155421
155422
155424
155425
155431
155432
155433
155434
155435
155441
155444
155445
155451
155454
155455
155461
155464
155465
155466
155467
155471
155474
155475
155477
155511
155512
155513
155514
155515
155516
155517
155521
155522
155523
155524
155525
155526
155527
155531
155532
155533
155534
155535
155536
155537
155541
155542
155543
155544
155545
155546
155547
155551
155552
155553
155554
155555
155556
155557
155561
155562
155563
155564
155565
155566
155567
155571
155572
155573
155574
155575
155576
155577
155611
155612
155615
155616
155621
155622
155625
155626
155631
155632
155633
155635
155636
155641
155642
155643
155644
155645
155646
155647
155651
155652
155655
155656
155661
155662
155665
155666
155671
155672
155675
155676
155677
155711
155712
155713
155715
155717
155721
155722
155723
155725
155727
155731
155732
155733
155735
155737
155741
155742
155743
155744
155745
155746
155747
155751
155752
155753
155755
155757
155761
155762
155763
155764
155765
155766
155767
155771
155772
155773
155775
155777
156111
156112
156113
156114
156115
156116
156117
156121
156122
156123
156124
156125
156126
156127
156131
156132
156133
156134
156135
156136
156137
156141
156142
156143
156144
156145
156146
156147
156151
156152
156153
156154
156155
156156
156157
156161
156162
156163
156164
156165
156166
156167
156171
156172
156173
156174
156175
156176
156177
156211
156212
156215
156216
156217
156221
156222
156225
156226
156227
156231
156232
156233
156234
156235
156236
156237
156241
156242
156243
156244
156245
156246
156247
156251
156252
156255
156256
156257
156261
156262
156265
156266
156267
156271
156272
156275
156276
156277
156311
156313
156315
156316
156317
156321
156322
156323
156324
156325
156326
156327
156331
156333
156335
156336
156337
156341
156342
156343
156344
156345
156346
156347
156351
156353
156355
156356
156357
156361
156363
156365
156366
156367
156371
156373
156375
156376
156377
156411
156414
156415
156416
156417
156421
156422
156423
156424
156425
156426
156427
156431
156432
156433
156434
156435
156436
156437
156441
156444
156445
156446
156447
156451
156454
156455
156456
156457
156461
156464
156465
156466
156467
156471
156474
156475
156476
156477
156511
156512
156513
156514
156516
156517
156521
156522
156523
156524
156526
156527
156531
156532
156533
156534
156536
156537
156541
156542
156543
156544
156546
156547
156551
156552
156553
156554
156555
156556
156557
156561
156562
156563
156564
156566
156567
156571
156572
156573
156574
156576
156577
156611
156612
156613
156614
156615
156616
156617
156621
156622
156623
156624
156625
156626
156627
156631
156632
156633
156634
156635
156636
156637
156641
156642
156643
156644
156645
156646
156647
156651
156652
156653
156654
156655
156656
156657
156661
156662
156663
156664
156665
156666
156667
156671
156672
156673
156674
156675
156676
156677
156711
156712
156713
156714
156715
156716
156717
156721
156722
156723
156724
156725
156726
156727
156731
156732
156733
156734
156735
156736
156737
156741
156742
156743
156744
156745
156746
156747
156751
156752
156753
156754
156755
156756
156757
156761
156762
156763
156764
156765
156766
156767
156771
156772
156773
156774
156775
156776
156777
157111
157112
157113
157114
157115
157116
157117
157121
157122
157123
157124
157125
157126
157127
157131
157132
157133
157134
157135
157136
157137
157141
157142
157143
157144
157145
157146
157147
157151
157152
157153
157154
157155
157156
157157
157161
157162
157163
157164
157165
157166
157167
157171
157172
157173
157174
157175
157176
157177
157211
157212
157215
157216
157217
157221
157222
157225
157226
157227
157231
157232
157233
157234
157235
157236
157237
157241
157242
157243
157244
157245
157246
157247
157251
157252
157255
157256
157257
157261
157262
157265
157266
157267
157271
157272
157275
157276
157277
157311
157313
157315
157317
157321
157322
157323
157325
157327
157331
157333
157335
157337
157341
157342
157343
157344
157345
157346
157347
157351
157353
157355
157357
157361
157363
157365
157366
157367
157371
157373
157375
157377
157411
157414
157415
157417
157421
157422
157424
157425
157427
157431
157432
157433
157434
157435
157436
157437
157441
157444
157445
157447
157451
157454
157455
157457
157461
157464
157465
157466
157467
157471
157474
157475
157477
157511
157512
157513
157514
157516
157517
157521
157522
157523
157524
157526
157527
157531
157532
157533
157534
157536
157537
157541
157542
157543
157544
157546
157547
157551
157552
157553
157554
157555
157556
157557
157561
157562
157563
157564
157566
157567
157571
157572
157573
157574
157576
157577
157611
157612
157615
157616
157617
157621
157622
157625
157626
157627
157631
157632
157633
157634
157635
157636
157637
157641
157642
157643
157644
157645
157646
157647
157651
157652
157655
157656
157657
157661
157662
157665
157666
157667
157671
157672
157675
157676
157677
157711
157712
157713
157714
157715
157716
157717
157721
157722
157723
157724
157725
157726
157727
157731
157732
157733
157734
157735
157736
157737
157741
157742
157743
157744
157745
157746
157747
157751
157752
157753
157754
157755
157756
157757
157761
157762
157763
157764
157765
157766
157767
157771
157772
157773
157774
157775
157776
157777
161111
161112
161113
161114
161115
161116
161117
161121
161122
161123
161124
161125
161126
161127
161131
161132
161133
161134
161135
161136
161137
161141
161142
161143
161144
161145
161146
161147
161151
161152
161153
161154
161155
161156
161157
161161
161162
161163
161164
161165
161166
161167
161171
161172
161173
161174
161175
161176
161177
161211
161221
161222
161223
161224
161225
161226
161227
161231
161232
161233
161234
161235
161236
161237
161241
161242
161243
161244
161245
161246
161247
161251
161252
161253
161254
161255
161256
161257
161261
161262
161263
161264
161265
161266
161267
161271
161272
161273
161274
161275
161276
161277
161311
161321
161322
161323
161326
161327
161331
161332
161333
161336
161337
161341
161342
161343
161344
161345
161346
161347
161351
161352
161353
161354
161355
161356
161357
161361
161362
161363
161366
161367
161371
161372
161373
161376
161377
161411
161421
161422
161424
161426
161431
161432
161433
161434
161436
161441
161442
161444
161446
161451
161452
161453
161454
161455
161456
161457
161461
161462
161464
161466
161471
161472
161474
161476
161477
161511
161521
161522
161525
161526
161531
161532
161533
161535
161536
161541
161542
161543
161544
161545
161546
161547
161551
161552
161555
161556
161561
161562
161565
161566
161571
161572
161575
161576
161577
161611
161621
161622
161623
161624
161625
161627
161631
161632
161633
161634
161635
161637
161641
161642
161643
161644
161645
161647
161651
161652
161653
161654
161655
161657
161661
161662
161663
161664
161665
161666
161667
161671
161672
161673
161674
161675
161677
161711
161721
161722
161723
161726
161727
161731
161732
161733
161736
161737
161741
161742
161743
161744
161745
161746
161747
161751
161752
161753
161754
161755
161756
161757
161761
161762
161763
161766
161767
161771
161772
161773
161776
161777
162111
162112
162113
162114
162115
162116
162117
162121
162122
162123
162124
162125
162126
162127
162134
162143
162151
162152
162153
162154
162155
162156
162157
162161
162162
162163
162164
162165
162166
162167
162171
162172
162173
162174
162175
162176
162177
162211
162212
162213
162214
162215
162216
162217
162221
162222
162223
162224
162225
162226
162227
162234
162243
162251
162252
162253
162254
162255
162256
162257
162261
162262
162263
162264
162265
162266
162267
162271
162272
162273
162274
162275
162276
162277
162311
162312
162313
162316
162317
162321
162322
162323
162326
162327
162331
162332
162333
162336
162337
162341
162342
162343
162344
162345
162346
162347
162351
162352
162353
162354
162355
162356
162357
162361
162362
162363
162366
162367
162371
162372
162373
162376
162377
162411
162412
162414
162416
162421
162422
162424
162426
162431
162432
162433
162434
162436
162441
162442
162444
162446
162451
162452
162453
162454
162455
162456
162457
162461
162462
162464
162466
162471
162472
162474
162476
162477
162511
162512
162515
162516
162521
162522
162525
162526
162543
162551
162552
162555
162556
162561
162562
162565
162566
162571
162572
162575
162576
162577
162611
162612
162613
162614
162615
162617
162621
162622
162623
162624
162625
162627
162634
162643
162651
162652
162653
162654
162655
162657
162661
162662
162663
162664
162665
162666
162667
162671
162672
162673
162674
162675
162677
162711
162712
162713
162716
162717
162721
162722
162723
162726
162727
162743
162751
162752
162753
162754
162755
162756
162757
162761
162762
162763
162766
162767
162771
162772
162773
162776
162777
163111
163112
163113
163114
163115
163116
163117
163124
163131
163132
163133
163134
163135
163136
163137
163142
163151
163152
163153
163154
163155
163156
163157
163161
163162
163163
163164
163165
163166
163167
163171
163172
163173
163174
163175
163176
163177
163211
163212
163213
163214
163215
163216
163217
163221
163222
163223
163224
163225
163226
163227
163231
163232
163233
163234
163235
163236
163237
163241
163242
163243
163244
163245
163246
163247
163251
163252
163253
163254
163255
163256
163257
163261
163262
163263
163264
163265
163266
163267
163271
163272
163273
163274
163275
163276
163277
163311
163312
163313
163314
163315
163316
163317
163324
163331
163332
163333
163334
163335
163336
163337
163342
163351
163352
163353
163354
163355
163356
163357
163361
163362
163363
163364
163365
163366
163367
163371
163372
163373
163374
163375
163376
163377
163411
163412
163413
163414
163416
163421
163422
163423
163424
163426
163431
163432
163433
163434
163436
163441
163442
163443
163444
163446
163451
163452
163453
163454
163455
163456
163457
163461
163462
163463
163464
163466
163471
163472
163473
163474
163475
163476
163477
163511
163512
163513
163515
163516
163531
163532
163533
163535
163536
163542
163551
163552
163553
163555
163556
163561
163562
163563
163565
163566
163571
163572
163573
163574
163575
163576
163577
163611
163612
163613
163614
163615
163617
163624
163631
163632
163633
163634
163635
163637
163642
163651
163652
163653
163654
163655
163657
163661
163662
163663
163664
163665
163666
163667
163671
163672
163673
163674
163675
163677
163711
163712
163713
163716
163717
163731
163732
163733
163736
163737
163742
163751
163752
163753
163754
163755
163756
163757
163761
163762
163763
163766
163767
163771
163772
163773
163776
163777
164111
164112
164113
164114
164115
164116
164117
164123
164132
164141
164142
164143
164144
164145
164146
164147
164151
164152
164153
164154
164155
164156
164157
164161
164162
164163
164164
164165
164166
164167
164171
164172
164173
164174
164175
164176
164177
164211
164212
164213
164214
164215
164216
164217
164221
164222
164223
164224
164225
164226
164227
164231
164232
164233
164234
164235
164236
164237
164241
164242
164243
164244
164245
164246
164247
164251
164252
164253
164254
164255
164256
164257
164261
164262
164263
164264
164265
164266
164267
164271
164272
164273
164274
164275
164276
164277
164311
164312
164313
164314
164315
164316
164317
164321
164322
164323
164324
164325
164326
164327
164331
164332
164333
164334
164335
164336
164337
164341
164342
164343
164344
164345
164346
164347
164351
164352
164353
164354
164355
164356
164357
164361
164362
164363
164364
164365
164366
164367
164371
164372
164373
164374
164375
164376
164377
164411
164412
164413
164414
164415
164416
164417
164423
164432
164441
164442
164443
164444
164445
164446
164447
164451
164452
164453
164454
164455
164456
164457
164461
164462
164463
164464
164465
164466
164467
164471
164472
164473
164474
164475
164476
164477
164511
164512
164513
164514
164515
164516
164517
164523
164532
164541
164542
164543
164544
164545
164546
164547
164551
164552
164553
164554
164555
164556
164557
164561
164562
164563
164564
164565
164566
164567
164571
164572
164573
164574
164575
164576
164577
164611
164612
164613
164614
164615
164617
164623
164632
164641
164642
164643
164644
164645
164647
164651
164652
164653
164654
164655
164657
164661
164662
164663
164664
164665
164666
164667
164671
164672
164673
164674
164675
164677
164711
164712
164713
164714
164715
164716
164717
164723
164732
164741
164742
164743
164744
164745
164746
164747
164751
164752
164753
164754
164755
164756
164757
164761
164762
164763
164764
164765
164766
164767
164771
164772
164773
164774
164775
164776
164777
165111
165112
165113
165114
165115
165116
165117
165121
165122
165123
165124
165125
165126
165127
165131
165132
165133
165134
165135
165136
165137
165141
165142
165143
165144
165145
165146
165147
165151
165152
165153
165154
165155
165156
165157
165161
165162
165163
165164
165165
165166
165167
165171
165172
165173
165174
165175
165176
165177
165211
165212
165213
165214
165215
165216
165217
165221
165222
165223
165224
165225
165226
165227
165231
165232
165233
165234
165235
165236
165237
165241
165242
165243
165244
165245
165246
165247
165251
165252
165253
165254
165255
165256
165257
165261
165262
165263
165264
165265
165266
165267
165271
165272
165273
165274
165275
165276
165277
165311
165312
165313
165314
165315
165316
165317
165321
165322
165323
165324
165325
165326
165327
165331
165332
165333
165334
165335
165336
165337
165341
165342
165343
165344
165345
165346
165347
165351
165352
165353
165354
165355
165356
165357
165361
165362
165363
165364
165365
165366
165367
165371
165372
165373
165374
165375
165376
165377
165411
165412
165413
165414
165415
165416
165417
165421
165422
165423
165424
165425
165426
165427
165431
165432
165433
165434
165435
165436
165437
165441
165442
165443
165444
165445
165446
165447
165451
165452
165453
165454
165455
165456
165457
165461
165462
165463
165464
165465
165466
165467
165471
165472
165473
165474
165475
165476
165477
165511
165512
165513
165514
165515
165516
165517
165521
165522
165523
165524
165525
165526
165527
165531
165532
165533
165534
165535
165536
165537
165541
165542
165543
165544
165545
165546
165547
165551
165552
165553
165554
165555
165556
165557
165561
165562
165563
165564
165565
165566
165567
165571
165572
165573
165574
165575
165576
165577
165611
165612
165613
165614
165615
165617
165621
165622
165623
165624
165625
165627
165631
165632
165633
165634
165635
165637
165641
165642
165643
165644
165645
165647
165651
165652
165653
165654
165655
165657
165661
165662
165663
165664
165665
165666
165667
165671
165672
165673
165674
165675
165677
165711
165712
165713
165714
165715
165716
165717
165721
165722
165723
165724
165725
165726
165727
165731
165732
165733
165734
165735
165736
165737
165741
165742
165743
165744
165745
165746
165747
165751
165752
165753
165754
165755
165756
165757
165761
165762
165763
165764
165765
165766
165767
165771
165772
165773
165774
165775
165776
165777
166111
166112
166113
166114
166115
166116
166117
166121
166122
166123
166124
166125
166126
166127
166131
166132
166133
166134
166135
166136
166137
166141
166142
166143
166144
166145
166146
166147
166151
166152
166153
166154
166155
166156
166157
166161
166162
166163
166164
166165
166166
166167
166171
166172
166173
166174
166175
166176
166177
166211
166212
166213
166214
166215
166216
166217
166221
166222
166223
166224
166225
166226
166227
166231
166232
166233
166234
166235
166236
166237
166241
166242
166243
166244
166245
166246
166247
166251
166252
166253
166254
166255
166256
166257
166261
166262
166263
166264
166265
166266
166267
166271
166272
166273
166274
166275
166276
166277
166311
166312
166313
166316
166317
166321
166322
166323
166326
166327
166331
166332
166333
166336
166337
166341
166342
166343
166344
166345
166346
166347
166351
166352
166353
166354
166355
166356
166357
166361
166362
166363
166366
166367
166371
166372
166373
166376
166377
166411
166412
166414
166416
166421
166422
166424
166426
166431
166432
166433
166434
166436
166441
166442
166444
166446
166451
166452
166453
166454
166455
166456
166457
166461
166462
166464
166466
166471
166472
166474
166476
166477
166511
166512
166515
166516
166521
166522
166525
166526
166531
166532
166533
166535
166536
166541
166542
166543
166544
166545
166546
166547
166551
166552
166555
166556
166561
166562
166565
166566
166571
166572
166575
166576
166577
166611
166612
166613
166614
166615
166616
166617
166621
166622
166623
166624
166625
166626
166627
166631
166632
166633
166634
166635
166636
166637
166641
166642
166643
166644
166645
166646
166647
166651
166652
166653
166654
166655
166656
166657
166661
166662
166663
166664
166665
166666
166667
166671
166672
166673
166674
166675
166676
166677
166711
166712
166713
166716
166717
166721
166722
166723
166726
166727
166731
166732
166733
166736
166737
166741
166742
166743
166744
166745
166746
166747
166751
166752
166753
166754
166755
166756
166757
166761
166762
166763
166766
166767
166771
166772
166773
166776
166777
167111
167112
167113
167114
167115
167116
167117
167121
167122
167123
167124
167125
167126
167127
167131
167132
167133
167134
167135
167136
167137
167141
167142
167143
167144
167145
167146
167147
167151
167152
167153
167154
167155
167156
167157
167161
167162
167163
167164
167165
167166
167167
167171
167172
167173
167174
167175
167176
167177
167211
167212
167213
167214
167215
167216
167217
167221
167222
167223
167224
167225
167226
167227
167231
167232
167233
167234
167235
167236
167237
167241
167242
167243
167244
167245
167246
167247
167251
167252
167253
167254
167255
167256
167257
167261
167262
167263
167264
167265
167266
167267
167271
167272
167273
167274
167275
167276
167277
167311
167312
167313
167316
167317
167321
167322
167323
167326
167327
167331
167332
167333
167336
167337
167341
167342
167343
167344
167345
167346
167347
167351
167352
167353
167354
167355
167356
167357
167361
167362
167363
167366
167367
167371
167372
167373
167376
167377
167411
167412
167414
167416
167417
167421
167422
167424
167426
167427
167431
167432
167433
167434
167435
167436
167437
167441
167442
167444
167446
167447
167451
167452
167453
167454
167455
167456
167457
167461
167462
167464
167466
167467
167471
167472
167474
167476
167477
167511
167512
167515
167516
167517
167521
167522
167525
167526
167527
167531
167532
167533
167534
167535
167536
167537
167541
167542
167543
167544
167545
167546
167547
167551
167552
167555
167556
167557
167561
167562
167565
167566
167567
167571
167572
167575
167576
167577
167611
167612
167613
167614
167615
167617
167621
167622
167623
167624
167625
167627
167631
167632
167633
167634
167635
167637
167641
167642
167643
167644
167645
167647
167651
167652
167653
167654
167655
167657
167661
167662
167663
167664
167665
167666
167667
167671
167672
167673
167674
167675
167677
167711
167712
167713
167714
167715
167716
167717
167721
167722
167723
167724
167725
167726
167727
167731
167732
167733
167734
167735
167736
167737
167741
167742
167743
167744
167745
167746
167747
167751
167752
167753
167754
167755
167756
167757
167761
167762
167763
167764
167765
167766
167767
167771
167772
167773
167774
167775
167776
167777
171111
171112
171113
171114
171115
171116
171117
171121
171122
171123
171124
171125
171126
171127
171131
171132
171133
171134
171135
171136
171137
171141
171142
171143
171144
171145
171146
171147
171151
171152
171153
171154
171155
171156
171157
171161
171162
171163
171164
171165
171166
171167
171171
171172
171173
171174
171175
171176
171177
171211
171221
171222
171223
171224
171225
171226
171227
171231
171232
171233
171234
171235
171236
171237
171241
171242
171243
171244
171245
171246
171247
171251
171252
171253
171254
171255
171256
171257
171261
171262
171263
171264
171265
171266
171267
171271
171272
171273
171274
171275
171276
171277
171311
171321
171322
171323
171324
171325
171326
171327
171331
171332
171333
171334
171335
171336
171337
171341
171342
171343
171344
171345
171346
171347
171351
171352
171353
171354
171355
171356
171357
171361
171362
171363
171364
171365
171366
171367
171371
171372
171373
171374
171375
171376
171377
171411
171421
171422
171423
171424
171427
171431
171432
171433
171434
171437
171441
171442
171443
171444
171447
171451
171452
171453
171454
171455
171456
171457
171461
171462
171463
171464
171465
171466
171467
171471
171472
171473
171474
171477
171511
171521
171522
171523
171525
171527
171531
171532
171533
171535
171537
171541
171542
171543
171544
171545
171546
171547
171551
171552
171553
171555
171557
171561
171562
171563
171564
171565
171566
171567
171571
171572
171573
171575
171577
171611
171621
171622
171623
171626
171627
171631
171632
171633
171636
171637
171641
171642
171643
171644
171645
171646
171647
171651
171652
171653
171654
171655
171656
171657
171661
171662
171663
171666
171667
171671
171672
171673
171676
171677
171711
171721
171722
171723
171724
171725
171726
171731
171732
171733
171734
171735
171736
171741
171742
171743
171744
171745
171746
171751
171752
171753
171754
171755
171756
171761
171762
171763
171764
171765
171766
171771
171772
171773
171774
171775
171776
171777
172111
172112
172113
172114
172115
172116
172117
172121
172122
172123
172124
172125
172126
172127
172134
172143
172151
172152
172153
172154
172155
172156
172157
172161
172162
172163
172164
172165
172166
172167
172171
172172
172173
172174
172175
172176
172177
172211
172212
172213
172214
172215
172216
172217
172221
172222
172223
172224
172225
172226
172227
172234
172243
172251
172252
172253
172254
172255
172256
172257
172261
172262
172263
172264
172265
172266
172267
172271
172272
172273
172274
172275
172276
172277
172311
172312
172313
172314
172315
172316
172317
172321
172322
172323
172324
172325
172326
172327
172331
172332
172333
172334
172335
172336
172337
172341
172342
172343
172344
172345
172346
172347
172351
172352
172353
172354
172355
172356
172357
172361
172362
172363
172364
172365
172366
172367
172371
172372
172373
172374
172375
172376
172377
172411
172412
172413
172414
172417
172421
172422
172423
172424
172427
172431
172432
172433
172434
172437
172441
172442
172443
172444
172447
172451
172452
172453
172454
172455
172456
172457
172461
172462
172463
172464
172465
172466
172467
172471
172472
172473
172474
172477
172511
172512
172513
172515
172517
172521
172522
172523
172525
172527
172543
172551
172552
172553
172555
172557
172561
172562
172563
172564
172565
172566
172567
172571
172572
172573
172575
172577
172611
172612
172613
172616
172617
172621
172622
172623
172626
172627
172643
172651
172652
172653
172654
172655
172656
172657
172661
172662
172663
172666
172667
172671
172672
172673
172676
172677
172711
172712
172713
172714
172715
172716
172721
172722
172723
172724
172725
172726
172734
172743
172751
172752
172753
172754
172755
172756
172761
172762
172763
172764
172765
172766
172771
172772
172773
172774
172775
172776
172777
173111
173112
173113
173114
173115
173116
173117
173124
173131
173132
173133
173134
173135
173136
173137
173142
173151
173152
173153
173154
173155
173156
173157
173161
173162
173163
173164
173165
173166
173167
173171
173172
173173
173174
173175
173176
173177
173211
173212
173213
173214
173215
173216
173217
173221
173222
173223
173224
173225
173226
173227
173231
173232
173233
173234
173235
173236
173237
173241
173242
173243
173244
173245
173246
173247
173251
173252
173253
173254
173255
173256
173257
173261
173262
173263
173264
173265
173266
173267
173271
173272
173273
173274
173275
173276
173277
173311
173312
173313
173314
173315
173316
173317
173324
173331
173332
173333
173334
173335
173336
173337
173342
173351
173352
173353
173354
173355
173356
173357
173361
173362
173363
173364
173365
173366
173367
173371
173372
173373
173374
173375
173376
173377
173411
173412
173413
173414
173417
173421
173422
173423
173424
173427
173431
173432
173433
173434
173437
173441
173442
173443
173444
173447
173451
173452
173453
173454
173455
173456
173457
173461
173462
173463
173464
173465
173466
173467
173471
173472
173473
173474
173477
173511
173512
173513
173515
173517
173531
173532
173533
173535
173537
173542
173551
173552
173553
173555
173557
173561
173562
173563
173564
173565
173566
173567
173571
173572
173573
173575
173577
173611
173612
173613
173616
173617
173631
173632
173633
173636
173637
173642
173651
173652
173653
173654
173655
173656
173657
173661
173662
173663
173666
173667
173671
173672
173673
173676
173677
173711
173712
173713
173714
173715
173716
173724
173731
173732
173733
173734
173735
173736
173742
173751
173752
173753
173754
173755
173756
173761
173762
173763
173764
173765
173766
173771
173772
173773
173774
173775
173776
173777
174111
174112
174113
174114
174115
174116
174117
174123
174132
174141
174142
174143
174144
174145
174146
174147
174151
174152
174153
174154
174155
174156
174157
174161
174162
174163
174164
174165
174166
174167
174171
174172
174173
174174
174175
174176
174177
174211
174212
174213
174214
174215
174216
174217
174221
174222
174223
174224
174225
174226
174227
174231
174232
174233
174234
174235
174236
174237
174241
174242
174243
174244
174245
174246
174247
174251
174252
174253
174254
174255
174256
174257
174261
174262
174263
174264
174265
174266
174267
174271
174272
174273
174274
174275
174276
174277
174311
174312
174313
174314
174315
174316
174317
174321
174322
174323
174324
174325
174326
174327
174331
174332
174333
174334
174335
174336
174337
174341
174342
174343
174344
174345
174346
174347
174351
174352
174353
174354
174355
174356
174357
174361
174362
174363
174364
174365
174366
174367
174371
174372
174373
174374
174375
174376
174377
174411
174412
174413
174414
174415
174416
174417
174423
174432
174441
174442
174443
174444
174445
174446
174447
174451
174452
174453
174454
174455
174456
174457
174461
174462
174463
174464
174465
174466
174467
174471
174472
174473
174474
174475
174476
174477
174511
174512
174513
174514
174515
174516
174517
174523
174532
174541
174542
174543
174544
174545
174546
174547
174551
174552
174553
174554
174555
174556
174557
174561
174562
174563
174564
174565
174566
174567
174571
174572
174573
174574
174575
174576
174577
174611
174612
174613
174614
174615
174616
174617
174623
174632
174641
174642
174643
174644
174645
174646
174647
174651
174652
174653
174654
174655
174656
174657
174661
174662
174663
174664
174665
174666
174667
174671
174672
174673
174674
174675
174676
174677
174711
174712
174713
174714
174715
174716
174723
174732
174741
174742
174743
174744
174745
174746
174751
174752
174753
174754
174755
174756
174761
174762
174763
174764
174765
174766
174771
174772
174773
174774
174775
174776
174777
175111
175112
175113
175114
175115
175116
175117
175121
175122
175123
175124
175125
175126
175127
175131
175132
175133
175134
175135
175136
175137
175141
175142
175143
175144
175145
175146
175147
175151
175152
175153
175154
175155
175156
175157
175161
175162
175163
175164
175165
175166
175167
175171
175172
175173
175174
175175
175176
175177
175211
175212
175213
175214
175215
175216
175217
175221
175222
175223
175224
175225
175226
175227
175231
175232
175233
175234
175235
175236
175237
175241
175242
175243
175244
175245
175246
175247
175251
175252
175253
175254
175255
175256
175257
175261
175262
175263
175264
175265
175266
175267
175271
175272
175273
175274
175275
175276
175277
175311
175312
175313
175314
175315
175316
175317
175321
175322
175323
175324
175325
175326
175327
175331
175332
175333
175334
175335
175336
175337
175341
175342
175343
175344
175345
175346
175347
175351
175352
175353
175354
175355
175356
175357
175361
175362
175363
175364
175365
175366
175367
175371
175372
175373
175374
175375
175376
175377
175411
175412
175413
175414
175415
175416
175417
175421
175422
175423
175424
175425
175426
175427
175431
175432
175433
175434
175435
175436
175437
175441
175442
175443
175444
175445
175446
175447
175451
175452
175453
175454
175455
175456
175457
175461
175462
175463
175464
175465
175466
175467
175471
175472
175473
175474
175475
175476
175477
175511
175512
175513
175514
175515
175516
175517
175521
175522
175523
175524
175525
175526
175527
175531
175532
175533
175534
175535
175536
175537
175541
175542
175543
175544
175545
175546
175547
175551
175552
175553
175554
175555
175556
175557
175561
175562
175563
175564
175565
175566
175567
175571
175572
175573
175574
175575
175576
175577
175611
175612
175613
175614
175615
175616
175617
175621
175622
175623
175624
175625
175626
175627
175631
175632
175633
175634
175635
175636
175637
175641
175642
175643
175644
175645
175646
175647
175651
175652
175653
175654
175655
175656
175657
175661
175662
175663
175664
175665
175666
175667
175671
175672
175673
175674
175675
175676
175677
175711
175712
175713
175714
175715
175716
175721
175722
175723
175724
175725
175726
175731
175732
175733
175734
175735
175736
175741
175742
175743
175744
175745
175746
175751
175752
175753
175754
175755
175756
175761
175762
175763
175764
175765
175766
175771
175772
175773
175774
175775
175776
175777
176111
176112
176113
176114
176115
176116
176117
176121
176122
176123
176124
176125
176126
176127
176131
176132
176133
176134
176135
176136
176137
176141
176142
176143
176144
176145
176146
176147
176151
176152
176153
176154
176155
176156
176157
176161
176162
176163
176164
176165
176166
176167
176171
176172
176173
176174
176175
176176
176177
176211
176212
176213
176214
176215
176216
176217
176221
176222
176223
176224
176225
176226
176227
176231
176232
176233
176234
176235
176236
176237
176241
176242
176243
176244
176245
176246
176247
176251
176252
176253
176254
176255
176256
176257
176261
176262
176263
176264
176265
176266
176267
176271
176272
176273
176274
176275
176276
176277
176311
176312
176313
176314
176315
176316
176317
176321
176322
176323
176324
176325
176326
176327
176331
176332
176333
176334
176335
176336
176337
176341
176342
176343
176344
176345
176346
176347
176351
176352
176353
176354
176355
176356
176357
176361
176362
176363
176364
176365
176366
176367
176371
176372
176373
176374
176375
176376
176377
176411
176412
176413
176414
176415
176416
176417
176421
176422
176423
176424
176425
176426
176427
176431
176432
176433
176434
176435
176436
176437
176441
176442
176443
176444
176445
176446
176447
176451
176452
176453
176454
176455
176456
176457
176461
176462
176463
176464
176465
176466
176467
176471
176472
176473
176474
176475
176476
176477
176511
176512
176513
176514
176515
176516
176517
176521
176522
176523
176524
176525
176526
176527
176531
176532
176533
176534
176535
176536
176537
176541
176542
176543
176544
176545
176546
176547
176551
176552
176553
176554
176555
176556
176557
176561
176562
176563
176564
176565
176566
176567
176571
176572
176573
176574
176575
176576
176577
176611
176612
176613
176614
176615
176616
176617
176621
176622
176623
176624
176625
176626
176627
176631
176632
176633
176634
176635
176636
176637
176641
176642
176643
176644
176645
176646
176647
176651
176652
176653
176654
176655
176656
176657
176661
176662
176663
176664
176665
176666
176667
176671
176672
176673
176674
176675
176676
176677
176711
176712
176713
176714
176715
176716
176721
176722
176723
176724
176725
176726
176731
176732
176733
176734
176735
176736
176741
176742
176743
176744
176745
176746
176751
176752
176753
176754
176755
176756
176761
176762
176763
176764
176765
176766
176771
176772
176773
176774
176775
176776
176777
177111
177112
177113
177114
177115
177116
177117
177121
177122
177123
177124
177125
177126
177127
177131
177132
177133
177134
177135
177136
177137
177141
177142
177143
177144
177145
177146
177147
177151
177152
177153
177154
177155
177156
177157
177161
177162
177163
177164
177165
177166
177167
177171
177172
177173
177174
177175
177176
177177
177211
177212
177213
177214
177215
177216
177217
177221
177222
177223
177224
177225
177226
177227
177231
177232
177233
177234
177235
177236
177237
177241
177242
177243
177244
177245
177246
177247
177251
177252
177253
177254
177255
177256
177257
177261
177262
177263
177264
177265
177266
177267
177271
177272
177273
177274
177275
177276
177277
177311
177312
177313
177314
177315
177316
177317
177321
177322
177323
177324
177325
177326
177327
177331
177332
177333
177334
177335
177336
177337
177341
177342
177343
177344
177345
177346
177347
177351
177352
177353
177354
177355
177356
177357
177361
177362
177363
177364
177365
177366
177367
177371
177372
177373
177374
177375
177376
177377
177411
177412
177413
177414
177417
177421
177422
177423
177424
177427
177431
177432
177433
177434
177437
177441
177442
177443
177444
177447
177451
177452
177453
177454
177455
177456
177457
177461
177462
177463
177464
177465
177466
177467
177471
177472
177473
177474
177477
177511
177512
177513
177515
177517
177521
177522
177523
177525
177527
177531
177532
177533
177535
177537
177541
177542
177543
177544
177545
177546
177547
177551
177552
177553
177555
177557
177561
177562
177563
177564
177565
177566
177567
177571
177572
177573
177575
177577
177611
177612
177613
177616
177617
177621
177622
177623
177626
177627
177631
177632
177633
177636
177637
177641
177642
177643
177644
177645
177646
177647
177651
177652
177653
177654
177655
177656
177657
177661
177662
177663
177666
177667
177671
177672
177673
177676
177677
177711
177712
177713
177714
177715
177716
177717
177721
177722
177723
177724
177725
177726
177727
177731
177732
177733
177734
177735
177736
177737
177741
177742
177743
177744
177745
177746
177747
177751
177752
177753
177754
177755
177756
177757
177761
177762
177763
177764
177765
177766
177767
177771
177772
177773
177774
177775
177776
177777
211111
211112
211113
211114
211115
211116
211117
211121
211122
211123
211124
211125
211126
211127
211131
211132
211133
211134
211135
211136
211137
211141
211142
211143
211144
211145
211146
211147
211151
211152
211153
211154
211155
211156
211157
211161
211162
211163
211164
211165
211166
211167
211171
211172
211173
211174
211175
211176
211177
211211
211212
211213
211214
211215
211216
211217
211221
211222
211223
211224
211225
211226
211227
211231
211232
211233
211234
211235
211236
211237
211241
211242
211243
211244
211245
211246
211247
211251
211252
211253
211254
211255
211256
211257
211261
211262
211263
211264
211265
211266
211267
211271
211272
211273
211274
211275
211276
211277
211311
211312
211313
211314
211315
211316
211317
211321
211322
211323
211324
211325
211326
211327
211331
211332
211333
211334
211335
211336
211337
211341
211342
211343
211344
211345
211346
211347
211351
211352
211353
211354
211355
211356
211357
211361
211362
211363
211364
211365
211366
211367
211371
211372
211373
211374
211375
211376
211377
211411
211412
211413
211414
211415
211416
211417
211421
211422
211423
211424
211425
211426
211427
211431
211432
211433
211434
211435
211436
211437
211441
211442
211443
211444
211445
211446
211447
211451
211452
211453
211454
211455
211456
211457
211461
211462
211463
211464
211465
211466
211467
211471
211472
211473
211474
211475
211476
211477
211511
211512
211513
211514
211515
211516
211517
211521
211522
211523
211524
211525
211526
211527
211531
211532
211533
211534
211535
211536
211537
211541
211542
211543
211544
211545
211546
211547
211551
211552
211553
211554
211555
211556
211557
211561
211562
211563
211564
211565
211566
211567
211571
211572
211573
211574
211575
211576
211577
211611
211612
211613
211614
211615
211616
211617
211621
211622
211623
211624
211625
211626
211627
211631
211632
211633
211634
211635
211636
211637
211641
211642
211643
211644
211645
211646
211647
211651
211652
211653
211654
211655
211656
211657
211661
211662
211663
211664
211665
211666
211667
211671
211672
211673
211674
211675
211676
211677
211711
211712
211713
211714
211715
211716
211717
211721
211722
211723
211724
211725
211726
211727
211731
211732
211733
211734
211735
211736
211737
211741
211742
211743
211744
211745
211746
211747
211751
211752
211753
211754
211755
211756
211757
211761
211762
211763
211764
211765
211766
211767
211771
211772
211773
211774
211775
211776
211777
212111
212112
212113
212114
212115
212116
212117
212122
212132
212133
212134
212135
212136
212137
212142
212143
212144
212145
212146
212147
212152
212153
212154
212155
212156
212157
212162
212163
212164
212165
212166
212167
212172
212173
212174
212175
212176
212177
212211
212212
212213
212214
212215
212216
212217
212221
212222
212223
212224
212225
212226
212227
212231
212232
212233
212234
212235
212236
212237
212241
212242
212243
212244
212245
212246
212247
212251
212252
212253
212254
212255
212256
212257
212261
212262
212263
212264
212265
212266
212267
212271
212272
212273
212274
212275
212276
212277
212311
212312
212313
212314
212315
212316
212317
212322
212331
212332
212333
212334
212335
212336
212337
212341
212342
212343
212344
212345
212346
212347
212351
212352
212353
212354
212355
212356
212357
212361
212362
212363
212364
212365
212366
212367
212371
212372
212373
212374
212375
212376
212377
212411
212412
212413
212414
212415
212416
212417
212422
212431
212432
212433
212434
212435
212436
212437
212441
212442
212443
212444
212445
212446
212447
212451
212452
212453
212454
212455
212456
212457
212461
212462
212463
212464
212465
212466
212467
212471
212472
212473
212474
212475
212476
212477
212511
212512
212513
212514
212515
212516
212517
212522
212531
212532
212533
212534
212535
212536
212537
212541
212542
212543
212544
212545
212546
212547
212551
212552
212553
212554
212555
212556
212557
212561
212562
212563
212564
212565
212566
212567
212571
212572
212573
212574
212575
212576
212577
212611
212612
212613
212614
212615
212616
212617
212622
212631
212632
212633
212634
212635
212636
212637
212641
212642
212643
212644
212645
212646
212647
212651
212652
212653
212654
212655
212656
212657
212661
212662
212663
212664
212665
212666
212667
212671
212672
212673
212674
212675
212676
212677
212711
212712
212713
212714
212715
212716
212717
212722
212731
212732
212733
212734
212735
212736
212737
212741
212742
212743
212744
212745
212746
212747
212751
212752
212753
212754
212755
212756
212757
212761
212762
212763
212764
212765
212766
212767
212771
212772
212773
212774
212775
212776
212777
213111
213112
213113
213114
213115
213116
213117
213122
213123
213124
213125
213126
213127
213132
213133
213134
213135
213136
213137
213145
213154
213162
213163
213164
213165
213166
213167
213172
213173
213174
213175
213176
213177
213211
213212
213213
213214
213215
213216
213217
213221
213222
213223
213224
213225
213226
213227
213231
213232
213233
213234
213235
213236
213237
213245
213254
213261
213262
213263
213264
213265
213266
213267
213271
213272
213273
213274
213275
213276
213277
213311
213312
213313
213314
213315
213316
213317
213321
213322
213323
213324
213325
213326
213327
213331
213332
213333
213334
213335
213336
213337
213345
213354
213361
213362
213363
213364
213365
213366
213367
213371
213372
213373
213374
213375
213376
213377
213411
213412
213413
213414
213415
213416
213417
213421
213422
213423
213424
213425
213426
213427
213431
213432
213433
213434
213435
213436
213437
213441
213442
213443
213444
213445
213446
213447
213451
213452
213453
213454
213455
213456
213457
213461
213462
213463
213464
213465
213466
213467
213471
213472
213473
213474
213475
213476
213477
213511
213512
213513
213514
213515
213516
213517
213521
213522
213523
213524
213525
213526
213527
213531
213532
213533
213534
213535
213536
213537
213541
213542
213543
213544
213545
213546
213547
213551
213552
213553
213554
213555
213556
213557
213561
213562
213563
213564
213565
213566
213567
213571
213572
213573
213574
213575
213576
213577
213611
213612
213613
213614
213615
213616
213617
213621
213622
213623
213624
213625
213626
213627
213631
213632
213633
213634
213635
213636
213637
213645
213654
213661
213662
213663
213664
213665
213666
213667
213671
213672
213673
213674
213675
213676
213677
213711
213712
213713
213714
213715
213716
213717
213721
213722
213723
213724
213725
213726
213727
213731
213732
213733
213734
213735
213736
213737
213745
213754
213761
213762
213763
213764
213765
213766
213767
213771
213772
213773
213774
213775
213776
213777
214111
214112
214113
214114
214115
214116
214117
214122
214123
214124
214125
214126
214127
214135
214142
214143
214144
214145
214146
214147
214153
214162
214163
214164
214165
214166
214167
214172
214173
214174
214175
214176
214177
214211
214212
214213
214214
214215
214216
214217
214221
214222
214223
214224
214225
214226
214227
214235
214241
214242
214243
214244
214245
214246
214247
214253
214261
214262
214263
214264
214265
214266
214267
214271
214272
214273
214274
214275
214276
214277
214311
214312
214313
214314
214315
214316
214317
214321
214322
214323
214324
214325
214326
214327
214331
214332
214333
214334
214335
214336
214337
214341
214342
214343
214344
214345
214346
214347
214351
214352
214353
214354
214355
214356
214357
214361
214362
214363
214364
214365
214366
214367
214371
214372
214373
214374
214375
214376
214377
214411
214412
214413
214414
214415
214416
214417
214421
214422
214423
214424
214425
214426
214427
214435
214441
214442
214443
214444
214445
214446
214447
214453
214461
214462
214463
214464
214465
214466
214467
214471
214472
214473
214474
214475
214476
214477
214511
214512
214513
214514
214515
214516
214517
214521
214522
214523
214524
214525
214526
214527
214531
214532
214533
214534
214535
214536
214537
214541
214542
214543
214544
214545
214546
214547
214551
214552
214553
214554
214555
214556
214557
214561
214562
214563
214564
214565
214566
214567
214571
214572
214573
214574
214575
214576
214577
214611
214612
214613
214614
214615
214616
214617
214621
214622
214623
214624
214625
214626
214627
214635
214641
214642
214643
214644
214645
214646
214647
214653
214661
214662
214663
214664
214665
214666
214667
214671
214672
214673
214674
214675
214676
214677
214711
214712
214713
214714
214715
214716
214717
214721
214722
214723
214724
214725
214726
214727
214735
214741
214742
214743
214744
214745
214746
214747
214753
214761
214762
214763
214764
214765
214766
214767
214771
214772
214773
214774
214775
214776
214777
215111
215112
215113
215114
215115
215116
215117
215122
215123
215124
215125
215126
215127
215134
215143
215152
215153
215154
215155
215156
215157
215162
215163
215164
215165
215166
215167
215172
215173
215174
215175
215176
215177
215211
215212
215213
215214
215215
215216
215217
215221
215222
215223
215224
215225
215226
215227
215234
215243
215251
215252
215253
215254
215255
215256
215257
215261
215262
215263
215264
215265
215266
215267
215271
215272
215273
215274
215275
215276
215277
215311
215312
215313
215314
215315
215316
215317
215321
215322
215323
215324
215325
215326
215327
215331
215332
215333
215334
215335
215336
215337
215341
215342
215343
215344
215345
215346
215347
215351
215352
215353
215354
215355
215356
215357
215361
215362
215363
215364
215365
215366
215367
215371
215372
215373
215374
215375
215376
215377
215411
215412
215413
215414
215415
215416
215417
215421
215422
215423
215424
215425
215426
215427
215431
215432
215433
215434
215435
215436
215437
215441
215442
215443
215444
215445
215446
215447
215451
215452
215453
215454
215455
215456
215457
215461
215462
215463
215464
215465
215466
215467
215471
215472
215473
215474
215475
215476
215477
215511
215512
215513
215514
215515
215516
215517
215521
215522
215523
215524
215525
215526
215527
215534
215543
215551
215552
215553
215554
215555
215556
215557
215561
215562
215563
215564
215565
215566
215567
215571
215572
215573
215574
215575
215576
215577
215611
215612
215613
215614
215615
215616
215617
215621
215622
215623
215624
215625
215626
215627
215634
215643
215651
215652
215653
215654
215655
215656
215657
215661
215662
215663
215664
215665
215666
215667
215671
215672
215673
215674
215675
215676
215677
215711
215712
215713
215714
215715
215716
215717
215721
215722
215723
215724
215725
215726
215727
215734
215743
215751
215752
215753
215754
215755
215756
215757
215761
215762
215763
215764
215765
215766
215767
215771
215772
215773
215774
215775
215776
215777
216111
216112
216113
216114
216115
216116
216117
216122
216123
216124
216125
216126
216127
216132
216133
216134
216135
216136
216137
216142
216143
216144
216145
216146
216147
216152
216153
216154
216155
216156
216157
216162
216163
216164
216165
216166
216167
216172
216173
216174
216175
216176
216177
216211
216212
216213
216214
216215
216216
216217
216221
216222
216223
216224
216225
216226
216227
216231
216232
216233
216234
216235
216236
216237
216241
216242
216243
216244
216245
216246
216247
216251
216252
216253
216254
216255
216256
216257
216261
216262
216263
216264
216265
216266
216267
216271
216272
216273
216274
216275
216276
216277
216311
216312
216313
216314
216315
216316
216317
216321
216322
216323
216324
216325
216326
216327
216331
216332
216333
216334
216335
216336
216337
216341
216342
216343
216344
216345
216346
216347
216351
216352
216353
216354
216355
216356
216357
216361
216362
216363
216364
216365
216366
216367
216371
216372
216373
216374
216375
216376
216377
216411
216412
216413
216414
216415
216416
216417
216421
216422
216423
216424
216425
216426
216427
216431
216432
216433
216434
216435
216436
216437
216441
216442
216443
216444
216445
216446
216447
216451
216452
216453
216454
216455
216456
216457
216461
216462
216463
216464
216465
216466
216467
216471
216472
216473
216474
216475
216476
216477
216511
216512
216513
216514
216515
216516
216517
216521
216522
216523
216524
216525
216526
216527
216531
216532
216533
216534
216535
216536
216537
216541
216542
216543
216544
216545
216546
216547
216551
216552
216553
216554
216555
216556
216557
216561
216562
216563
216564
216565
216566
216567
216571
216572
216573
216574
216575
216576
216577
216611
216612
216613
216614
216615
216616
216617
216621
216622
216623
216624
216625
216626
216627
216631
216632
216633
216634
216635
216636
216637
216641
216642
216643
216644
216645
216646
216647
216651
216652
216653
216654
216655
216656
216657
216661
216662
216663
216664
216665
216666
216667
216671
216672
216673
216674
216675
216676
216677
216711
216712
216713
216714
216715
216716
216717
216721
216722
216723
216724
216725
216726
216727
216731
216732
216733
216734
216735
216736
216737
216741
216742
216743
216744
216745
216746
216747
216751
216752
216753
216754
216755
216756
216757
216761
216762
216763
216764
216765
216766
216767
216771
216772
216773
216774
216775
216776
216777
217111
217112
217113
217114
217115
217116
217117
217122
217123
217124
217125
217126
217127
217132
217133
217134
217135
217136
217137
217142
217143
217144
217145
217146
217147
217152
217153
217154
217155
217156
217157
217162
217163
217164
217165
217166
217167
217172
217173
217174
217175
217176
217177
217211
217212
217213
217214
217215
217216
217217
217221
217222
217223
217224
217225
217226
217227
217231
217232
217233
217234
217235
217236
217237
217241
217242
217243
217244
217245
217246
217247
217251
217252
217253
217254
217255
217256
217257
217261
217262
217263
217264
217265
217266
217267
217271
217272
217273
217274
217275
217276
217277
217311
217312
217313
217314
217315
217316
217317
217321
217322
217323
217324
217325
217326
217327
217331
217332
217333
217334
217335
217336
217337
217341
217342
217343
217344
217345
217346
217347
217351
217352
217353
217354
217355
217356
217357
217361
217362
217363
217364
217365
217366
217367
217371
217372
217373
217374
217375
217376
217377
217411
217412
217413
217414
217415
217416
217417
217421
217422
217423
217424
217425
217426
217427
217431
217432
217433
217434
217435
217436
217437
217441
217442
217443
217444
217445
217446
217447
217451
217452
217453
217454
217455
217456
217457
217461
217462
217463
217464
217465
217466
217467
217471
217472
217473
217474
217475
217476
217477
217511
217512
217513
217514
217515
217516
217517
217521
217522
217523
217524
217525
217526
217527
217531
217532
217533
217534
217535
217536
217537
217541
217542
217543
217544
217545
217546
217547
217551
217552
217553
217554
217555
217556
217557
217561
217562
217563
217564
217565
217566
217567
217571
217572
217573
217574
217575
217576
217577
217611
217612
217613
217614
217615
217616
217617
217621
217622
217623
217624
217625
217626
217627
217631
217632
217633
217634
217635
217636
217637
217641
217642
217643
217644
217645
217646
217647
217651
217652
217653
217654
217655
217656
217657
217661
217662
217663
217664
217665
217666
217667
217671
217672
217673
217674
217675
217676
217677
217711
217712
217713
217714
217715
217716
217717
217721
217722
217723
217724
217725
217726
217727
217731
217732
217733
217734
217735
217736
217737
217741
217742
217743
217744
217745
217746
217747
217751
217752
217753
217754
217755
217756
217757
217761
217762
217763
217764
217765
217766
217767
217771
217772
217773
217774
217775
217776
217777
221111
221112
221113
221114
221115
221116
221117
221121
221122
221123
221124
221125
221126
221127
221134
221143
221151
221152
221153
221154
221155
221156
221157
221161
221162
221163
221164
221165
221166
221167
221171
221172
221173
221174
221175
221176
221177
221211
221213
221214
221215
221216
221217
221221
221222
221223
221224
221225
221226
221227
221234
221243
221251
221253
221254
221255
221256
221257
221261
221263
221264
221265
221266
221267
221271
221273
221274
221275
221276
221277
221311
221312
221313
221314
221315
221316
221317
221321
221322
221323
221324
221325
221326
221327
221331
221332
221333
221334
221335
221336
221337
221341
221342
221343
221344
221345
221346
221347
221351
221352
221353
221354
221355
221356
221357
221361
221362
221363
221364
221365
221366
221367
221371
221372
221373
221374
221375
221376
221377
221411
221412
221413
221414
221415
221416
221417
221421
221422
221423
221424
221425
221426
221427
221431
221432
221433
221434
221435
221436
221437
221441
221442
221443
221444
221445
221446
221447
221451
221452
221453
221454
221455
221456
221457
221461
221462
221463
221464
221465
221466
221467
221471
221472
221473
221474
221475
221476
221477
221511
221512
221513
221514
221515
221516
221517
221521
221522
221523
221524
221525
221526
221527
221534
221543
221551
221552
221553
221554
221555
221556
221557
221561
221562
221563
221564
221565
221566
221567
221571
221572
221573
221574
221575
221576
221577
221611
221612
221613
221614
221615
221616
221617
221621
221622
221623
221624
221625
221626
221627
221634
221643
221651
221652
221653
221654
221655
221656
221657
221661
221662
221663
221664
221665
221666
221667
221671
221672
221673
221674
221675
221676
221677
221711
221712
221713
221714
221715
221716
221717
221721
221722
221723
221724
221725
221726
221727
221734
221743
221751
221752
221753
221754
221755
221756
221757
221761
221762
221763
221764
221765
221766
221767
221771
221772
221773
221774
221775
221776
221777
222111
222112
222113
222114
222115
222116
222117
222121
222122
222123
222124
222125
222126
222127
222131
222132
222133
222134
222135
222136
222137
222141
222142
222143
222144
222145
222146
222147
222151
222152
222153
222154
222155
222156
222157
222161
222162
222163
222164
222165
222166
222167
222171
222172
222173
222174
222175
222176
222177
222211
222212
222213
222214
222215
222216
222217
222221
222222
222223
222224
222225
222226
222227
222231
222232
222233
222234
222235
222236
222237
222241
222242
222243
222244
222245
222246
222247
222251
222252
222253
222254
222255
222256
222257
222261
222262
222263
222264
222265
222266
222267
222271
222272
222273
222274
222275
222276
222277
222311
222312
222313
222314
222315
222316
222317
222321
222322
222323
222324
222325
222326
222327
222331
222332
222333
222334
222335
222336
222337
222341
222342
222343
222344
222345
222346
222347
222351
222352
222353
222354
222355
222356
222357
222361
222362
222363
222364
222365
222366
222367
222371
222372
222373
222374
222375
222376
222377
222411
222412
222413
222414
222415
222416
222417
222421
222422
222423
222424
222425
222426
222427
222431
222432
222433
222434
222435
222436
222437
222441
222442
222443
222444
222445
222446
222447
222451
222452
222453
222454
222455
222456
222457
222461
222462
222463
222464
222465
222466
222467
222471
222472
222473
222474
222475
222476
222477
222511
222512
222513
222514
222515
222516
222517
222521
222522
222523
222524
222525
222526
222527
222531
222532
222533
222534
222535
222536
222537
222541
222542
222543
222544
222545
222546
222547
222551
222552
222553
222554
222555
222556
222557
222561
222562
222563
222564
222565
222566
222567
222571
222572
222573
222574
222575
222576
222577
222611
222612
222613
222614
222615
222616
222617
222621
222622
222623
222624
222625
222626
222627
222631
222632
222633
222634
222635
222636
222637
222641
222642
222643
222644
222645
222646
222647
222651
222652
222653
222654
222655
222656
222657
222661
222662
222663
222664
222665
222666
222667
222671
222672
222673
222674
222675
222676
222677
222711
222712
222713
222714
222715
222716
222717
222721
222722
222723
222724
222725
222726
222727
222731
222732
222733
222734
222735
222736
222737
222741
222742
222743
222744
222745
222746
222747
222751
222752
222753
222754
222755
222756
222757
222761
222762
222763
222764
222765
222766
222767
222771
222772
222773
222774
222775
222776
222777
223111
223112
223113
223114
223115
223116
223117
223121
223122
223123
223124
223125
223126
223127
223131
223132
223133
223134
223135
223136
223137
223145
223154
223161
223162
223163
223164
223165
223166
223167
223171
223172
223173
223174
223175
223176
223177
223214
223221
223222
223223
223224
223225
223226
223227
223231
223233
223234
223235
223236
223237
223254
223261
223263
223264
223265
223266
223267
223271
223273
223274
223275
223276
223277
223314
223321
223322
223323
223324
223325
223326
223327
223331
223332
223333
223334
223335
223336
223337
223354
223361
223362
223363
223364
223365
223366
223367
223371
223372
223373
223374
223375
223376
223377
223411
223412
223413
223414
223415
223416
223417
223421
223422
223423
223424
223425
223426
223427
223431
223432
223433
223434
223435
223436
223437
223441
223442
223443
223444
223445
223446
223447
223451
223452
223453
223454
223455
223456
223457
223461
223462
223463
223464
223465
223466
223467
223471
223472
223473
223474
223475
223476
223477
223514
223521
223522
223523
223524
223525
223526
223527
223531
223532
223533
223534
223535
223536
223537
223541
223551
223552
223553
223554
223555
223556
223557
223561
223562
223563
223564
223565
223566
223567
223571
223572
223573
223574
223575
223576
223577
223614
223621
223622
223623
223624
223625
223626
223627
223631
223632
223633
223634
223635
223636
223637
223654
223661
223662
223663
223664
223665
223666
223667
223671
223672
223673
223674
223675
223676
223677
223714
223721
223722
223723
223724
223725
223726
223727
223731
223732
223733
223734
223735
223736
223737
223754
223761
223762
223763
223764
223765
223766
223767
223771
223772
223773
223774
223775
223776
223777
224111
224112
224113
224114
224115
224116
224117
224121
224122
224123
224124
224125
224126
224127
224135
224141
224142
224143
224144
224145
224146
224147
224153
224161
224162
224163
224164
224165
224166
224167
224171
224172
224173
224174
224175
224176
224177
224213
224221
224222
224223
224224
224225
224226
224227
224241
224243
224244
224245
224246
224247
224253
224261
224263
224264
224265
224266
224267
224271
224273
224274
224275
224276
224277
224311
224312
224313
224314
224315
224316
224317
224321
224322
224323
224324
224325
224326
224327
224331
224332
224333
224334
224335
224336
224337
224341
224342
224343
224344
224345
224346
224347
224351
224352
224353
224354
224355
224356
224357
224361
224362
224363
224364
224365
224366
224367
224371
224372
224373
224374
224375
224376
224377
224413
224421
224422
224423
224424
224425
224426
224427
224441
224442
224443
224444
224445
224446
224447
224453
224461
224462
224463
224464
224465
224466
224467
224471
224472
224473
224474
224475
224476
224477
224513
224521
224522
224523
224524
224525
224526
224527
224531
224541
224542
224543
224544
224545
224546
224547
224551
224552
224553
224554
224555
224556
224557
224561
224562
224563
224564
224565
224566
224567
224571
224572
224573
224574
224575
224576
224577
224613
224621
224622
224623
224624
224625
224626
224627
224641
224642
224643
224644
224645
224646
224647
224653
224661
224662
224663
224664
224665
224666
224667
224671
224672
224673
224674
224675
224676
224677
224713
224721
224722
224723
224724
224725
224726
224727
224741
224742
224743
224744
224745
224746
224747
224753
224761
224762
224763
224764
224765
224766
224767
224771
224772
224773
224774
224775
224776
224777
225111
225112
225113
225114
225115
225116
225117
225121
225122
225123
225124
225125
225126
225127
225134
225143
225151
225152
225153
225154
225155
225156
225157
225161
225162
225163
225164
225165
225166
225167
225171
225172
225173
225174
225175
225176
225177
225211
225213
225214
225215
225216
225217
225221
225222
225223
225224
225225
225226
225227
225234
225243
225251
225253
225254
225255
225256
225257
225261
225263
225264
225265
225266
225267
225271
225273
225274
225275
225276
225277
225311
225312
225313
225314
225315
225316
225317
225321
225322
225323
225324
225325
225326
225327
225331
225332
225333
225334
225335
225336
225337
225341
225342
225343
225344
225345
225346
225347
225351
225352
225353
225354
225355
225356
225357
225361
225362
225363
225364
225365
225366
225367
225371
225372
225373
225374
225375
225376
225377
225411
225412
225413
225414
225415
225416
225417
225421
225422
225423
225424
225425
225426
225427
225431
225432
225433
225434
225435
225436
225437
225441
225442
225443
225444
225445
225446
225447
225451
225452
225453
225454
225455
225456
225457
225461
225462
225463
225464
225465
225466
225467
225471
225472
225473
225474
225475
225476
225477
225511
225512
225513
225514
225515
225516
225517
225521
225522
225523
225524
225525
225526
225527
225534
225543
225551
225552
225553
225554
225555
225556
225557
225561
225562
225563
225564
225565
225566
225567
225571
225572
225573
225574
225575
225576
225577
225611
225612
225613
225614
225615
225616
225617
225621
225622
225623
225624
225625
225626
225627
225634
225643
225651
225652
225653
225654
225655
225656
225657
225661
225662
225663
225664
225665
225666
225667
225671
225672
225673
225674
225675
225676
225677
225711
225712
225713
225714
225715
225716
225717
225721
225722
225723
225724
225725
225726
225727
225734
225743
225751
225752
225753
225754
225755
225756
225757
225761
225762
225763
225764
225765
225766
225767
225771
225772
225773
225774
225775
225776
225777
226111
226112
226113
226114
226115
226116
226117
226121
226122
226123
226124
226125
226126
226127
226131
226132
226133
226134
226135
226136
226137
226141
226142
226143
226144
226145
226146
226147
226151
226152
226153
226154
226155
226156
226157
226161
226162
226163
226164
226165
226166
226167
226171
226172
226173
226174
226175
226176
226177
226211
226213
226214
226215
226216
226217
226221
226222
226223
226224
226225
226226
226227
226231
226233
226234
226235
226236
226237
226241
226243
226244
226245
226246
226247
226251
226253
226254
226255
226256
226257
226261
226263
226264
226265
226266
226267
226271
226273
226274
226275
226276
226277
226311
226312
226313
226314
226315
226316
226317
226321
226322
226323
226324
226325
226326
226327
226331
226332
226333
226334
226335
226336
226337
226341
226342
226343
226344
226345
226346
226347
226351
226352
226353
226354
226355
226356
226357
226361
226362
226363
226364
226365
226366
226367
226371
226372
226373
226374
226375
226376
226377
226411
226412
226413
226414
226415
226416
226417
226421
226422
226423
226424
226425
226426
226427
226431
226432
226433
226434
226435
226436
226437
226441
226442
226443
226444
226445
226446
226447
226451
226452
226453
226454
226455
226456
226457
226461
226462
226463
226464
226465
226466
226467
226471
226472
226473
226474
226475
226476
226477
226511
226512
226513
226514
226515
226516
226517
226521
226522
226523
226524
226525
226526
226527
226531
226532
226533
226534
226535
226536
226537
226541
226542
226543
226544
226545
226546
226547
226551
226552
226553
226554
226555
226556
226557
226561
226562
226563
226564
226565
226566
226567
226571
226572
226573
226574
226575
226576
226577
226611
226612
226613
226614
226615
226616
226617
226621
226622
226623
226624
226625
226626
226627
226631
226632
226633
226634
226635
226636
226637
226641
226642
226643
226644
226645
226646
226647
226651
226652
226653
226654
226655
226656
226657
226661
226662
226663
226664
226665
226666
226667
226671
226672
226673
226674
226675
226676
226677
226711
226712
226713
226714
226715
226716
226717
226721
226722
226723
226724
226725
226726
226727
226731
226732
226733
226734
226735
226736
226737
226741
226742
226743
226744
226745
226746
226747
226751
226752
226753
226754
226755
226756
226757
226761
226762
226763
226764
226765
226766
226767
226771
226772
226773
226774
226775
226776
226777
227111
227112
227113
227114
227115
227116
227117
227121
227122
227123
227124
227125
227126
227127
227131
227132
227133
227134
227135
227136
227137
227141
227142
227143
227144
227145
227146
227147
227151
227152
227153
227154
227155
227156
227157
227161
227162
227163
227164
227165
227166
227167
227171
227172
227173
227174
227175
227176
227177
227211
227213
227214
227215
227216
227217
227221
227222
227223
227224
227225
227226
227227
227231
227233
227234
227235
227236
227237
227241
227243
227244
227245
227246
227247
227251
227253
227254
227255
227256
227257
227261
227263
227264
227265
227266
227267
227271
227273
227274
227275
227276
227277
227311
227312
227313
227314
227315
227316
227317
227321
227322
227323
227324
227325
227326
227327
227331
227332
227333
227334
227335
227336
227337
227341
227342
227343
227344
227345
227346
227347
227351
227352
227353
227354
227355
227356
227357
227361
227362
227363
227364
227365
227366
227367
227371
227372
227373
227374
227375
227376
227377
227411
227412
227413
227414
227415
227416
227417
227421
227422
227423
227424
227425
227426
227427
227431
227432
227433
227434
227435
227436
227437
227441
227442
227443
227444
227445
227446
227447
227451
227452
227453
227454
227455
227456
227457
227461
227462
227463
227464
227465
227466
227467
227471
227472
227473
227474
227475
227476
227477
227511
227512
227513
227514
227515
227516
227517
227521
227522
227523
227524
227525
227526
227527
227531
227532
227533
227534
227535
227536
227537
227541
227542
227543
227544
227545
227546
227547
227551
227552
227553
227554
227555
227556
227557
227561
227562
227563
227564
227565
227566
227567
227571
227572
227573
227574
227575
227576
227577
227611
227612
227613
227614
227615
227616
227617
227621
227622
227623
227624
227625
227626
227627
227631
227632
227633
227634
227635
227636
227637
227641
227642
227643
227644
227645
227646
227647
227651
227652
227653
227654
227655
227656
227657
227661
227662
227663
227664
227665
227666
227667
227671
227672
227673
227674
227675
227676
227677
227711
227712
227713
227714
227715
227716
227717
227721
227722
227723
227724
227725
227726
227727
227731
227732
227733
227734
227735
227736
227737
227741
227742
227743
227744
227745
227746
227747
227751
227752
227753
227754
227755
227756
227757
227761
227762
227763
227764
227765
227766
227767
227771
227772
227773
227774
227775
227776
227777
231111
231112
231113
231114
231115
231116
231117
231121
231122
231123
231124
231125
231126
231127
231131
231132
231133
231134
231135
231136
231137
231141
231142
231143
231144
231145
231146
231147
231151
231152
231153
231154
231155
231156
231157
231161
231162
231163
231164
231165
231166
231167
231171
231172
231173
231174
231175
231176
231177
231211
231212
231213
231214
231215
231216
231217
231221
231222
231223
231224
231225
231226
231227
231231
231232
231233
231234
231235
231236
231237
231241
231242
231243
231244
231245
231246
231247
231251
231252
231253
231254
231255
231256
231257
231261
231262
231263
231264
231265
231266
231267
231271
231272
231273
231274
231275
231276
231277
231311
231312
231314
231315
231316
231317
231321
231322
231324
231325
231326
231327
231331
231332
231333
231334
231335
231336
231337
231341
231342
231344
231345
231346
231347
231351
231352
231354
231355
231356
231357
231361
231362
231364
231365
231366
231367
231371
231372
231374
231375
231376
231377
231411
231412
231413
231414
231417
231421
231422
231423
231424
231427
231431
231432
231433
231434
231437
231441
231442
231443
231444
231447
231451
231452
231453
231454
231455
231456
231457
231461
231462
231463
231464
231465
231466
231467
231471
231472
231473
231474
231477
231511
231512
231513
231515
231517
231521
231522
231523
231525
231527
231531
231532
231533
231535
231537
231541
231542
231543
231544
231545
231546
231547
231551
231552
231553
231555
231557
231561
231562
231563
231564
231565
231566
231567
231571
231572
231573
231575
231577
231611
231612
231613
231616
231617
231621
231622
231623
231626
231627
231631
231632
231633
231636
231637
231641
231642
231643
231644
231645
231646
231647
231651
231652
231653
231654
231655
231656
231657
231661
231662
231663
231666
231667
231671
231672
231673
231676
231677
231711
231712
231713
231714
231715
231716
231717
231721
231722
231723
231724
231725
231726
231727
231731
231732
231733
231734
231735
231736
231737
231741
231742
231743
231744
231745
231746
231747
231751
231752
231753
231754
231755
231756
231757
231761
231762
231763
231764
231765
231766
231767
231771
231772
231773
231774
231775
231776
231777
232111
232112
232113
232114
232115
232116
232117
232122
232131
232132
232133
232134
232135
232136
232137
232141
232142
232143
232144
232145
232146
232147
232151
232152
232153
232154
232155
232156
232157
232161
232162
232163
232164
232165
232166
232167
232171
232172
232173
232174
232175
232176
232177
232211
232212
232213
232214
232215
232216
232217
232221
232222
232223
232224
232225
232226
232227
232231
232232
232233
232234
232235
232236
232237
232241
232242
232243
232244
232245
232246
232247
232251
232252
232253
232254
232255
232256
232257
232261
232262
232263
232264
232265
232266
232267
232271
232272
232273
232274
232275
232276
232277
232311
232312
232314
232315
232316
232317
232322
232331
232332
232333
232334
232335
232336
232337
232341
232342
232344
232345
232346
232347
232351
232352
232354
232355
232356
232357
232361
232362
232364
232365
232366
232367
232371
232372
232374
232375
232376
232377
232411
232412
232413
232414
232417
232422
232431
232432
232433
232434
232437
232441
232442
232443
232444
232447
232451
232452
232453
232454
232455
232456
232457
232461
232462
232463
232464
232465
232466
232467
232471
232472
232473
232474
232477
232511
232512
232513
232515
232517
232522
232531
232532
232533
232535
232537
232541
232542
232543
232544
232545
232546
232547
232551
232552
232553
232555
232557
232561
232562
232563
232564
232565
232566
232567
232571
232572
232573
232575
232577
232611
232612
232613
232616
232617
232622
232631
232632
232633
232636
232637
232641
232642
232643
232644
232645
232646
232647
232651
232652
232653
232654
232655
232656
232657
232661
232662
232663
232666
232667
232671
232672
232673
232676
232677
232711
232712
232713
232714
232715
232716
232717
232722
232731
232732
232733
232734
232735
232736
232737
232741
232742
232743
232744
232745
232746
232747
232751
232752
232753
232754
232755
232756
232757
232761
232762
232763
232764
232765
232766
232767
232771
232772
232773
232774
232775
232776
232777
233111
233112
233113
233114
233115
233116
233117
233121
233122
233123
233124
233125
233126
233127
233131
233132
233133
233134
233135
233136
233137
233141
233142
233143
233144
233145
233146
233147
233151
233152
233153
233154
233155
233156
233157
233161
233162
233163
233164
233165
233166
233167
233171
233172
233173
233174
233175
233176
233177
233211
233212
233213
233214
233215
233216
233217
233221
233222
233223
233224
233225
233226
233227
233231
233232
233233
233234
233235
233236
233237
233241
233242
233243
233244
233245
233246
233247
233251
233252
233253
233254
233255
233256
233257
233261
233262
233263
233264
233265
233266
233267
233271
233272
233273
233274
233275
233276
233277
233311
233312
233313
233314
233315
233316
233317
233321
233322
233323
233324
233325
233326
233327
233331
233332
233333
233334
233335
233336
233337
233341
233342
233343
233344
233345
233346
233347
233351
233352
233353
233354
233355
233356
233357
233361
233362
233363
233364
233365
233366
233367
233371
233372
233373
233374
233375
233376
233377
233411
233412
233413
233414
233417
233421
233422
233423
233424
233427
233431
233432
233433
233434
233437
233441
233442
233443
233444
233447
233451
233452
233453
233454
233455
233456
233457
233461
233462
233463
233464
233465
233466
233467
233471
233472
233473
233474
233477
233511
233512
233513
233515
233517
233521
233522
233523
233525
233527
233531
233532
233533
233535
233537
233541
233542
233543
233544
233545
233546
233547
233551
233552
233553
233555
233557
233561
233562
233563
233564
233565
233566
233567
233571
233572
233573
233575
233577
233611
233612
233613
233616
233617
233621
233622
233623
233626
233627
233631
233632
233633
233636
233637
233641
233642
233643
233644
233645
233646
233647
233651
233652
233653
233654
233655
233656
233657
233661
233662
233663
233666
233667
233671
233672
233673
233676
233677
233711
233712
233713
233714
233715
233716
233717
233721
233722
233723
233724
233725
233726
233727
233731
233732
233733
233734
233735
233736
233737
233741
233742
233743
233744
233745
233746
233747
233751
233752
233753
233754
233755
233756
233757
233761
233762
233763
233764
233765
233766
233767
233771
233772
233773
233774
233775
233776
233777
234111
234112
234113
234114
234115
234116
234117
234121
234122
234123
234124
234125
234126
234127
234131
234132
234133
234134
234135
234136
234137
234141
234142
234143
234144
234145
234146
234147
234151
234152
234153
234154
234155
234156
234157
234161
234162
234163
234164
234165
234166
234167
234171
234172
234173
234174
234175
234176
234177
234211
234212
234213
234214
234215
234216
234217
234221
234222
234223
234224
234225
234226
234227
234231
234232
234233
234234
234235
234236
234237
234241
234242
234243
234244
234245
234246
234247
234251
234252
234253
234254
234255
234256
234257
234261
234262
234263
234264
234265
234266
234267
234271
234272
234273
234274
234275
234276
234277
234311
234312
234314
234315
234316
234317
234321
234322
234324
234325
234326
234327
234331
234332
234333
234334
234335
234336
234337
234341
234342
234344
234345
234346
234347
234351
234352
234354
234355
234356
234357
234361
234362
234364
234365
234366
234367
234371
234372
234374
234375
234376
234377
234411
234412
234413
234414
234415
234416
234417
234421
234422
234423
234424
234425
234426
234427
234431
234432
234433
234434
234435
234436
234437
234441
234442
234443
234444
234445
234446
234447
234451
234452
234453
234454
234455
234456
234457
234461
234462
234463
234464
234465
234466
234467
234471
234472
234473
234474
234475
234476
234477
234511
234512
234513
234514
234515
234516
234517
234521
234522
234523
234524
234525
234526
234527
234531
234532
234533
234534
234535
234536
234537
234541
234542
234543
234544
234545
234546
234547
234551
234552
234553
234554
234555
234556
234557
234561
234562
234563
234564
234565
234566
234567
234571
234572
234573
234574
234575
234576
234577
234611
234612
234613
234614
234615
234616
234617
234621
234622
234623
234624
234625
234626
234627
234631
234632
234633
234634
234635
234636
234637
234641
234642
234643
234644
234645
234646
234647
234651
234652
234653
234654
234655
234656
234657
234661
234662
234663
234664
234665
234666
234667
234671
234672
234673
234674
234675
234676
234677
234711
234712
234713
234714
234715
234716
234717
234721
234722
234723
234724
234725
234726
234727
234731
234732
234733
234734
234735
234736
234737
234741
234742
234743
234744
234745
234746
234747
234751
234752
234753
234754
234755
234756
234757
234761
234762
234763
234764
234765
234766
234767
234771
234772
234773
234774
234775
234776
234777
235111
235112
235113
235114
235115
235116
235117
235121
235122
235123
235124
235125
235126
235127
235131
235132
235133
235134
235135
235136
235137
235141
235142
235143
235144
235145
235146
235147
235151
235152
235153
235154
235155
235156
235157
235161
235162
235163
235164
235165
235166
235167
235171
235172
235173
235174
235175
235176
235177
235211
235212
235213
235214
235215
235216
235217
235221
235222
235223
235224
235225
235226
235227
235231
235232
235233
235234
235235
235236
235237
235241
235242
235243
235244
235245
235246
235247
235251
235252
235253
235254
235255
235256
235257
235261
235262
235263
235264
235265
235266
235267
235271
235272
235273
235274
235275
235276
235277
235311
235312
235314
235315
235316
235317
235321
235322
235324
235325
235326
235327
235331
235332
235333
235334
235335
235336
235337
235341
235342
235344
235345
235346
235347
235351
235352
235354
235355
235356
235357
235361
235362
235364
235365
235366
235367
235371
235372
235374
235375
235376
235377
235411
235412
235413
235414
235415
235416
235417
235421
235422
235423
235424
235425
235426
235427
235431
235432
235433
235434
235435
235436
235437
235441
235442
235443
235444
235445
235446
235447
235451
235452
235453
235454
235455
235456
235457
235461
235462
235463
235464
235465
235466
235467
235471
235472
235473
235474
235475
235476
235477
235511
235512
235513
235514
235515
235516
235517
235521
235522
235523
235524
235525
235526
235527
235531
235532
235533
235534
235535
235536
235537
235541
235542
235543
235544
235545
235546
235547
235551
235552
235553
235554
235555
235556
235557
235561
235562
235563
235564
235565
235566
235567
235571
235572
235573
235574
235575
235576
235577
235611
235612
235613
235614
235615
235616
235617
235621
235622
235623
235624
235625
235626
235627
235631
235632
235633
235634
235635
235636
235637
235641
235642
235643
235644
235645
235646
235647
235651
235652
235653
235654
235655
235656
235657
235661
235662
235663
235664
235665
235666
235667
235671
235672
235673
235674
235675
235676
235677
235711
235712
235713
235714
235715
235716
235717
235721
235722
235723
235724
235725
235726
235727
235731
235732
235733
235734
235735
235736
235737
235741
235742
235743
235744
235745
235746
235747
235751
235752
235753
235754
235755
235756
235757
235761
235762
235763
235764
235765
235766
235767
235771
235772
235773
235774
235775
235776
235777
236111
236112
236113
236114
236115
236116
236117
236121
236122
236123
236124
236125
236126
236127
236131
236132
236133
236134
236135
236136
236137
236141
236142
236143
236144
236145
236146
236147
236151
236152
236153
236154
236155
236156
236157
236161
236162
236163
236164
236165
236166
236167
236171
236172
236173
236174
236175
236176
236177
236211
236212
236213
236214
236215
236216
236217
236221
236222
236223
236224
236225
236226
236227
236231
236232
236233
236234
236235
236236
236237
236241
236242
236243
236244
236245
236246
236247
236251
236252
236253
236254
236255
236256
236257
236261
236262
236263
236264
236265
236266
236267
236271
236272
236273
236274
236275
236276
236277
236311
236312
236314
236315
236316
236317
236321
236322
236324
236325
236326
236327
236331
236332
236333
236334
236335
236336
236337
236341
236342
236344
236345
236346
236347
236351
236352
236354
236355
236356
236357
236361
236362
236364
236365
236366
236367
236371
236372
236374
236375
236376
236377
236411
236412
236413
236414
236415
236416
236417
236421
236422
236423
236424
236425
236426
236427
236431
236432
236433
236434
236435
236436
236437
236441
236442
236443
236444
236445
236446
236447
236451
236452
236453
236454
236455
236456
236457
236461
236462
236463
236464
236465
236466
236467
236471
236472
236473
236474
236475
236476
236477
236511
236512
236513
236514
236515
236516
236517
236521
236522
236523
236524
236525
236526
236527
236531
236532
236533
236534
236535
236536
236537
236541
236542
236543
236544
236545
236546
236547
236551
236552
236553
236554
236555
236556
236557
236561
236562
236563
236564
236565
236566
236567
236571
236572
236573
236574
236575
236576
236577
236611
236612
236613
236614
236615
236616
236617
236621
236622
236623
236624
236625
236626
236627
236631
236632
236633
236634
236635
236636
236637
236641
236642
236643
236644
236645
236646
236647
236651
236652
236653
236654
236655
236656
236657
236661
236662
236663
236664
236665
236666
236667
236671
236672
236673
236674
236675
236676
236677
236711
236712
236713
236714
236715
236716
236717
236721
236722
236723
236724
236725
236726
236727
236731
236732
236733
236734
236735
236736
236737
236741
236742
236743
236744
236745
236746
236747
236751
236752
236753
236754
236755
236756
236757
236761
236762
236763
236764
236765
236766
236767
236771
236772
236773
236774
236775
236776
236777
237111
237112
237113
237114
237115
237116
237117
237121
237122
237123
237124
237125
237126
237127
237131
237132
237133
237134
237135
237136
237137
237141
237142
237143
237144
237145
237146
237147
237151
237152
237153
237154
237155
237156
237157
237161
237162
237163
237164
237165
237166
237167
237171
237172
237173
237174
237175
237176
237177
237211
237212
237213
237214
237215
237216
237217
237221
237222
237223
237224
237225
237226
237227
237231
237232
237233
237234
237235
237236
237237
237241
237242
237243
237244
237245
237246
237247
237251
237252
237253
237254
237255
237256
237257
237261
237262
237263
237264
237265
237266
237267
237271
237272
237273
237274
237275
237276
237277
237311
237312
237314
237315
237316
237317
237321
237322
237324
237325
237326
237327
237331
237332
237333
237334
237335
237336
237337
237341
237342
237344
237345
237346
237347
237351
237352
237354
237355
237356
237357
237361
237362
237364
237365
237366
237367
237371
237372
237374
237375
237376
237377
237411
237412
237413
237414
237417
237421
237422
237423
237424
237427
237431
237432
237433
237434
237437
237441
237442
237443
237444
237447
237451
237452
237453
237454
237455
237456
237457
237461
237462
237463
237464
237465
237466
237467
237471
237472
237473
237474
237477
237511
237512
237513
237515
237517
237521
237522
237523
237525
237527
237531
237532
237533
237535
237537
237541
237542
237543
237544
237545
237546
237547
237551
237552
237553
237555
237557
237561
237562
237563
237564
237565
237566
237567
237571
237572
237573
237575
237577
237611
237612
237613
237616
237617
237621
237622
237623
237626
237627
237631
237632
237633
237636
237637
237641
237642
237643
237644
237645
237646
237647
237651
237652
237653
237654
237655
237656
237657
237661
237662
237663
237666
237667
237671
237672
237673
237676
237677
237711
237712
237713
237714
237715
237716
237717
237721
237722
237723
237724
237725
237726
237727
237731
237732
237733
237734
237735
237736
237737
237741
237742
237743
237744
237745
237746
237747
237751
237752
237753
237754
237755
237756
237757
237761
237762
237763
237764
237765
237766
237767
237771
237772
237773
237774
237775
237776
237777
241111
241112
241113
241114
241115
241116
241117
241121
241122
241123
241124
241125
241126
241127
241131
241132
241133
241134
241135
241136
241137
241141
241142
241143
241144
241145
241146
241147
241151
241152
241153
241154
241155
241156
241157
241161
241162
241163
241164
241165
241166
241167
241171
241172
241173
241174
241175
241176
241177
241211
241212
241213
241214
241215
241216
241217
241221
241222
241223
241224
241225
241226
241227
241231
241232
241233
241234
241235
241236
241237
241241
241242
241243
241244
241245
241246
241247
241251
241252
241253
241254
241255
241256
241257
241261
241262
241263
241264
241265
241266
241267
241271
241272
241273
241274
241275
241276
241277
241311
241312
241313
241314
241317
241321
241322
241323
241324
241327
241331
241332
241333
241334
241337
241341
241342
241343
241344
241347
241351
241352
241353
241354
241355
241356
241357
241361
241362
241363
241364
241365
241366
241367
241371
241372
241373
241374
241377
241411
241412
241413
241415
241416
241417
241421
241422
241423
241425
241426
241427
241431
241432
241433
241435
241436
241437
241441
241442
241443
241444
241445
241446
241447
241451
241452
241453
241455
241456
241457
241461
241462
241463
241465
241466
241467
241471
241472
241473
241475
241476
241477
241511
241512
241514
241515
241521
241522
241524
241525
241531
241532
241533
241534
241535
241541
241542
241544
241545
241551
241552
241554
241555
241561
241562
241563
241564
241565
241566
241567
241571
241572
241574
241575
241577
241611
241612
241614
241616
241621
241622
241624
241626
241631
241632
241633
241634
241636
241641
241642
241644
241646
241651
241652
241653
241654
241655
241656
241657
241661
241662
241664
241666
241671
241672
241674
241676
241677
241711
241712
241713
241714
241717
241721
241722
241723
241724
241727
241731
241732
241733
241734
241737
241741
241742
241743
241744
241747
241751
241752
241753
241754
241755
241756
241757
241761
241762
241763
241764
241765
241766
241767
241771
241772
241773
241774
241777
242111
242112
242113
242114
242115
242116
242117
242122
242131
242132
242133
242134
242135
242136
242137
242141
242142
242143
242144
242145
242146
242147
242151
242152
242153
242154
242155
242156
242157
242161
242162
242163
242164
242165
242166
242167
242171
242172
242173
242174
242175
242176
242177
242211
242212
242213
242214
242215
242216
242217
242221
242222
242223
242224
242225
242226
242227
242231
242232
242233
242234
242235
242236
242237
242241
242242
242243
242244
242245
242246
242247
242251
242252
242253
242254
242255
242256
242257
242261
242262
242263
242264
242265
242266
242267
242271
242272
242273
242274
242275
242276
242277
242311
242312
242313
242314
242317
242322
242331
242332
242333
242334
242337
242341
242342
242343
242344
242347
242351
242352
242353
242354
242355
242356
242357
242361
242362
242363
242364
242365
242366
242367
242371
242372
242373
242374
242377
242411
242412
242413
242415
242416
242417
242422
242431
242432
242433
242435
242436
242437
242441
242442
242443
242444
242445
242446
242447
242451
242452
242453
242455
242456
242457
242461
242462
242463
242465
242466
242467
242471
242472
242473
242475
242476
242477
242511
242512
242514
242515
242522
242531
242532
242533
242534
242535
242541
242542
242544
242545
242551
242552
242554
242555
242561
242562
242563
242564
242565
242566
242567
242571
242572
242574
242575
242577
242611
242612
242614
242616
242622
242631
242632
242633
242634
242636
242641
242642
242644
242646
242651
242652
242653
242654
242655
242656
242657
242661
242662
242664
242666
242671
242672
242674
242676
242677
242711
242712
242713
242714
242717
242722
242731
242732
242733
242734
242737
242741
242742
242743
242744
242747
242751
242752
242753
242754
242755
242756
242757
242761
242762
242763
242764
242765
242766
242767
242771
242772
242773
242774
242777
243111
243112
243113
243114
243115
243116
243117
243121
243122
243123
243124
243125
243126
243127
243131
243132
243133
243134
243135
243136
243137
243141
243142
243143
243144
243145
243146
243147
243151
243152
243153
243154
243155
243156
243157
243161
243162
243163
243164
243165
243166
243167
243171
243172
243173
243174
243175
243176
243177
243211
243212
243213
243214
243215
243216
243217
243221
243222
243223
243224
243225
243226
243227
243231
243232
243233
243234
243235
243236
243237
243241
243242
243243
243244
243245
243246
243247
243251
243252
243253
243254
243255
243256
243257
243261
243262
243263
243264
243265
243266
243267
243271
243272
243273
243274
243275
243276
243277
243311
243312
243313
243314
243315
243316
243317
243321
243322
243323
243324
243325
243326
243327
243331
243332
243333
243334
243335
243336
243337
243341
243342
243343
243344
243345
243346
243347
243351
243352
243353
243354
243355
243356
243357
243361
243362
243363
243364
243365
243366
243367
243371
243372
243373
243374
243375
243376
243377
243411
243412
243413
243415
243416
243417
243421
243422
243423
243425
243426
243427
243431
243432
243433
243435
243436
243437
243441
243442
243443
243444
243445
243446
243447
243451
243452
243453
243455
243456
243457
243461
243462
243463
243465
243466
243467
243471
243472
243473
243475
243476
243477
243511
243512
243513
243514
243515
243521
243522
243523
243524
243525
243531
243532
243533
243534
243535
243541
243542
243543
243544
243545
243551
243552
243553
243554
243555
243561
243562
243563
243564
243565
243566
243567
243571
243572
243573
243574
243575
243576
243577
243611
243612
243613
243614
243616
243621
243622
243623
243624
243626
243631
243632
243633
243634
243636
243641
243642
243643
243644
243646
243651
243652
243653
243654
243655
243656
243657
243661
243662
243663
243664
243666
243671
243672
243673
243674
243675
243676
243677
243711
243712
243713
243714
243717
243721
243722
243723
243724
243727
243731
243732
243733
243734
243737
243741
243742
243743
243744
243747
243751
243752
243753
243754
243755
243756
243757
243761
243762
243763
243764
243765
243766
243767
243771
243772
243773
243774
243777
244111
244112
244113
244114
244115
244116
244117
244121
244122
244123
244124
244125
244126
244127
244131
244132
244133
244134
244135
244136
244137
244141
244142
244143
244144
244145
244146
244147
244151
244152
244153
244154
244155
244156
244157
244161
244162
244163
244164
244165
244166
244167
244171
244172
244173
244174
244175
244176
244177
244211
244212
244213
244214
244215
244216
244217
244221
244222
244223
244224
244225
244226
244227
244231
244232
244233
244234
244235
244236
244237
244241
244242
244243
244244
244245
244246
244247
244251
244252
244253
244254
244255
244256
244257
244261
244262
244263
244264
244265
244266
244267
244271
244272
244273
244274
244275
244276
244277
244311
244312
244313
244314
244317
244321
244322
244323
244324
244327
244331
244332
244333
244334
244337
244341
244342
244343
244344
244347
244351
244352
244353
244354
244355
244356
244357
244361
244362
244363
244364
244365
244366
244367
244371
244372
244373
244374
244377
244411
244412
244413
244414
244415
244416
244417
244421
244422
244423
244424
244425
244426
244427
244431
244432
244433
244434
244435
244436
244437
244441
244442
244443
244444
244445
244446
244447
244451
244452
244453
244454
244455
244456
244457
244461
244462
244463
244464
244465
244466
244467
244471
244472
244473
244474
244475
244476
244477
244511
244512
244514
244515
244521
244522
244524
244525
244531
244532
244533
244534
244535
244541
244542
244544
244545
244551
244552
244554
244555
244561
244562
244563
244564
244565
244566
244567
244571
244572
244574
244575
244577
244611
244612
244614
244616
244621
244622
244624
244626
244631
244632
244633
244634
244636
244641
244642
244644
244646
244651
244652
244653
244654
244655
244656
244657
244661
244662
244664
244666
244671
244672
244674
244676
244677
244711
244712
244713
244714
244717
244721
244722
244723
244724
244727
244731
244732
244733
244734
244737
244741
244742
244743
244744
244747
244751
244752
244753
244754
244755
244756
244757
244761
244762
244763
244764
244765
244766
244767
244771
244772
244773
244774
244777
245111
245112
245113
245114
245115
245116
245117
245121
245122
245123
245124
245125
245126
245127
245131
245132
245133
245134
245135
245136
245137
245141
245142
245143
245144
245145
245146
245147
245151
245152
245153
245154
245155
245156
245157
245161
245162
245163
245164
245165
245166
245167
245171
245172
245173
245174
245175
245176
245177
245211
245212
245213
245214
245215
245216
245217
245221
245222
245223
245224
245225
245226
245227
245231
245232
245233
245234
245235
245236
245237
245241
245242
245243
245244
245245
245246
245247
245251
245252
245253
245254
245255
245256
245257
245261
245262
245263
245264
245265
245266
245267
245271
245272
245273
245274
245275
245276
245277
245311
245312
245313
245314
245315
245316
245317
245321
245322
245323
245324
245325
245326
245327
245331
245332
245333
245334
245335
245336
245337
245341
245342
245343
245344
245345
245346
245347
245351
245352
245353
245354
245355
245356
245357
245361
245362
245363
245364
245365
245366
245367
245371
245372
245373
245374
245375
245376
245377
245411
245412
245413
245415
245416
245417
245421
245422
245423
245425
245426
245427
245431
245432
245433
245435
245436
245437
245441
245442
245443
245444
245445
245446
245447
245451
245452
245453
245455
245456
245457
245461
245462
245463
245465
245466
245467
245471
245472
245473
245475
245476
245477
245511
245512
245513
245514
245515
245516
245517
245521
245522
245523
245524
245525
245526
245527
245531
245532
245533
245534
245535
245536
245537
245541
245542
245543
245544
245545
245546
245547
245551
245552
245553
245554
245555
245556
245557
245561
245562
245563
245564
245565
245566
245567
245571
245572
245573
245574
245575
245576
245577
245611
245612
245613
245614
245615
245616
245617
245621
245622
245623
245624
245625
245626
245627
245631
245632
245633
245634
245635
245636
245637
245641
245642
245643
245644
245645
245646
245647
245651
245652
245653
245654
245655
245656
245657
245661
245662
245663
245664
245665
245666
245667
245671
245672
245673
245674
245675
245676
245677
245711
245712
245713
245714
245715
245716
245717
245721
245722
245723
245724
245725
245726
245727
245731
245732
245733
245734
245735
245736
245737
245741
245742
245743
245744
245745
245746
245747
245751
245752
245753
245754
245755
245756
245757
245761
245762
245763
245764
245765
245766
245767
245771
245772
245773
245774
245775
245776
245777
246111
246112
246113
246114
246115
246116
246117
246121
246122
246123
246124
246125
246126
246127
246131
246132
246133
246134
246135
246136
246137
246141
246142
246143
246144
246145
246146
246147
246151
246152
246153
246154
246155
246156
246157
246161
246162
246163
246164
246165
246166
246167
246171
246172
246173
246174
246175
246176
246177
246211
246212
246213
246214
246215
246216
246217
246221
246222
246223
246224
246225
246226
246227
246231
246232
246233
246234
246235
246236
246237
246241
246242
246243
246244
246245
246246
246247
246251
246252
246253
246254
246255
246256
246257
246261
246262
246263
246264
246265
246266
246267
246271
246272
246273
246274
246275
246276
246277
246311
246312
246313
246314
246315
246316
246317
246321
246322
246323
246324
246325
246326
246327
246331
246332
246333
246334
246335
246336
246337
246341
246342
246343
246344
246345
246346
246347
246351
246352
246353
246354
246355
246356
246357
246361
246362
246363
246364
246365
246366
246367
246371
246372
246373
246374
246375
246376
246377
246411
246412
246413
246415
246416
246417
246421
246422
246423
246425
246426
246427
246431
246432
246433
246435
246436
246437
246441
246442
246443
246444
246445
246446
246447
246451
246452
246453
246455
246456
246457
246461
246462
246463
246465
246466
246467
246471
246472
246473
246475
246476
246477
246511
246512
246513
246514
246515
246516
246517
246521
246522
246523
246524
246525
246526
246527
246531
246532
246533
246534
246535
246536
246537
246541
246542
246543
246544
246545
246546
246547
246551
246552
246553
246554
246555
246556
246557
246561
246562
246563
246564
246565
246566
246567
246571
246572
246573
246574
246575
246576
246577
246611
246612
246613
246614
246615
246616
246617
246621
246622
246623
246624
246625
246626
246627
246631
246632
246633
246634
246635
246636
246637
246641
246642
246643
246644
246645
246646
246647
246651
246652
246653
246654
246655
246656
246657
246661
246662
246663
246664
246665
246666
246667
246671
246672
246673
246674
246675
246676
246677
246711
246712
246713
246714
246715
246716
246717
246721
246722
246723
246724
246725
246726
246727
246731
246732
246733
246734
246735
246736
246737
246741
246742
246743
246744
246745
246746
246747
246751
246752
246753
246754
246755
246756
246757
246761
246762
246763
246764
246765
246766
246767
246771
246772
246773
246774
246775
246776
246777
247111
247112
247113
247114
247115
247116
247117
247121
247122
247123
247124
247125
247126
247127
247131
247132
247133
247134
247135
247136
247137
247141
247142
247143
247144
247145
247146
247147
247151
247152
247153
247154
247155
247156
247157
247161
247162
247163
247164
247165
247166
247167
247171
247172
247173
247174
247175
247176
247177
247211
247212
247213
247214
247215
247216
247217
247221
247222
247223
247224
247225
247226
247227
247231
247232
247233
247234
247235
247236
247237
247241
247242
247243
247244
247245
247246
247247
247251
247252
247253
247254
247255
247256
247257
247261
247262
247263
247264
247265
247266
247267
247271
247272
247273
247274
247275
247276
247277
247311
247312
247313
247314
247317
247321
247322
247323
247324
247327
247331
247332
247333
247334
247337
247341
247342
247343
247344
247347
247351
247352
247353
247354
247355
247356
247357
247361
247362
247363
247364
247365
247366
247367
247371
247372
247373
247374
247377
247411
247412
247413
247415
247416
247417
247421
247422
247423
247425
247426
247427
247431
247432
247433
247435
247436
247437
247441
247442
247443
247444
247445
247446
247447
247451
247452
247453
247455
247456
247457
247461
247462
247463
247465
247466
247467
247471
247472
247473
247475
247476
247477
247511
247512
247514
247515
247517
247521
247522
247524
247525
247527
247531
247532
247533
247534
247535
247536
247537
247541
247542
247544
247545
247547
247551
247552
247554
247555
247557
247561
247562
247563
247564
247565
247566
247567
247571
247572
247574
247575
247577
247611
247612
247614
247616
247617
247621
247622
247624
247626
247627
247631
247632
247633
247634
247635
247636
247637
247641
247642
247644
247646
247647
247651
247652
247653
247654
247655
247656
247657
247661
247662
247664
247666
247667
247671
247672
247674
247676
247677
247711
247712
247713
247714
247715
247716
247717
247721
247722
247723
247724
247725
247726
247727
247731
247732
247733
247734
247735
247736
247737
247741
247742
247743
247744
247745
247746
247747
247751
247752
247753
247754
247755
247756
247757
247761
247762
247763
247764
247765
247766
247767
247771
247772
247773
247774
247775
247776
247777
251111
251112
251113
251114
251115
251116
251117
251121
251122
251123
251124
251125
251126
251127
251134
251143
251151
251152
251153
251154
251155
251156
251157
251161
251162
251163
251164
251165
251166
251167
251171
251172
251173
251174
251175
251176
251177
251211
251212
251213
251214
251215
251216
251217
251221
251222
251223
251224
251225
251226
251227
251234
251243
251251
251252
251253
251254
251255
251256
251257
251261
251262
251263
251264
251265
251266
251267
251271
251272
251273
251274
251275
251276
251277
251311
251312
251313
251315
251317
251321
251322
251323
251325
251327
251331
251332
251333
251335
251337
251341
251342
251343
251344
251345
251346
251347
251351
251352
251353
251355
251357
251361
251362
251363
251364
251365
251366
251367
251371
251372
251373
251375
251377
251411
251412
251414
251415
251421
251422
251424
251425
251431
251432
251433
251434
251435
251441
251442
251444
251445
251451
251452
251454
251455
251461
251462
251463
251464
251465
251466
251467
251471
251472
251474
251475
251477
251511
251512
251513
251514
251516
251517
251521
251522
251523
251524
251526
251527
251534
251543
251551
251552
251553
251554
251555
251556
251557
251561
251562
251563
251564
251566
251567
251571
251572
251573
251574
251576
251577
251611
251612
251615
251616
251621
251622
251625
251626
251643
251651
251652
251655
251656
251661
251662
251665
251666
251671
251672
251675
251676
251677
251711
251712
251713
251715
251717
251721
251722
251723
251725
251727
251743
251751
251752
251753
251755
251757
251761
251762
251763
251764
251765
251766
251767
251771
251772
251773
251775
251777
252111
252112
252113
252114
252115
252116
252117
252122
252131
252132
252133
252134
252135
252136
252137
252141
252142
252143
252144
252145
252146
252147
252151
252152
252153
252154
252155
252156
252157
252161
252162
252163
252164
252165
252166
252167
252171
252172
252173
252174
252175
252176
252177
252211
252212
252213
252214
252215
252216
252217
252221
252222
252223
252224
252225
252226
252227
252231
252232
252233
252234
252235
252236
252237
252241
252242
252243
252244
252245
252246
252247
252251
252252
252253
252254
252255
252256
252257
252261
252262
252263
252264
252265
252266
252267
252271
252272
252273
252274
252275
252276
252277
252311
252312
252313
252315
252317
252322
252331
252332
252333
252335
252337
252341
252342
252343
252344
252345
252346
252347
252351
252352
252353
252355
252357
252361
252362
252363
252364
252365
252366
252367
252371
252372
252373
252375
252377
252411
252412
252414
252415
252422
252431
252432
252433
252434
252435
252441
252442
252444
252445
252451
252452
252454
252455
252461
252462
252463
252464
252465
252466
252467
252471
252472
252474
252475
252477
252511
252512
252513
252514
252516
252517
252522
252531
252532
252533
252534
252536
252537
252541
252542
252543
252544
252546
252547
252551
252552
252553
252554
252555
252556
252557
252561
252562
252563
252564
252566
252567
252571
252572
252573
252574
252576
252577
252611
252612
252615
252616
252622
252631
252632
252633
252635
252636
252641
252642
252643
252644
252645
252646
252647
252651
252652
252655
252656
252661
252662
252665
252666
252671
252672
252675
252676
252677
252711
252712
252713
252715
252717
252722
252731
252732
252733
252735
252737
252741
252742
252743
252744
252745
252746
252747
252751
252752
252753
252755
252757
252761
252762
252763
252764
252765
252766
252767
252771
252772
252773
252775
252777
253111
253112
253113
253114
253115
253116
253117
253121
253122
253123
253124
253125
253126
253127
253131
253132
253133
253134
253135
253136
253137
253141
253142
253143
253144
253145
253146
253147
253151
253152
253153
253154
253155
253156
253157
253161
253162
253163
253164
253165
253166
253167
253171
253172
253173
253174
253175
253176
253177
253214
253221
253222
253223
253224
253225
253226
253227
253231
253232
253233
253234
253235
253236
253237
253241
253251
253252
253253
253254
253255
253256
253257
253261
253262
253263
253264
253265
253266
253267
253271
253272
253273
253274
253275
253276
253277
253314
253321
253322
253323
253324
253325
253326
253327
253331
253332
253333
253334
253335
253336
253337
253341
253351
253352
253353
253354
253355
253356
253357
253361
253362
253363
253364
253365
253366
253367
253371
253372
253373
253374
253375
253376
253377
253411
253412
253413
253414
253415
253421
253422
253423
253424
253425
253431
253432
253433
253434
253435
253441
253442
253443
253444
253445
253451
253452
253453
253454
253455
253461
253462
253463
253464
253465
253466
253467
253471
253472
253473
253474
253475
253476
253477
253514
253521
253522
253523
253524
253526
253527
253531
253532
253533
253534
253536
253537
253541
253551
253552
253553
253554
253555
253556
253557
253561
253562
253563
253564
253566
253567
253571
253572
253573
253574
253576
253577
253621
253622
253623
253625
253626
253631
253632
253633
253635
253636
253641
253651
253652
253653
253655
253656
253661
253662
253663
253665
253666
253671
253672
253673
253674
253675
253676
253677
253721
253722
253723
253725
253727
253731
253732
253733
253735
253737
253741
253751
253752
253753
253755
253757
253761
253762
253763
253764
253765
253766
253767
253771
253772
253773
253775
253777
254111
254112
254113
254114
254115
254116
254117
254121
254122
254123
254124
254125
254126
254127
254131
254132
254133
254134
254135
254136
254137
254141
254142
254143
254144
254145
254146
254147
254151
254152
254153
254154
254155
254156
254157
254161
254162
254163
254164
254165
254166
254167
254171
254172
254173
254174
254175
254176
254177
254213
254221
254222
254223
254224
254225
254226
254227
254231
254241
254242
254243
254244
254245
254246
254247
254251
254252
254253
254254
254255
254256
254257
254261
254262
254263
254264
254265
254266
254267
254271
254272
254273
254274
254275
254276
254277
254311
254312
254313
254314
254315
254316
254317
254321
254322
254323
254324
254325
254326
254327
254331
254332
254333
254334
254335
254336
254337
254341
254342
254343
254344
254345
254346
254347
254351
254352
254353
254354
254355
254356
254357
254361
254362
254363
254364
254365
254366
254367
254371
254372
254373
254374
254375
254376
254377
254413
254421
254422
254423
254424
254425
254426
254427
254431
254441
254442
254443
254444
254445
254446
254447
254451
254452
254453
254454
254455
254456
254457
254461
254462
254463
254464
254465
254466
254467
254471
254472
254473
254474
254475
254476
254477
254513
254521
254522
254523
254524
254526
254527
254531
254541
254542
254543
254544
254546
254547
254551
254552
254553
254554
254555
254556
254557
254561
254562
254563
254564
254566
254567
254571
254572
254573
254574
254576
254577
254613
254621
254622
254623
254624
254625
254626
254627
254631
254641
254642
254643
254644
254645
254646
254647
254651
254652
254653
254654
254655
254656
254657
254661
254662
254663
254664
254665
254666
254667
254671
254672
254673
254674
254675
254676
254677
254713
254721
254722
254723
254724
254725
254726
254727
254731
254741
254742
254743
254744
254745
254746
254747
254751
254752
254753
254754
254755
254756
254757
254761
254762
254763
254764
254765
254766
254767
254771
254772
254773
254774
254775
254776
254777
255111
255112
255113
255114
255115
255116
255117
255121
255122
255123
255124
255125
255126
255127
255131
255132
255133
255134
255135
255136
255137
255141
255142
255143
255144
255145
255146
255147
255151
255152
255153
255154
255155
255156
255157
255161
255162
255163
255164
255165
255166
255167
255171
255172
255173
255174
255175
255176
255177
255211
255212
255213
255214
255215
255216
255217
255221
255222
255223
255224
255225
255226
255227
255231
255232
255233
255234
255235
255236
255237
255241
255242
255243
255244
255245
255246
255247
255251
255252
255253
255254
255255
255256
255257
255261
255262
255263
255264
255265
255266
255267
255271
255272
255273
255274
255275
255276
255277
255311
255312
255313
255315
255317
255321
255322
255323
255325
255327
255331
255332
255333
255335
255337
255341
255342
255343
255344
255345
255346
255347
255351
255352
255353
255355
255357
255361
255362
255363
255364
255365
255366
255367
255371
255372
255373
255375
255377
255411
255412
255414
255415
255421
255422
255424
255425
255431
255432
255433
255434
255435
255441
255442
255444
255445
255451
255452
255454
255455
255461
255462
255463
255464
255465
255466
255467
255471
255472
255474
255475
255477
255511
255512
255513
255514
255515
255516
255517
255521
255522
255523
255524
255525
255526
255527
255531
255532
255533
255534
255535
255536
255537
255541
255542
255543
255544
255545
255546
255547
255551
255552
255553
255554
255555
255556
255557
255561
255562
255563
255564
255565
255566
255567
255571
255572
255573
255574
255575
255576
255577
255611
255612
255615
255616
255621
255622
255625
255626
255631
255632
255633
255635
255636
255641
255642
255643
255644
255645
255646
255647
255651
255652
255655
255656
255661
255662
255665
255666
255671
255672
255675
255676
255677
255711
255712
255713
255715
255717
255721
255722
255723
255725
255727
255731
255732
255733
255735
255737
255741
255742
255743
255744
255745
255746
255747
255751
255752
255753
255755
255757
255761
255762
255763
255764
255765
255766
255767
255771
255772
255773
255775
255777
256111
256112
256113
256114
256115
256116
256117
256121
256122
256123
256124
256125
256126
256127
256131
256132
256133
256134
256135
256136
256137
256141
256142
256143
256144
256145
256146
256147
256151
256152
256153
256154
256155
256156
256157
256161
256162
256163
256164
256165
256166
256167
256171
256172
256173
256174
256175
256176
256177
256211
256212
256213
256214
256215
256216
256217
256221
256222
256223
256224
256225
256226
256227
256231
256232
256233
256234
256235
256236
256237
256241
256242
256243
256244
256245
256246
256247
256251
256252
256253
256254
256255
256256
256257
256261
256262
256263
256264
256265
256266
256267
256271
256272
256273
256274
256275
256276
256277
256311
256312
256313
256314
256315
256316
256317
256321
256322
256323
256324
256325
256326
256327
256331
256332
256333
256334
256335
256336
256337
256341
256342
256343
256344
256345
256346
256347
256351
256352
256353
256354
256355
256356
256357
256361
256362
256363
256364
256365
256366
256367
256371
256372
256373
256374
256375
256376
256377
256411
256412
256413
256414
256415
256416
256417
256421
256422
256423
256424
256425
256426
256427
256431
256432
256433
256434
256435
256436
256437
256441
256442
256443
256444
256445
256446
256447
256451
256452
256453
256454
256455
256456
256457
256461
256462
256463
256464
256465
256466
256467
256471
256472
256473
256474
256475
256476
256477
256511
256512
256513
256514
256516
256517
256521
256522
256523
256524
256526
256527
256531
256532
256533
256534
256536
256537
256541
256542
256543
256544
256546
256547
256551
256552
256553
256554
256555
256556
256557
256561
256562
256563
256564
256566
256567
256571
256572
256573
256574
256576
256577
256611
256612
256613
256614
256615
256616
256617
256621
256622
256623
256624
256625
256626
256627
256631
256632
256633
256634
256635
256636
256637
256641
256642
256643
256644
256645
256646
256647
256651
256652
256653
256654
256655
256656
256657
256661
256662
256663
256664
256665
256666
256667
256671
256672
256673
256674
256675
256676
256677
256711
256712
256713
256714
256715
256716
256717
256721
256722
256723
256724
256725
256726
256727
256731
256732
256733
256734
256735
256736
256737
256741
256742
256743
256744
256745
256746
256747
256751
256752
256753
256754
256755
256756
256757
256761
256762
256763
256764
256765
256766
256767
256771
256772
256773
256774
256775
256776
256777
257111
257112
257113
257114
257115
257116
257117
257121
257122
257123
257124
257125
257126
257127
257131
257132
257133
257134
257135
257136
257137
257141
257142
257143
257144
257145
257146
257147
257151
257152
257153
257154
257155
257156
257157
257161
257162
257163
257164
257165
257166
257167
257171
257172
257173
257174
257175
257176
257177
257211
257212
257213
257214
257215
257216
257217
257221
257222
257223
257224
257225
257226
257227
257231
257232
257233
257234
257235
257236
257237
257241
257242
257243
257244
257245
257246
257247
257251
257252
257253
257254
257255
257256
257257
257261
257262
257263
257264
257265
257266
257267
257271
257272
257273
257274
257275
257276
257277
257311
257312
257313
257315
257317
257321
257322
257323
257325
257327
257331
257332
257333
257335
257337
257341
257342
257343
257344
257345
257346
257347
257351
257352
257353
257355
257357
257361
257362
257363
257364
257365
257366
257367
257371
257372
257373
257375
257377
257411
257412
257414
257415
257417
257421
257422
257424
257425
257427
257431
257432
257433
257434
257435
257436
257437
257441
257442
257444
257445
257447
257451
257452
257454
257455
257457
257461
257462
257463
257464
257465
257466
257467
257471
257472
257474
257475
257477
257511
257512
257513
257514
257516
257517
257521
257522
257523
257524
257526
257527
257531
257532
257533
257534
257536
257537
257541
257542
257543
257544
257546
257547
257551
257552
257553
257554
257555
257556
257557
257561
257562
257563
257564
257566
257567
257571
257572
257573
257574
257576
257577
257611
257612
257615
257616
257617
257621
257622
257625
257626
257627
257631
257632
257633
257634
257635
257636
257637
257641
257642
257643
257644
257645
257646
257647
257651
257652
257655
257656
257657
257661
257662
257665
257666
257667
257671
257672
257675
257676
257677
257711
257712
257713
257714
257715
257716
257717
257721
257722
257723
257724
257725
257726
257727
257731
257732
257733
257734
257735
257736
257737
257741
257742
257743
257744
257745
257746
257747
257751
257752
257753
257754
257755
257756
257757
257761
257762
257763
257764
257765
257766
257767
257771
257772
257773
257774
257775
257776
257777
261111
261112
261113
261114
261115
261116
261117
261121
261122
261123
261124
261125
261126
261127
261134
261143
261151
261152
261153
261154
261155
261156
261157
261161
261162
261163
261164
261165
261166
261167
261171
261172
261173
261174
261175
261176
261177
261211
261212
261213
261214
261215
261216
261217
261221
261222
261223
261224
261225
261226
261227
261234
261243
261251
261252
261253
261254
261255
261256
261257
261261
261262
261263
261264
261265
261266
261267
261271
261272
261273
261274
261275
261276
261277
261311
261312
261313
261316
261317
261321
261322
261323
261326
261327
261331
261332
261333
261336
261337
261341
261342
261343
261344
261345
261346
261347
261351
261352
261353
261354
261355
261356
261357
261361
261362
261363
261366
261367
261371
261372
261373
261376
261377
261411
261412
261414
261416
261421
261422
261424
261426
261431
261432
261433
261434
261436
261441
261442
261444
261446
261451
261452
261453
261454
261455
261456
261457
261461
261462
261464
261466
261471
261472
261474
261476
261477
261511
261512
261515
261516
261521
261522
261525
261526
261543
261551
261552
261555
261556
261561
261562
261565
261566
261571
261572
261575
261576
261577
261611
261612
261613
261614
261615
261617
261621
261622
261623
261624
261625
261627
261634
261643
261651
261652
261653
261654
261655
261657
261661
261662
261663
261664
261665
261666
261667
261671
261672
261673
261674
261675
261677
261711
261712
261713
261716
261717
261721
261722
261723
261726
261727
261743
261751
261752
261753
261754
261755
261756
261757
261761
261762
261763
261766
261767
261771
261772
261773
261776
261777
262111
262112
262113
262114
262115
262116
262117
262122
262131
262132
262133
262134
262135
262136
262137
262141
262142
262143
262144
262145
262146
262147
262151
262152
262153
262154
262155
262156
262157
262161
262162
262163
262164
262165
262166
262167
262171
262172
262173
262174
262175
262176
262177
262211
262212
262213
262214
262215
262216
262217
262221
262222
262223
262224
262225
262226
262227
262231
262232
262233
262234
262235
262236
262237
262241
262242
262243
262244
262245
262246
262247
262251
262252
262253
262254
262255
262256
262257
262261
262262
262263
262264
262265
262266
262267
262271
262272
262273
262274
262275
262276
262277
262311
262312
262313
262316
262317
262322
262331
262332
262333
262336
262337
262341
262342
262343
262344
262345
262346
262347
262351
262352
262353
262354
262355
262356
262357
262361
262362
262363
262366
262367
262371
262372
262373
262376
262377
262411
262412
262414
262416
262422
262431
262432
262433
262434
262436
262441
262442
262444
262446
262451
262452
262453
262454
262455
262456
262457
262461
262462
262464
262466
262471
262472
262474
262476
262477
262511
262512
262515
262516
262522
262531
262532
262533
262535
262536
262541
262542
262543
262544
262545
262546
262547
262551
262552
262555
262556
262561
262562
262565
262566
262571
262572
262575
262576
262577
262611
262612
262613
262614
262615
262617
262622
262631
262632
262633
262634
262635
262637
262641
262642
262643
262644
262645
262647
262651
262652
262653
262654
262655
262657
262661
262662
262663
262664
262665
262666
262667
262671
262672
262673
262674
262675
262677
262711
262712
262713
262716
262717
262722
262731
262732
262733
262736
262737
262741
262742
262743
262744
262745
262746
262747
262751
262752
262753
262754
262755
262756
262757
262761
262762
262763
262766
262767
262771
262772
262773
262776
262777
263111
263112
263113
263114
263115
263116
263117
263121
263122
263123
263124
263125
263126
263127
263131
263132
263133
263134
263135
263136
263137
263145
263154
263161
263162
263163
263164
263165
263166
263167
263171
263172
263173
263174
263175
263176
263177
263214
263221
263222
263223
263224
263225
263226
263227
263231
263232
263233
263234
263235
263236
263237
263254
263261
263262
263263
263264
263265
263266
263267
263271
263272
263273
263274
263275
263276
263277
263314
263321
263322
263323
263324
263325
263326
263327
263331
263332
263333
263334
263335
263336
263337
263354
263361
263362
263363
263364
263365
263366
263367
263371
263372
263373
263374
263375
263376
263377
263411
263412
263413
263414
263416
263421
263422
263423
263424
263426
263431
263432
263433
263434
263436
263441
263442
263443
263444
263446
263451
263452
263453
263454
263455
263456
263457
263461
263462
263463
263464
263466
263471
263472
263473
263474
263475
263476
263477
263521
263522
263523
263525
263526
263531
263532
263533
263535
263536
263541
263551
263552
263553
263555
263556
263561
263562
263563
263565
263566
263571
263572
263573
263574
263575
263576
263577
263614
263621
263622
263623
263624
263625
263627
263631
263632
263633
263634
263635
263637
263654
263661
263662
263663
263664
263665
263666
263667
263671
263672
263673
263674
263675
263677
263721
263722
263723
263726
263727
263731
263732
263733
263736
263737
263754
263761
263762
263763
263766
263767
263771
263772
263773
263776
263777
264111
264112
264113
264114
264115
264116
264117
264121
264122
264123
264124
264125
264126
264127
264135
264141
264142
264143
264144
264145
264146
264147
264153
264161
264162
264163
264164
264165
264166
264167
264171
264172
264173
264174
264175
264176
264177
264213
264221
264222
264223
264224
264225
264226
264227
264241
264242
264243
264244
264245
264246
264247
264253
264261
264262
264263
264264
264265
264266
264267
264271
264272
264273
264274
264275
264276
264277
264311
264312
264313
264314
264315
264316
264317
264321
264322
264323
264324
264325
264326
264327
264331
264332
264333
264334
264335
264336
264337
264341
264342
264343
264344
264345
264346
264347
264351
264352
264353
264354
264355
264356
264357
264361
264362
264363
264364
264365
264366
264367
264371
264372
264373
264374
264375
264376
264377
264413
264421
264422
264423
264424
264425
264426
264427
264441
264442
264443
264444
264445
264446
264447
264453
264461
264462
264463
264464
264465
264466
264467
264471
264472
264473
264474
264475
264476
264477
264513
264521
264522
264523
264524
264525
264526
264527
264531
264541
264542
264543
264544
264545
264546
264547
264551
264552
264553
264554
264555
264556
264557
264561
264562
264563
264564
264565
264566
264567
264571
264572
264573
264574
264575
264576
264577
264613
264621
264622
264623
264624
264625
264627
264641
264642
264643
264644
264645
264647
264653
264661
264662
264663
264664
264665
264666
264667
264671
264672
264673
264674
264675
264677
264713
264721
264722
264723
264724
264725
264726
264727
264741
264742
264743
264744
264745
264746
264747
264753
264761
264762
264763
264764
264765
264766
264767
264771
264772
264773
264774
264775
264776
264777
265111
265112
265113
265114
265115
265116
265117
265121
265122
265123
265124
265125
265126
265127
265134
265143
265151
265152
265153
265154
265155
265156
265157
265161
265162
265163
265164
265165
265166
265167
265171
265172
265173
265174
265175
265176
265177
265211
265212
265213
265214
265215
265216
265217
265221
265222
265223
265224
265225
265226
265227
265234
265243
265251
265252
265253
265254
265255
265256
265257
265261
265262
265263
265264
265265
265266
265267
265271
265272
265273
265274
265275
265276
265277
265311
265312
265313
265314
265315
265316
265317
265321
265322
265323
265324
265325
265326
265327
265331
265332
265333
265334
265335
265336
265337
265341
265342
265343
265344
265345
265346
265347
265351
265352
265353
265354
265355
265356
265357
265361
265362
265363
265364
265365
265366
265367
265371
265372
265373
265374
265375
265376
265377
265411
265412
265413
265414
265415
265416
265417
265421
265422
265423
265424
265425
265426
265427
265431
265432
265433
265434
265435
265436
265437
265441
265442
265443
265444
265445
265446
265447
265451
265452
265453
265454
265455
265456
265457
265461
265462
265463
265464
265465
265466
265467
265471
265472
265473
265474
265475
265476
265477
265511
265512
265513
265514
265515
265516
265517
265521
265522
265523
265524
265525
265526
265527
265534
265543
265551
265552
265553
265554
265555
265556
265557
265561
265562
265563
265564
265565
265566
265567
265571
265572
265573
265574
265575
265576
265577
265611
265612
265613
265614
265615
265617
265621
265622
265623
265624
265625
265627
265634
265643
265651
265652
265653
265654
265655
265657
265661
265662
265663
265664
265665
265666
265667
265671
265672
265673
265674
265675
265677
265711
265712
265713
265714
265715
265716
265717
265721
265722
265723
265724
265725
265726
265727
265734
265743
265751
265752
265753
265754
265755
265756
265757
265761
265762
265763
265764
265765
265766
265767
265771
265772
265773
265774
265775
265776
265777
266111
266112
266113
266114
266115
266116
266117
266121
266122
266123
266124
266125
266126
266127
266131
266132
266133
266134
266135
266136
266137
266141
266142
266143
266144
266145
266146
266147
266151
266152
266153
266154
266155
266156
266157
266161
266162
266163
266164
266165
266166
266167
266171
266172
266173
266174
266175
266176
266177
266211
266212
266213
266214
266215
266216
266217
266221
266222
266223
266224
266225
266226
266227
266231
266232
266233
266234
266235
266236
266237
266241
266242
266243
266244
266245
266246
266247
266251
266252
266253
266254
266255
266256
266257
266261
266262
266263
266264
266265
266266
266267
266271
266272
266273
266274
266275
266276
266277
266311
266312
266313
266316
266317
266321
266322
266323
266326
266327
266331
266332
266333
266336
266337
266341
266342
266343
266344
266345
266346
266347
266351
266352
266353
266354
266355
266356
266357
266361
266362
266363
266366
266367
266371
266372
266373
266376
266377
266411
266412
266414
266416
266421
266422
266424
266426
266431
266432
266433
266434
266436
266441
266442
266444
266446
266451
266452
266453
266454
266455
266456
266457
266461
266462
266464
266466
266471
266472
266474
266476
266477
266511
266512
266515
266516
266521
266522
266525
266526
266531
266532
266533
266535
266536
266541
266542
266543
266544
266545
266546
266547
266551
266552
266555
266556
266561
266562
266565
266566
266571
266572
266575
266576
266577
266611
266612
266613
266614
266615
266616
266617
266621
266622
266623
266624
266625
266626
266627
266631
266632
266633
266634
266635
266636
266637
266641
266642
266643
266644
266645
266646
266647
266651
266652
266653
266654
266655
266656
266657
266661
266662
266663
266664
266665
266666
266667
266671
266672
266673
266674
266675
266676
266677
266711
266712
266713
266716
266717
266721
266722
266723
266726
266727
266731
266732
266733
266736
266737
266741
266742
266743
266744
266745
266746
266747
266751
266752
266753
266754
266755
266756
266757
266761
266762
266763
266766
266767
266771
266772
266773
266776
266777
267111
267112
267113
267114
267115
267116
267117
267121
267122
267123
267124
267125
267126
267127
267131
267132
267133
267134
267135
267136
267137
267141
267142
267143
267144
267145
267146
267147
267151
267152
267153
267154
267155
267156
267157
267161
267162
267163
267164
267165
267166
267167
267171
267172
267173
267174
267175
267176
267177
267211
267212
267213
267214
267215
267216
267217
267221
267222
267223
267224
267225
267226
267227
267231
267232
267233
267234
267235
267236
267237
267241
267242
267243
267244
267245
267246
267247
267251
267252
267253
267254
267255
267256
267257
267261
267262
267263
267264
267265
267266
267267
267271
267272
267273
267274
267275
267276
267277
267311
267312
267313
267316
267317
267321
267322
267323
267326
267327
267331
267332
267333
267336
267337
267341
267342
267343
267344
267345
267346
267347
267351
267352
267353
267354
267355
267356
267357
267361
267362
267363
267366
267367
267371
267372
267373
267376
267377
267411
267412
267414
267416
267417
267421
267422
267424
267426
267427
267431
267432
267433
267434
267435
267436
267437
267441
267442
267444
267446
267447
267451
267452
267453
267454
267455
267456
267457
267461
267462
267464
267466
267467
267471
267472
267474
267476
267477
267511
267512
267515
267516
267517
267521
267522
267525
267526
267527
267531
267532
267533
267534
267535
267536
267537
267541
267542
267543
267544
267545
267546
267547
267551
267552
267555
267556
267557
267561
267562
267565
267566
267567
267571
267572
267575
267576
267577
267611
267612
267613
267614
267615
267617
267621
267622
267623
267624
267625
267627
267631
267632
267633
267634
267635
267637
267641
267642
267643
267644
267645
267647
267651
267652
267653
267654
267655
267657
267661
267662
267663
267664
267665
267666
267667
267671
267672
267673
267674
267675
267677
267711
267712
267713
267714
267715
267716
267717
267721
267722
267723
267724
267725
267726
267727
267731
267732
267733
267734
267735
267736
267737
267741
267742
267743
267744
267745
267746
267747
267751
267752
267753
267754
267755
267756
267757
267761
267762
267763
267764
267765
267766
267767
267771
267772
267773
267774
267775
267776
267777
271111
271112
271113
271114
271115
271116
271117
271121
271122
271123
271124
271125
271126
271127
271134
271143
271151
271152
271153
271154
271155
271156
271157
271161
271162
271163
271164
271165
271166
271167
271171
271172
271173
271174
271175
271176
271177
271211
271212
271213
271214
271215
271216
271217
271221
271222
271223
271224
271225
271226
271227
271234
271243
271251
271252
271253
271254
271255
271256
271257
271261
271262
271263
271264
271265
271266
271267
271271
271272
271273
271274
271275
271276
271277
271311
271312
271313
271314
271315
271316
271317
271321
271322
271323
271324
271325
271326
271327
271331
271332
271333
271334
271335
271336
271337
271341
271342
271343
271344
271345
271346
271347
271351
271352
271353
271354
271355
271356
271357
271361
271362
271363
271364
271365
271366
271367
271371
271372
271373
271374
271375
271376
271377
271411
271412
271413
271414
271417
271421
271422
271423
271424
271427
271431
271432
271433
271434
271437
271441
271442
271443
271444
271447
271451
271452
271453
271454
271455
271456
271457
271461
271462
271463
271464
271465
271466
271467
271471
271472
271473
271474
271477
271511
271512
271513
271515
271517
271521
271522
271523
271525
271527
271543
271551
271552
271553
271555
271557
271561
271562
271563
271564
271565
271566
271567
271571
271572
271573
271575
271577
271611
271612
271613
271616
271617
271621
271622
271623
271626
271627
271643
271651
271652
271653
271654
271655
271656
271657
271661
271662
271663
271666
271667
271671
271672
271673
271676
271677
271711
271712
271713
271714
271715
271716
271721
271722
271723
271724
271725
271726
271734
271743
271751
271752
271753
271754
271755
271756
271761
271762
271763
271764
271765
271766
271771
271772
271773
271774
271775
271776
271777
272111
272112
272113
272114
272115
272116
272117
272122
272131
272132
272133
272134
272135
272136
272137
272141
272142
272143
272144
272145
272146
272147
272151
272152
272153
272154
272155
272156
272157
272161
272162
272163
272164
272165
272166
272167
272171
272172
272173
272174
272175
272176
272177
272211
272212
272213
272214
272215
272216
272217
272221
272222
272223
272224
272225
272226
272227
272231
272232
272233
272234
272235
272236
272237
272241
272242
272243
272244
272245
272246
272247
272251
272252
272253
272254
272255
272256
272257
272261
272262
272263
272264
272265
272266
272267
272271
272272
272273
272274
272275
272276
272277
272311
272312
272313
272314
272315
272316
272317
272322
272331
272332
272333
272334
272335
272336
272337
272341
272342
272343
272344
272345
272346
272347
272351
272352
272353
272354
272355
272356
272357
272361
272362
272363
272364
272365
272366
272367
272371
272372
272373
272374
272375
272376
272377
272411
272412
272413
272414
272417
272422
272431
272432
272433
272434
272437
272441
272442
272443
272444
272447
272451
272452
272453
272454
272455
272456
272457
272461
272462
272463
272464
272465
272466
272467
272471
272472
272473
272474
272477
272511
272512
272513
272515
272517
272522
272531
272532
272533
272535
272537
272541
272542
272543
272544
272545
272546
272547
272551
272552
272553
272555
272557
272561
272562
272563
272564
272565
272566
272567
272571
272572
272573
272575
272577
272611
272612
272613
272616
272617
272622
272631
272632
272633
272636
272637
272641
272642
272643
272644
272645
272646
272647
272651
272652
272653
272654
272655
272656
272657
272661
272662
272663
272666
272667
272671
272672
272673
272676
272677
272711
272712
272713
272714
272715
272716
272722
272731
272732
272733
272734
272735
272736
272741
272742
272743
272744
272745
272746
272751
272752
272753
272754
272755
272756
272761
272762
272763
272764
272765
272766
272771
272772
272773
272774
272775
272776
272777
273111
273112
273113
273114
273115
273116
273117
273121
273122
273123
273124
273125
273126
273127
273131
273132
273133
273134
273135
273136
273137
273145
273154
273161
273162
273163
273164
273165
273166
273167
273171
273172
273173
273174
273175
273176
273177
273214
273221
273222
273223
273224
273225
273226
273227
273231
273232
273233
273234
273235
273236
273237
273254
273261
273262
273263
273264
273265
273266
273267
273271
273272
273273
273274
273275
273276
273277
273314
273321
273322
273323
273324
273325
273326
273327
273331
273332
273333
273334
273335
273336
273337
273354
273361
273362
273363
273364
273365
273366
273367
273371
273372
273373
273374
273375
273376
273377
273411
273412
273413
273414
273417
273421
273422
273423
273424
273427
273431
273432
273433
273434
273437
273441
273442
273443
273444
273447
273451
273452
273453
273454
273455
273456
273457
273461
273462
273463
273464
273465
273466
273467
273471
273472
273473
273474
273477
273521
273522
273523
273525
273527
273531
273532
273533
273535
273537
273541
273551
273552
273553
273555
273557
273561
273562
273563
273564
273565
273566
273567
273571
273572
273573
273575
273577
273621
273622
273623
273626
273627
273631
273632
273633
273636
273637
273654
273661
273662
273663
273666
273667
273671
273672
273673
273676
273677
273714
273721
273722
273723
273724
273725
273726
273731
273732
273733
273734
273735
273736
273754
273761
273762
273763
273764
273765
273766
273771
273772
273773
273774
273775
273776
273777
274111
274112
274113
274114
274115
274116
274117
274121
274122
274123
274124
274125
274126
274127
274135
274141
274142
274143
274144
274145
274146
274147
274153
274161
274162
274163
274164
274165
274166
274167
274171
274172
274173
274174
274175
274176
274177
274213
274221
274222
274223
274224
274225
274226
274227
274241
274242
274243
274244
274245
274246
274247
274253
274261
274262
274263
274264
274265
274266
274267
274271
274272
274273
274274
274275
274276
274277
274311
274312
274313
274314
274315
274316
274317
274321
274322
274323
274324
274325
274326
274327
274331
274332
274333
274334
274335
274336
274337
274341
274342
274343
274344
274345
274346
274347
274351
274352
274353
274354
274355
274356
274357
274361
274362
274363
274364
274365
274366
274367
274371
274372
274373
274374
274375
274376
274377
274413
274421
274422
274423
274424
274425
274426
274427
274441
274442
274443
274444
274445
274446
274447
274453
274461
274462
274463
274464
274465
274466
274467
274471
274472
274473
274474
274475
274476
274477
274513
274521
274522
274523
274524
274525
274526
274527
274531
274541
274542
274543
274544
274545
274546
274547
274551
274552
274553
274554
274555
274556
274557
274561
274562
274563
274564
274565
274566
274567
274571
274572
274573
274574
274575
274576
274577
274613
274621
274622
274623
274624
274625
274626
274627
274641
274642
274643
274644
274645
274646
274647
274653
274661
274662
274663
274664
274665
274666
274667
274671
274672
274673
274674
274675
274676
274677
274713
274721
274722
274723
274724
274725
274726
274741
274742
274743
274744
274745
274746
274753
274761
274762
274763
274764
274765
274766
274771
274772
274773
274774
274775
274776
274777
275111
275112
275113
275114
275115
275116
275117
275121
275122
275123
275124
275125
275126
275127
275134
275143
275151
275152
275153
275154
275155
275156
275157
275161
275162
275163
275164
275165
275166
275167
275171
275172
275173
275174
275175
275176
275177
275211
275212
275213
275214
275215
275216
275217
275221
275222
275223
275224
275225
275226
275227
275234
275243
275251
275252
275253
275254
275255
275256
275257
275261
275262
275263
275264
275265
275266
275267
275271
275272
275273
275274
275275
275276
275277
275311
275312
275313
275314
275315
275316
275317
275321
275322
275323
275324
275325
275326
275327
275331
275332
275333
275334
275335
275336
275337
275341
275342
275343
275344
275345
275346
275347
275351
275352
275353
275354
275355
275356
275357
275361
275362
275363
275364
275365
275366
275367
275371
275372
275373
275374
275375
275376
275377
275411
275412
275413
275414
275415
275416
275417
275421
275422
275423
275424
275425
275426
275427
275431
275432
275433
275434
275435
275436
275437
275441
275442
275443
275444
275445
275446
275447
275451
275452
275453
275454
275455
275456
275457
275461
275462
275463
275464
275465
275466
275467
275471
275472
275473
275474
275475
275476
275477
275511
275512
275513
275514
275515
275516
275517
275521
275522
275523
275524
275525
275526
275527
275534
275543
275551
275552
275553
275554
275555
275556
275557
275561
275562
275563
275564
275565
275566
275567
275571
275572
275573
275574
275575
275576
275577
275611
275612
275613
275614
275615
275616
275617
275621
275622
275623
275624
275625
275626
275627
275634
275643
275651
275652
275653
275654
275655
275656
275657
275661
275662
275663
275664
275665
275666
275667
275671
275672
275673
275674
275675
275676
275677
275711
275712
275713
275714
275715
275716
275721
275722
275723
275724
275725
275726
275734
275743
275751
275752
275753
275754
275755
275756
275761
275762
275763
275764
275765
275766
275771
275772
275773
275774
275775
275776
275777
276111
276112
276113
276114
276115
276116
276117
276121
276122
276123
276124
276125
276126
276127
276131
276132
276133
276134
276135
276136
276137
276141
276142
276143
276144
276145
276146
276147
276151
276152
276153
276154
276155
276156
276157
276161
276162
276163
276164
276165
276166
276167
276171
276172
276173
276174
276175
276176
276177
276211
276212
276213
276214
276215
276216
276217
276221
276222
276223
276224
276225
276226
276227
276231
276232
276233
276234
276235
276236
276237
276241
276242
276243
276244
276245
276246
276247
276251
276252
276253
276254
276255
276256
276257
276261
276262
276263
276264
276265
276266
276267
276271
276272
276273
276274
276275
276276
276277
276311
276312
276313
276314
276315
276316
276317
276321
276322
276323
276324
276325
276326
276327
276331
276332
276333
276334
276335
276336
276337
276341
276342
276343
276344
276345
276346
276347
276351
276352
276353
276354
276355
276356
276357
276361
276362
276363
276364
276365
276366
276367
276371
276372
276373
276374
276375
276376
276377
276411
276412
276413
276414
276415
276416
276417
276421
276422
276423
276424
276425
276426
276427
276431
276432
276433
276434
276435
276436
276437
276441
276442
276443
276444
276445
276446
276447
276451
276452
276453
276454
276455
276456
276457
276461
276462
276463
276464
276465
276466
276467
276471
276472
276473
276474
276475
276476
276477
276511
276512
276513
276514
276515
276516
276517
276521
276522
276523
276524
276525
276526
276527
276531
276532
276533
276534
276535
276536
276537
276541
276542
276543
276544
276545
276546
276547
276551
276552
276553
276554
276555
276556
276557
276561
276562
276563
276564
276565
276566
276567
276571
276572
276573
276574
276575
276576
276577
276611
276612
276613
276614
276615
276616
276617
276621
276622
276623
276624
276625
276626
276627
276631
276632
276633
276634
276635
276636
276637
276641
276642
276643
276644
276645
276646
276647
276651
276652
276653
276654
276655
276656
276657
276661
276662
276663
276664
276665
276666
276667
276671
276672
276673
276674
276675
276676
276677
276711
276712
276713
276714
276715
276716
276721
276722
276723
276724
276725
276726
276731
276732
276733
276734
276735
276736
276741
276742
276743
276744
276745
276746
276751
276752
276753
276754
276755
276756
276761
276762
276763
276764
276765
276766
276771
276772
276773
276774
276775
276776
276777
277111
277112
277113
277114
277115
277116
277117
277121
277122
277123
277124
277125
277126
277127
277131
277132
277133
277134
277135
277136
277137
277141
277142
277143
277144
277145
277146
277147
277151
277152
277153
277154
277155
277156
277157
277161
277162
277163
277164
277165
277166
277167
277171
277172
277173
277174
277175
277176
277177
277211
277212
277213
277214
277215
277216
277217
277221
277222
277223
277224
277225
277226
277227
277231
277232
277233
277234
277235
277236
277237
277241
277242
277243
277244
277245
277246
277247
277251
277252
277253
277254
277255
277256
277257
277261
277262
277263
277264
277265
277266
277267
277271
277272
277273
277274
277275
277276
277277
277311
277312
277313
277314
277315
277316
277317
277321
277322
277323
277324
277325
277326
277327
277331
277332
277333
277334
277335
277336
277337
277341
277342
277343
277344
277345
277346
277347
277351
277352
277353
277354
277355
277356
277357
277361
277362
277363
277364
277365
277366
277367
277371
277372
277373
277374
277375
277376
277377
277411
277412
277413
277414
277417
277421
277422
277423
277424
277427
277431
277432
277433
277434
277437
277441
277442
277443
277444
277447
277451
277452
277453
277454
277455
277456
277457
277461
277462
277463
277464
277465
277466
277467
277471
277472
277473
277474
277477
277511
277512
277513
277515
277517
277521
277522
277523
277525
277527
277531
277532
277533
277535
277537
277541
277542
277543
277544
277545
277546
277547
277551
277552
277553
277555
277557
277561
277562
277563
277564
277565
277566
277567
277571
277572
277573
277575
277577
277611
277612
277613
277616
277617
277621
277622
277623
277626
277627
277631
277632
277633
277636
277637
277641
277642
277643
277644
277645
277646
277647
277651
277652
277653
277654
277655
277656
277657
277661
277662
277663
277666
277667
277671
277672
277673
277676
277677
277711
277712
277713
277714
277715
277716
277717
277721
277722
277723
277724
277725
277726
277727
277731
277732
277733
277734
277735
277736
277737
277741
277742
277743
277744
277745
277746
277747
277751
277752
277753
277754
277755
277756
277757
277761
277762
277763
277764
277765
277766
277767
277771
277772
277773
277774
277775
277776
277777
311111
311112
311113
311114
311115
311116
311117
311121
311122
311123
311124
311125
311126
311127
311131
311132
311133
311134
311135
311136
311137
311141
311142
311143
311144
311145
311146
311147
311151
311152
311153
311154
311155
311156
311157
311161
311162
311163
311164
311165
311166
311167
311171
311172
311173
311174
311175
311176
311177
311211
311212
311213
311214
311215
311216
311217
311221
311222
311223
311224
311225
311226
311227
311231
311232
311233
311234
311235
311236
311237
311241
311242
311243
311244
311245
311246
311247
311251
311252
311253
311254
311255
311256
311257
311261
311262
311263
311264
311265
311266
311267
311271
311272
311273
311274
311275
311276
311277
311311
311312
311313
311314
311315
311316
311317
311321
311322
311323
311324
311325
311326
311327
311331
311332
311333
311334
311335
311336
311337
311341
311342
311343
311344
311345
311346
311347
311351
311352
311353
311354
311355
311356
311357
311361
311362
311363
311364
311365
311366
311367
311371
311372
311373
311374
311375
311376
311377
311411
311412
311413
311414
311415
311416
311417
311421
311422
311423
311424
311425
311426
311427
311431
311432
311433
311434
311435
311436
311437
311441
311442
311443
311444
311445
311446
311447
311451
311452
311453
311454
311455
311456
311457
311461
311462
311463
311464
311465
311466
311467
311471
311472
311473
311474
311475
311476
311477
311511
311512
311513
311514
311515
311516
311517
311521
311522
311523
311524
311525
311526
311527
311531
311532
311533
311534
311535
311536
311537
311541
311542
311543
311544
311545
311546
311547
311551
311552
311553
311554
311555
311556
311557
311561
311562
311563
311564
311565
311566
311567
311571
311572
311573
311574
311575
311576
311577
311611
311612
311613
311614
311615
311616
311617
311621
311622
311623
311624
311625
311626
311627
311631
311632
311633
311634
311635
311636
311637
311641
311642
311643
311644
311645
311646
311647
311651
311652
311653
311654
311655
311656
311657
311661
311662
311663
311664
311665
311666
311667
311671
311672
311673
311674
311675
311676
311677
311711
311712
311713
311714
311715
311716
311717
311721
311722
311723
311724
311725
311726
311727
311731
311732
311733
311734
311735
311736
311737
311741
311742
311743
311744
311745
311746
311747
311751
311752
311753
311754
311755
311756
311757
311761
311762
311763
311764
311765
311766
311767
311771
311772
311773
311774
311775
311776
311777
312111
312112
312113
312114
312115
312116
312117
312122
312123
312124
312125
312126
312127
312132
312133
312134
312135
312136
312137
312145
312154
312162
312163
312164
312165
312166
312167
312172
312173
312174
312175
312176
312177
312211
312212
312213
312214
312215
312216
312217
312221
312222
312223
312224
312225
312226
312227
312231
312232
312233
312234
312235
312236
312237
312245
312254
312261
312262
312263
312264
312265
312266
312267
312271
312272
312273
312274
312275
312276
312277
312311
312312
312313
312314
312315
312316
312317
312321
312322
312323
312324
312325
312326
312327
312331
312332
312333
312334
312335
312336
312337
312345
312354
312361
312362
312363
312364
312365
312366
312367
312371
312372
312373
312374
312375
312376
312377
312411
312412
312413
312414
312415
312416
312417
312421
312422
312423
312424
312425
312426
312427
312431
312432
312433
312434
312435
312436
312437
312441
312442
312443
312444
312445
312446
312447
312451
312452
312453
312454
312455
312456
312457
312461
312462
312463
312464
312465
312466
312467
312471
312472
312473
312474
312475
312476
312477
312511
312512
312513
312514
312515
312516
312517
312521
312522
312523
312524
312525
312526
312527
312531
312532
312533
312534
312535
312536
312537
312541
312542
312543
312544
312545
312546
312547
312551
312552
312553
312554
312555
312556
312557
312561
312562
312563
312564
312565
312566
312567
312571
312572
312573
312574
312575
312576
312577
312611
312612
312613
312614
312615
312616
312617
312621
312622
312623
312624
312625
312626
312627
312631
312632
312633
312634
312635
312636
312637
312645
312654
312661
312662
312663
312664
312665
312666
312667
312671
312672
312673
312674
312675
312676
312677
312711
312712
312713
312714
312715
312716
312717
312721
312722
312723
312724
312725
312726
312727
312731
312732
312733
312734
312735
312736
312737
312745
312754
312761
312762
312763
312764
312765
312766
312767
312771
312772
312773
312774
312775
312776
312777
313111
313112
313113
313114
313115
313116
313117
313122
313123
313124
313125
313126
313127
313133
313142
313143
313144
313145
313146
313147
313152
313153
313154
313155
313156
313157
313162
313163
313164
313165
313166
313167
313172
313173
313174
313175
313176
313177
313211
313212
313213
313214
313215
313216
313217
313221
313222
313223
313224
313225
313226
313227
313233
313241
313242
313243
313244
313245
313246
313247
313251
313252
313253
313254
313255
313256
313257
313261
313262
313263
313264
313265
313266
313267
313271
313272
313273
313274
313275
313276
313277
313311
313312
313313
313314
313315
313316
313317
313321
313322
313323
313324
313325
313326
313327
313331
313332
313333
313334
313335
313336
313337
313341
313342
313343
313344
313345
313346
313347
313351
313352
313353
313354
313355
313356
313357
313361
313362
313363
313364
313365
313366
313367
313371
313372
313373
313374
313375
313376
313377
313411
313412
313413
313414
313415
313416
313417
313421
313422
313423
313424
313425
313426
313427
313433
313441
313442
313443
313444
313445
313446
313447
313451
313452
313453
313454
313455
313456
313457
313461
313462
313463
313464
313465
313466
313467
313471
313472
313473
313474
313475
313476
313477
313511
313512
313513
313514
313515
313516
313517
313521
313522
313523
313524
313525
313526
313527
313533
313541
313542
313543
313544
313545
313546
313547
313551
313552
313553
313554
313555
313556
313557
313561
313562
313563
313564
313565
313566
313567
313571
313572
313573
313574
313575
313576
313577
313611
313612
313613
313614
313615
313616
313617
313621
313622
313623
313624
313625
313626
313627
313633
313641
313642
313643
313644
313645
313646
313647
313651
313652
313653
313654
313655
313656
313657
313661
313662
313663
313664
313665
313666
313667
313671
313672
313673
313674
313675
313676
313677
313711
313712
313713
313714
313715
313716
313717
313721
313722
313723
313724
313725
313726
313727
313733
313741
313742
313743
313744
313745
313746
313747
313751
313752
313753
313754
313755
313756
313757
313761
313762
313763
313764
313765
313766
313767
313771
313772
313773
313774
313775
313776
313777
314111
314112
314113
314114
314115
314116
314117
314125
314132
314133
314134
314135
314136
314137
314142
314143
314144
314145
314146
314147
314165
314172
314173
314174
314175
314176
314177
314211
314212
314213
314214
314215
314216
314217
314221
314222
314223
314224
314225
314226
314227
314231
314232
314233
314234
314235
314236
314237
314241
314242
314243
314244
314245
314246
314247
314256
314265
314271
314272
314273
314274
314275
314276
314277
314311
314312
314313
314314
314315
314316
314317
314325
314331
314332
314333
314334
314335
314336
314337
314341
314342
314343
314344
314345
314346
314347
314365
314371
314372
314373
314374
314375
314376
314377
314411
314412
314413
314414
314415
314416
314417
314425
314431
314432
314433
314434
314435
314436
314437
314441
314442
314443
314444
314445
314446
314447
314465
314471
314472
314473
314474
314475
314476
314477
314511
314512
314513
314514
314515
314516
314517
314521
314522
314523
314524
314525
314526
314527
314531
314532
314533
314534
314535
314536
314537
314541
314542
314543
314544
314545
314546
314547
314551
314552
314553
314554
314555
314556
314557
314561
314562
314563
314564
314565
314566
314567
314571
314572
314573
314574
314575
314576
314577
314611
314612
314613
314614
314615
314616
314617
314625
314631
314632
314633
314634
314635
314636
314637
314641
314642
314643
314644
314645
314646
314647
314652
314661
314662
314663
314664
314665
314666
314667
314671
314672
314673
314674
314675
314676
314677
314711
314712
314713
314714
314715
314716
314717
314725
314731
314732
314733
314734
314735
314736
314737
314741
314742
314743
314744
314745
314746
314747
314765
314771
314772
314773
314774
314775
314776
314777
315111
315112
315113
315114
315115
315116
315117
315124
315132
315133
315134
315135
315136
315137
315152
315153
315154
315155
315156
315157
315164
315172
315173
315174
315175
315176
315177
315211
315212
315213
315214
315215
315216
315217
315221
315222
315223
315224
315225
315226
315227
315231
315232
315233
315234
315235
315236
315237
315246
315251
315252
315253
315254
315255
315256
315257
315264
315271
315272
315273
315274
315275
315276
315277
315311
315312
315313
315314
315315
315316
315317
315324
315331
315332
315333
315334
315335
315336
315337
315351
315352
315353
315354
315355
315356
315357
315364
315371
315372
315373
315374
315375
315376
315377
315411
315412
315413
315414
315415
315416
315417
315421
315422
315423
315424
315425
315426
315427
315431
315432
315433
315434
315435
315436
315437
315441
315442
315443
315444
315445
315446
315447
315451
315452
315453
315454
315455
315456
315457
315461
315462
315463
315464
315465
315466
315467
315471
315472
315473
315474
315475
315476
315477
315511
315512
315513
315514
315515
315516
315517
315524
315531
315532
315533
315534
315535
315536
315537
315551
315552
315553
315554
315555
315556
315557
315564
315571
315572
315573
315574
315575
315576
315577
315611
315612
315613
315614
315615
315616
315617
315624
315631
315632
315633
315634
315635
315636
315637
315642
315651
315652
315653
315654
315655
315656
315657
315661
315662
315663
315664
315665
315666
315667
315671
315672
315673
315674
315675
315676
315677
315711
315712
315713
315714
315715
315716
315717
315724
315731
315732
315733
315734
315735
315736
315737
315751
315752
315753
315754
315755
315756
315757
315764
315771
315772
315773
315774
315775
315776
315777
316111
316112
316113
316114
316115
316116
316117
316122
316123
316124
316125
316126
316127
316132
316133
316134
316135
316136
316137
316145
316154
316162
316163
316164
316165
316166
316167
316172
316173
316174
316175
316176
316177
316211
316212
316213
316214
316215
316216
316217
316221
316222
316223
316224
316225
316226
316227
316231
316232
316233
316234
316235
316236
316237
316245
316254
316261
316262
316263
316264
316265
316266
316267
316271
316272
316273
316274
316275
316276
316277
316311
316312
316313
316314
316315
316316
316317
316321
316322
316323
316324
316325
316326
316327
316331
316332
316333
316334
316335
316336
316337
316345
316354
316361
316362
316363
316364
316365
316366
316367
316371
316372
316373
316374
316375
316376
316377
316411
316412
316413
316414
316415
316416
316417
316421
316422
316423
316424
316425
316426
316427
316431
316432
316433
316434
316435
316436
316437
316441
316442
316443
316444
316445
316446
316447
316451
316452
316453
316454
316455
316456
316457
316461
316462
316463
316464
316465
316466
316467
316471
316472
316473
316474
316475
316476
316477
316511
316512
316513
316514
316515
316516
316517
316521
316522
316523
316524
316525
316526
316527
316531
316532
316533
316534
316535
316536
316537
316541
316542
316543
316544
316545
316546
316547
316551
316552
316553
316554
316555
316556
316557
316561
316562
316563
316564
316565
316566
316567
316571
316572
316573
316574
316575
316576
316577
316611
316612
316613
316614
316615
316616
316617
316621
316622
316623
316624
316625
316626
316627
316631
316632
316633
316634
316635
316636
316637
316645
316654
316661
316662
316663
316664
316665
316666
316667
316671
316672
316673
316674
316675
316676
316677
316711
316712
316713
316714
316715
316716
316717
316721
316722
316723
316724
316725
316726
316727
316731
316732
316733
316734
316735
316736
316737
316745
316754
316761
316762
316763
316764
316765
316766
316767
316771
316772
316773
316774
316775
316776
316777
317111
317112
317113
317114
317115
317116
317117
317122
317123
317124
317125
317126
317127
317132
317133
317134
317135
317136
317137
317142
317143
317144
317145
317146
317147
317152
317153
317154
317155
317156
317157
317162
317163
317164
317165
317166
317167
317172
317173
317174
317175
317176
317177
317211
317212
317213
317214
317215
317216
317217
317221
317222
317223
317224
317225
317226
317227
317231
317232
317233
317234
317235
317236
317237
317241
317242
317243
317244
317245
317246
317247
317251
317252
317253
317254
317255
317256
317257
317261
317262
317263
317264
317265
317266
317267
317271
317272
317273
317274
317275
317276
317277
317311
317312
317313
317314
317315
317316
317317
317321
317322
317323
317324
317325
317326
317327
317331
317332
317333
317334
317335
317336
317337
317341
317342
317343
317344
317345
317346
317347
317351
317352
317353
317354
317355
317356
317357
317361
317362
317363
317364
317365
317366
317367
317371
317372
317373
317374
317375
317376
317377
317411
317412
317413
317414
317415
317416
317417
317421
317422
317423
317424
317425
317426
317427
317431
317432
317433
317434
317435
317436
317437
317441
317442
317443
317444
317445
317446
317447
317451
317452
317453
317454
317455
317456
317457
317461
317462
317463
317464
317465
317466
317467
317471
317472
317473
317474
317475
317476
317477
317511
317512
317513
317514
317515
317516
317517
317521
317522
317523
317524
317525
317526
317527
317531
317532
317533
317534
317535
317536
317537
317541
317542
317543
317544
317545
317546
317547
317551
317552
317553
317554
317555
317556
317557
317561
317562
317563
317564
317565
317566
317567
317571
317572
317573
317574
317575
317576
317577
317611
317612
317613
317614
317615
317616
317617
317621
317622
317623
317624
317625
317626
317627
317631
317632
317633
317634
317635
317636
317637
317641
317642
317643
317644
317645
317646
317647
317651
317652
317653
317654
317655
317656
317657
317661
317662
317663
317664
317665
317666
317667
317671
317672
317673
317674
317675
317676
317677
317711
317712
317713
317714
317715
317716
317717
317721
317722
317723
317724
317725
317726
317727
317731
317732
317733
317734
317735
317736
317737
317741
317742
317743
317744
317745
317746
317747
317751
317752
317753
317754
317755
317756
317757
317761
317762
317763
317764
317765
317766
317767
317771
317772
317773
317774
317775
317776
317777
321111
321112
321113
321114
321115
321116
321117
321121
321122
321123
321124
321125
321126
321127
321131
321132
321133
321134
321135
321136
321137
321141
321142
321143
321144
321145
321146
321147
321151
321152
321153
321154
321155
321156
321157
321161
321162
321163
321164
321165
321166
321167
321171
321172
321173
321174
321175
321176
321177
321211
321213
321214
321215
321216
321217
321221
321222
321223
321224
321225
321226
321227
321231
321233
321234
321235
321236
321237
321241
321243
321244
321245
321246
321247
321251
321253
321254
321255
321256
321257
321261
321263
321264
321265
321266
321267
321271
321273
321274
321275
321276
321277
321311
321312
321313
321314
321315
321316
321317
321321
321322
321323
321324
321325
321326
321327
321331
321332
321333
321334
321335
321336
321337
321341
321342
321343
321344
321345
321346
321347
321351
321352
321353
321354
321355
321356
321357
321361
321362
321363
321364
321365
321366
321367
321371
321372
321373
321374
321375
321376
321377
321411
321412
321413
321414
321415
321416
321417
321421
321422
321423
321424
321425
321426
321427
321431
321432
321433
321434
321435
321436
321437
321441
321442
321443
321444
321445
321446
321447
321451
321452
321453
321454
321455
321456
321457
321461
321462
321463
321464
321465
321466
321467
321471
321472
321473
321474
321475
321476
321477
321511
321512
321513
321514
321515
321516
321517
321521
321522
321523
321524
321525
321526
321527
321531
321532
321533
321534
321535
321536
321537
321541
321542
321543
321544
321545
321546
321547
321551
321552
321553
321554
321555
321556
321557
321561
321562
321563
321564
321565
321566
321567
321571
321572
321573
321574
321575
321576
321577
321611
321612
321613
321614
321615
321616
321617
321621
321622
321623
321624
321625
321626
321627
321631
321632
321633
321634
321635
321636
321637
321641
321642
321643
321644
321645
321646
321647
321651
321652
321653
321654
321655
321656
321657
321661
321662
321663
321664
321665
321666
321667
321671
321672
321673
321674
321675
321676
321677
321711
321712
321713
321714
321715
321716
321717
321721
321722
321723
321724
321725
321726
321727
321731
321732
321733
321734
321735
321736
321737
321741
321742
321743
321744
321745
321746
321747
321751
321752
321753
321754
321755
321756
321757
321761
321762
321763
321764
321765
321766
321767
321771
321772
321773
321774
321775
321776
321777
322111
322112
322113
322114
322115
322116
322117
322121
322122
322123
322124
322125
322126
322127
322131
322132
322133
322134
322135
322136
322137
322141
322142
322143
322144
322145
322146
322147
322151
322152
322153
322154
322155
322156
322157
322161
322162
322163
322164
322165
322166
322167
322171
322172
322173
322174
322175
322176
322177
322211
322212
322213
322214
322215
322216
322217
322221
322222
322223
322224
322225
322226
322227
322231
322232
322233
322234
322235
322236
322237
322241
322242
322243
322244
322245
322246
322247
322251
322252
322253
322254
322255
322256
322257
322261
322262
322263
322264
322265
322266
322267
322271
322272
322273
322274
322275
322276
322277
322311
322312
322313
322314
322315
322316
322317
322321
322322
322323
322324
322325
322326
322327
322331
322332
322333
322334
322335
322336
322337
322341
322342
322343
322344
322345
322346
322347
322351
322352
322353
322354
322355
322356
322357
322361
322362
322363
322364
322365
322366
322367
322371
322372
322373
322374
322375
322376
322377
322411
322412
322413
322414
322415
322416
322417
322421
322422
322423
322424
322425
322426
322427
322431
322432
322433
322434
322435
322436
322437
322441
322442
322443
322444
322445
322446
322447
322451
322452
322453
322454
322455
322456
322457
322461
322462
322463
322464
322465
322466
322467
322471
322472
322473
322474
322475
322476
322477
322511
322512
322513
322514
322515
322516
322517
322521
322522
322523
322524
322525
322526
322527
322531
322532
322533
322534
322535
322536
322537
322541
322542
322543
322544
322545
322546
322547
322551
322552
322553
322554
322555
322556
322557
322561
322562
322563
322564
322565
322566
322567
322571
322572
322573
322574
322575
322576
322577
322611
322612
322613
322614
322615
322616
322617
322621
322622
322623
322624
322625
322626
322627
322631
322632
322633
322634
322635
322636
322637
322641
322642
322643
322644
322645
322646
322647
322651
322652
322653
322654
322655
322656
322657
322661
322662
322663
322664
322665
322666
322667
322671
322672
322673
322674
322675
322676
322677
322711
322712
322713
322714
322715
322716
322717
322721
322722
322723
322724
322725
322726
322727
322731
322732
322733
322734
322735
322736
322737
322741
322742
322743
322744
322745
322746
322747
322751
322752
322753
322754
322755
322756
322757
322761
322762
322763
322764
322765
322766
322767
322771
322772
322773
322774
322775
322776
322777
323111
323112
323113
323114
323115
323116
323117
323121
323122
323123
323124
323125
323126
323127
323133
323141
323142
323143
323144
323145
323146
323147
323151
323152
323153
323154
323155
323156
323157
323161
323162
323163
323164
323165
323166
323167
323171
323172
323173
323174
323175
323176
323177
323211
323213
323214
323215
323216
323217
323221
323222
323223
323224
323225
323226
323227
323233
323241
323243
323244
323245
323246
323247
323251
323253
323254
323255
323256
323257
323261
323263
323264
323265
323266
323267
323271
323273
323274
323275
323276
323277
323311
323312
323313
323314
323315
323316
323317
323321
323322
323323
323324
323325
323326
323327
323331
323332
323333
323334
323335
323336
323337
323341
323342
323343
323344
323345
323346
323347
323351
323352
323353
323354
323355
323356
323357
323361
323362
323363
323364
323365
323366
323367
323371
323372
323373
323374
323375
323376
323377
323411
323412
323413
323414
323415
323416
323417
323421
323422
323423
323424
323425
323426
323427
323433
323441
323442
323443
323444
323445
323446
323447
323451
323452
323453
323454
323455
323456
323457
323461
323462
323463
323464
323465
323466
323467
323471
323472
323473
323474
323475
323476
323477
323511
323512
323513
323514
323515
323516
323517
323521
323522
323523
323524
323525
323526
323527
323533
323541
323542
323543
323544
323545
323546
323547
323551
323552
323553
323554
323555
323556
323557
323561
323562
323563
323564
323565
323566
323567
323571
323572
323573
323574
323575
323576
323577
323611
323612
323613
323614
323615
323616
323617
323621
323622
323623
323624
323625
323626
323627
323633
323641
323642
323643
323644
323645
323646
323647
323651
323652
323653
323654
323655
323656
323657
323661
323662
323663
323664
323665
323666
323667
323671
323672
323673
323674
323675
323676
323677
323711
323712
323713
323714
323715
323716
323717
323721
323722
323723
323724
323725
323726
323727
323733
323741
323742
323743
323744
323745
323746
323747
323751
323752
323753
323754
323755
323756
323757
323761
323762
323763
323764
323765
323766
323767
323771
323772
323773
323774
323775
323776
323777
324111
324112
324113
324114
324115
324116
324117
324121
324122
324123
324124
324125
324126
324127
324131
324132
324133
324134
324135
324136
324137
324141
324142
324143
324144
324145
324146
324147
324156
324165
324171
324172
324173
324174
324175
324176
324177
324211
324213
324214
324215
324216
324217
324221
324222
324223
324224
324225
324226
324227
324231
324233
324234
324235
324236
324237
324241
324243
324244
324245
324246
324247
324256
324265
324271
324273
324274
324275
324276
324277
324311
324312
324313
324314
324315
324316
324317
324321
324322
324323
324324
324325
324326
324327
324331
324332
324333
324334
324335
324336
324337
324341
324342
324343
324344
324345
324346
324347
324356
324365
324371
324372
324373
324374
324375
324376
324377
324411
324412
324413
324414
324415
324416
324417
324421
324422
324423
324424
324425
324426
324427
324431
324432
324433
324434
324435
324436
324437
324441
324442
324443
324444
324445
324446
324447
324456
324465
324471
324472
324473
324474
324475
324476
324477
324511
324512
324513
324514
324515
324516
324517
324521
324522
324523
324524
324525
324526
324527
324531
324532
324533
324534
324535
324536
324537
324541
324542
324543
324544
324545
324546
324547
324551
324552
324553
324554
324555
324556
324557
324561
324562
324563
324564
324565
324566
324567
324571
324572
324573
324574
324575
324576
324577
324611
324612
324613
324614
324615
324616
324617
324621
324622
324623
324624
324625
324626
324627
324631
324632
324633
324634
324635
324636
324637
324641
324642
324643
324644
324645
324646
324647
324651
324652
324653
324654
324655
324656
324657
324661
324662
324663
324664
324665
324666
324667
324671
324672
324673
324674
324675
324676
324677
324711
324712
324713
324714
324715
324716
324717
324721
324722
324723
324724
324725
324726
324727
324731
324732
324733
324734
324735
324736
324737
324741
324742
324743
324744
324745
324746
324747
324756
324765
324771
324772
324773
324774
324775
324776
324777
325111
325112
325113
325114
325115
325116
325117
325121
325122
325123
325124
325125
325126
325127
325131
325132
325133
325134
325135
325136
325137
325146
325151
325152
325153
325154
325155
325156
325157
325164
325171
325172
325173
325174
325175
325176
325177
325211
325213
325214
325215
325216
325217
325221
325222
325223
325224
325225
325226
325227
325231
325233
325234
325235
325236
325237
325246
325251
325253
325254
325255
325256
325257
325264
325271
325273
325274
325275
325276
325277
325311
325312
325313
325314
325315
325316
325317
325321
325322
325323
325324
325325
325326
325327
325331
325332
325333
325334
325335
325336
325337
325346
325351
325352
325353
325354
325355
325356
325357
325364
325371
325372
325373
325374
325375
325376
325377
325411
325412
325413
325414
325415
325416
325417
325421
325422
325423
325424
325425
325426
325427
325431
325432
325433
325434
325435
325436
325437
325441
325442
325443
325444
325445
325446
325447
325451
325452
325453
325454
325455
325456
325457
325461
325462
325463
325464
325465
325466
325467
325471
325472
325473
325474
325475
325476
325477
325511
325512
325513
325514
325515
325516
325517
325521
325522
325523
325524
325525
325526
325527
325531
325532
325533
325534
325535
325536
325537
325546
325551
325552
325553
325554
325555
325556
325557
325564
325571
325572
325573
325574
325575
325576
325577
325611
325612
325613
325614
325615
325616
325617
325621
325622
325623
325624
325625
325626
325627
325631
325632
325633
325634
325635
325636
325637
325641
325642
325643
325644
325645
325646
325647
325651
325652
325653
325654
325655
325656
325657
325661
325662
325663
325664
325665
325666
325667
325671
325672
325673
325674
325675
325676
325677
325711
325712
325713
325714
325715
325716
325717
325721
325722
325723
325724
325725
325726
325727
325731
325732
325733
325734
325735
325736
325737
325746
325751
325752
325753
325754
325755
325756
325757
325764
325771
325772
325773
325774
325775
325776
325777
326111
326112
326113
326114
326115
326116
326117
326121
326122
326123
326124
326125
326126
326127
326131
326132
326133
326134
326135
326136
326137
326145
326154
326161
326162
326163
326164
326165
326166
326167
326171
326172
326173
326174
326175
326176
326177
326211
326213
326214
326215
326216
326217
326221
326222
326223
326224
326225
326226
326227
326231
326233
326234
326235
326236
326237
326245
326254
326261
326263
326264
326265
326266
326267
326271
326273
326274
326275
326276
326277
326311
326312
326313
326314
326315
326316
326317
326321
326322
326323
326324
326325
326326
326327
326331
326332
326333
326334
326335
326336
326337
326345
326354
326361
326362
326363
326364
326365
326366
326367
326371
326372
326373
326374
326375
326376
326377
326411
326412
326413
326414
326415
326416
326417
326421
326422
326423
326424
326425
326426
326427
326431
326432
326433
326434
326435
326436
326437
326441
326442
326443
326444
326445
326446
326447
326451
326452
326453
326454
326455
326456
326457
326461
326462
326463
326464
326465
326466
326467
326471
326472
326473
326474
326475
326476
326477
326511
326512
326513
326514
326515
326516
326517
326521
326522
326523
326524
326525
326526
326527
326531
326532
326533
326534
326535
326536
326537
326541
326542
326543
326544
326545
326546
326547
326551
326552
326553
326554
326555
326556
326557
326561
326562
326563
326564
326565
326566
326567
326571
326572
326573
326574
326575
326576
326577
326611
326612
326613
326614
326615
326616
326617
326621
326622
326623
326624
326625
326626
326627
326631
326632
326633
326634
326635
326636
326637
326645
326654
326661
326662
326663
326664
326665
326666
326667
326671
326672
326673
326674
326675
326676
326677
326711
326712
326713
326714
326715
326716
326717
326721
326722
326723
326724
326725
326726
326727
326731
326732
326733
326734
326735
326736
326737
326745
326754
326761
326762
326763
326764
326765
326766
326767
326771
326772
326773
326774
326775
326776
326777
327111
327112
327113
327114
327115
327116
327117
327121
327122
327123
327124
327125
327126
327127
327131
327132
327133
327134
327135
327136
327137
327141
327142
327143
327144
327145
327146
327147
327151
327152
327153
327154
327155
327156
327157
327161
327162
327163
327164
327165
327166
327167
327171
327172
327173
327174
327175
327176
327177
327211
327213
327214
327215
327216
327217
327221
327222
327223
327224
327225
327226
327227
327231
327233
327234
327235
327236
327237
327241
327243
327244
327245
327246
327247
327251
327253
327254
327255
327256
327257
327261
327263
327264
327265
327266
327267
327271
327273
327274
327275
327276
327277
327311
327312
327313
327314
327315
327316
327317
327321
327322
327323
327324
327325
327326
327327
327331
327332
327333
327334
327335
327336
327337
327341
327342
327343
327344
327345
327346
327347
327351
327352
327353
327354
327355
327356
327357
327361
327362
327363
327364
327365
327366
327367
327371
327372
327373
327374
327375
327376
327377
327411
327412
327413
327414
327415
327416
327417
327421
327422
327423
327424
327425
327426
327427
327431
327432
327433
327434
327435
327436
327437
327441
327442
327443
327444
327445
327446
327447
327451
327452
327453
327454
327455
327456
327457
327461
327462
327463
327464
327465
327466
327467
327471
327472
327473
327474
327475
327476
327477
327511
327512
327513
327514
327515
327516
327517
327521
327522
327523
327524
327525
327526
327527
327531
327532
327533
327534
327535
327536
327537
327541
327542
327543
327544
327545
327546
327547
327551
327552
327553
327554
327555
327556
327557
327561
327562
327563
327564
327565
327566
327567
327571
327572
327573
327574
327575
327576
327577
327611
327612
327613
327614
327615
327616
327617
327621
327622
327623
327624
327625
327626
327627
327631
327632
327633
327634
327635
327636
327637
327641
327642
327643
327644
327645
327646
327647
327651
327652
327653
327654
327655
327656
327657
327661
327662
327663
327664
327665
327666
327667
327671
327672
327673
327674
327675
327676
327677
327711
327712
327713
327714
327715
327716
327717
327721
327722
327723
327724
327725
327726
327727
327731
327732
327733
327734
327735
327736
327737
327741
327742
327743
327744
327745
327746
327747
327751
327752
327753
327754
327755
327756
327757
327761
327762
327763
327764
327765
327766
327767
327771
327772
327773
327774
327775
327776
327777
331111
331112
331113
331114
331115
331116
331117
331124
331131
331132
331133
331134
331135
331136
331137
331142
331151
331152
331153
331154
331155
331156
331157
331161
331162
331163
331164
331165
331166
331167
331171
331172
331173
331174
331175
331176
331177
331211
331212
331213
331214
331215
331216
331217
331221
331222
331223
331224
331225
331226
331227
331231
331232
331233
331234
331235
331236
331237
331241
331242
331243
331244
331245
331246
331247
331251
331252
331253
331254
331255
331256
331257
331261
331262
331263
331264
331265
331266
331267
331271
331272
331273
331274
331275
331276
331277
331311
331312
331314
331315
331316
331317
331324
331331
331332
331333
331334
331335
331336
331337
331342
331351
331352
331354
331355
331356
331357
331361
331362
331364
331365
331366
331367
331371
331372
331374
331375
331376
331377
331411
331412
331413
331414
331415
331416
331417
331421
331422
331423
331424
331425
331426
331427
331431
331432
331433
331434
331435
331436
331437
331441
331442
331443
331444
331445
331446
331447
331451
331452
331453
331454
331455
331456
331457
331461
331462
331463
331464
331465
331466
331467
331471
331472
331473
331474
331475
331476
331477
331511
331512
331513
331514
331515
331516
331517
331524
331531
331532
331533
331534
331535
331536
331537
331542
331551
331552
331553
331554
331555
331556
331557
331561
331562
331563
331564
331565
331566
331567
331571
331572
331573
331574
331575
331576
331577
331611
331612
331613
331614
331615
331616
331617
331624
331631
331632
331633
331634
331635
331636
331637
331642
331651
331652
331653
331654
331655
331656
331657
331661
331662
331663
331664
331665
331666
331667
331671
331672
331673
331674
331675
331676
331677
331711
331712
331713
331714
331715
331716
331717
331724
331731
331732
331733
331734
331735
331736
331737
331742
331751
331752
331753
331754
331755
331756
331757
331761
331762
331763
331764
331765
331766
331767
331771
331772
331773
331774
331775
331776
331777
332111
332112
332113
332114
332115
332116
332117
332121
332122
332123
332124
332125
332126
332127
332131
332132
332133
332134
332135
332136
332137
332145
332154
332161
332162
332163
332164
332165
332166
332167
332171
332172
332173
332174
332175
332176
332177
332214
332221
332222
332223
332224
332225
332226
332227
332231
332232
332233
332234
332235
332236
332237
332254
332261
332262
332263
332264
332265
332266
332267
332271
332272
332273
332274
332275
332276
332277
332314
332321
332322
332324
332325
332326
332327
332331
332332
332333
332334
332335
332336
332337
332354
332361
332362
332364
332365
332366
332367
332371
332372
332374
332375
332376
332377
332411
332412
332413
332414
332415
332416
332417
332421
332422
332423
332424
332425
332426
332427
332431
332432
332433
332434
332435
332436
332437
332441
332442
332443
332444
332445
332446
332447
332451
332452
332453
332454
332455
332456
332457
332461
332462
332463
332464
332465
332466
332467
332471
332472
332473
332474
332475
332476
332477
332514
332521
332522
332523
332524
332525
332526
332527
332531
332532
332533
332534
332535
332536
332537
332541
332551
332552
332553
332554
332555
332556
332557
332561
332562
332563
332564
332565
332566
332567
332571
332572
332573
332574
332575
332576
332577
332614
332621
332622
332623
332624
332625
332626
332627
332631
332632
332633
332634
332635
332636
332637
332654
332661
332662
332663
332664
332665
332666
332667
332671
332672
332673
332674
332675
332676
332677
332714
332721
332722
332723
332724
332725
332726
332727
332731
332732
332733
332734
332735
332736
332737
332754
332761
332762
332763
332764
332765
332766
332767
332771
332772
332773
332774
332775
332776
332777
333111
333112
333113
333114
333115
333116
333117
333121
333122
333123
333124
333125
333126
333127
333131
333132
333133
333134
333135
333136
333137
333141
333142
333143
333144
333145
333146
333147
333151
333152
333153
333154
333155
333156
333157
333161
333162
333163
333164
333165
333166
333167
333171
333172
333173
333174
333175
333176
333177
333211
333212
333213
333214
333215
333216
333217
333221
333222
333223
333224
333225
333226
333227
333231
333232
333233
333234
333235
333236
333237
333241
333242
333243
333244
333245
333246
333247
333251
333252
333253
333254
333255
333256
333257
333261
333262
333263
333264
333265
333266
333267
333271
333272
333273
333274
333275
333276
333277
333311
333312
333313
333314
333315
333316
333317
333321
333322
333323
333324
333325
333326
333327
333331
333332
333333
333334
333335
333336
333337
333341
333342
333343
333344
333345
333346
333347
333351
333352
333353
333354
333355
333356
333357
333361
333362
333363
333364
333365
333366
333367
333371
333372
333373
333374
333375
333376
333377
333411
333412
333413
333414
333415
333416
333417
333421
333422
333423
333424
333425
333426
333427
333431
333432
333433
333434
333435
333436
333437
333441
333442
333443
333444
333445
333446
333447
333451
333452
333453
333454
333455
333456
333457
333461
333462
333463
333464
333465
333466
333467
333471
333472
333473
333474
333475
333476
333477
333511
333512
333513
333514
333515
333516
333517
333521
333522
333523
333524
333525
333526
333527
333531
333532
333533
333534
333535
333536
333537
333541
333542
333543
333544
333545
333546
333547
333551
333552
333553
333554
333555
333556
333557
333561
333562
333563
333564
333565
333566
333567
333571
333572
333573
333574
333575
333576
333577
333611
333612
333613
333614
333615
333616
333617
333621
333622
333623
333624
333625
333626
333627
333631
333632
333633
333634
333635
333636
333637
333641
333642
333643
333644
333645
333646
333647
333651
333652
333653
333654
333655
333656
333657
333661
333662
333663
333664
333665
333666
333667
333671
333672
333673
333674
333675
333676
333677
333711
333712
333713
333714
333715
333716
333717
333721
333722
333723
333724
333725
333726
333727
333731
333732
333733
333734
333735
333736
333737
333741
333742
333743
333744
333745
333746
333747
333751
333752
333753
333754
333755
333756
333757
333761
333762
333763
333764
333765
333766
333767
333771
333772
333773
333774
333775
333776
333777
334111
334112
334113
334114
334115
334116
334117
334125
334131
334132
334133
334134
334135
334136
334137
334141
334142
334143
334144
334145
334146
334147
334165
334171
334172
334173
334174
334175
334176
334177
334211
334212
334213
334214
334215
334216
334217
334221
334222
334223
334224
334225
334226
334227
334231
334232
334233
334234
334235
334236
334237
334241
334242
334243
334244
334245
334246
334247
334256
334265
334271
334272
334273
334274
334275
334276
334277
334312
334331
334332
334333
334334
334335
334336
334337
334341
334342
334344
334345
334346
334347
334365
334371
334372
334374
334375
334376
334377
334412
334431
334432
334433
334434
334435
334436
334437
334441
334442
334443
334444
334445
334446
334447
334465
334471
334472
334473
334474
334475
334476
334477
334512
334521
334531
334532
334533
334534
334535
334536
334537
334541
334542
334543
334544
334545
334546
334547
334551
334552
334553
334554
334555
334556
334557
334561
334562
334563
334564
334565
334566
334567
334571
334572
334573
334574
334575
334576
334577
334612
334631
334632
334633
334634
334635
334636
334637
334641
334642
334643
334644
334645
334646
334647
334652
334661
334662
334663
334664
334665
334666
334667
334671
334672
334673
334674
334675
334676
334677
334712
334731
334732
334733
334734
334735
334736
334737
334741
334742
334743
334744
334745
334746
334747
334765
334771
334772
334773
334774
334775
334776
334777
335111
335112
335113
335114
335115
335116
335117
335124
335131
335132
335133
335134
335135
335136
335137
335151
335152
335153
335154
335155
335156
335157
335164
335171
335172
335173
335174
335175
335176
335177
335211
335212
335213
335214
335215
335216
335217
335221
335222
335223
335224
335225
335226
335227
335231
335232
335233
335234
335235
335236
335237
335246
335251
335252
335253
335254
335255
335256
335257
335264
335271
335272
335273
335274
335275
335276
335277
335311
335312
335314
335315
335316
335317
335324
335331
335332
335333
335334
335335
335336
335337
335351
335352
335354
335355
335356
335357
335364
335371
335372
335374
335375
335376
335377
335411
335412
335413
335414
335415
335416
335417
335421
335422
335423
335424
335425
335426
335427
335431
335432
335433
335434
335435
335436
335437
335441
335442
335443
335444
335445
335446
335447
335451
335452
335453
335454
335455
335456
335457
335461
335462
335463
335464
335465
335466
335467
335471
335472
335473
335474
335475
335476
335477
335511
335512
335513
335514
335515
335516
335517
335524
335531
335532
335533
335534
335535
335536
335537
335551
335552
335553
335554
335555
335556
335557
335564
335571
335572
335573
335574
335575
335576
335577
335611
335612
335613
335614
335615
335616
335617
335624
335631
335632
335633
335634
335635
335636
335637
335642
335651
335652
335653
335654
335655
335656
335657
335661
335662
335663
335664
335665
335666
335667
335671
335672
335673
335674
335675
335676
335677
335711
335712
335713
335714
335715
335716
335717
335724
335731
335732
335733
335734
335735
335736
335737
335751
335752
335753
335754
335755
335756
335757
335764
335771
335772
335773
335774
335775
335776
335777
336111
336112
336113
336114
336115
336116
336117
336121
336122
336123
336124
336125
336126
336127
336131
336132
336133
336134
336135
336136
336137
336145
336154
336161
336162
336163
336164
336165
336166
336167
336171
336172
336173
336174
336175
336176
336177
336211
336212
336213
336214
336215
336216
336217
336221
336222
336223
336224
336225
336226
336227
336231
336232
336233
336234
336235
336236
336237
336245
336254
336261
336262
336263
336264
336265
336266
336267
336271
336272
336273
336274
336275
336276
336277
336311
336312
336314
336315
336316
336317
336321
336322
336324
336325
336326
336327
336331
336332
336333
336334
336335
336336
336337
336345
336354
336361
336362
336364
336365
336366
336367
336371
336372
336374
336375
336376
336377
336411
336412
336413
336414
336415
336416
336417
336421
336422
336423
336424
336425
336426
336427
336431
336432
336433
336434
336435
336436
336437
336441
336442
336443
336444
336445
336446
336447
336451
336452
336453
336454
336455
336456
336457
336461
336462
336463
336464
336465
336466
336467
336471
336472
336473
336474
336475
336476
336477
336511
336512
336513
336514
336515
336516
336517
336521
336522
336523
336524
336525
336526
336527
336531
336532
336533
336534
336535
336536
336537
336541
336542
336543
336544
336545
336546
336547
336551
336552
336553
336554
336555
336556
336557
336561
336562
336563
336564
336565
336566
336567
336571
336572
336573
336574
336575
336576
336577
336611
336612
336613
336614
336615
336616
336617
336621
336622
336623
336624
336625
336626
336627
336631
336632
336633
336634
336635
336636
336637
336645
336654
336661
336662
336663
336664
336665
336666
336667
336671
336672
336673
336674
336675
336676
336677
336711
336712
336713
336714
336715
336716
336717
336721
336722
336723
336724
336725
336726
336727
336731
336732
336733
336734
336735
336736
336737
336745
336754
336761
336762
336763
336764
336765
336766
336767
336771
336772
336773
336774
336775
336776
336777
337111
337112
337113
337114
337115
337116
337117
337121
337122
337123
337124
337125
337126
337127
337131
337132
337133
337134
337135
337136
337137
337141
337142
337143
337144
337145
337146
337147
337151
337152
337153
337154
337155
337156
337157
337161
337162
337163
337164
337165
337166
337167
337171
337172
337173
337174
337175
337176
337177
337211
337212
337213
337214
337215
337216
337217
337221
337222
337223
337224
337225
337226
337227
337231
337232
337233
337234
337235
337236
337237
337241
337242
337243
337244
337245
337246
337247
337251
337252
337253
337254
337255
337256
337257
337261
337262
337263
337264
337265
337266
337267
337271
337272
337273
337274
337275
337276
337277
337311
337312
337314
337315
337316
337317
337321
337322
337324
337325
337326
337327
337331
337332
337333
337334
337335
337336
337337
337341
337342
337344
337345
337346
337347
337351
337352
337354
337355
337356
337357
337361
337362
337364
337365
337366
337367
337371
337372
337374
337375
337376
337377
337411
337412
337413
337414
337415
337416
337417
337421
337422
337423
337424
337425
337426
337427
337431
337432
337433
337434
337435
337436
337437
337441
337442
337443
337444
337445
337446
337447
337451
337452
337453
337454
337455
337456
337457
337461
337462
337463
337464
337465
337466
337467
337471
337472
337473
337474
337475
337476
337477
337511
337512
337513
337514
337515
337516
337517
337521
337522
337523
337524
337525
337526
337527
337531
337532
337533
337534
337535
337536
337537
337541
337542
337543
337544
337545
337546
337547
337551
337552
337553
337554
337555
337556
337557
337561
337562
337563
337564
337565
337566
337567
337571
337572
337573
337574
337575
337576
337577
337611
337612
337613
337614
337615
337616
337617
337621
337622
337623
337624
337625
337626
337627
337631
337632
337633
337634
337635
337636
337637
337641
337642
337643
337644
337645
337646
337647
337651
337652
337653
337654
337655
337656
337657
337661
337662
337663
337664
337665
337666
337667
337671
337672
337673
337674
337675
337676
337677
337711
337712
337713
337714
337715
337716
337717
337721
337722
337723
337724
337725
337726
337727
337731
337732
337733
337734
337735
337736
337737
337741
337742
337743
337744
337745
337746
337747
337751
337752
337753
337754
337755
337756
337757
337761
337762
337763
337764
337765
337766
337767
337771
337772
337773
337774
337775
337776
337777
341111
341112
341113
341114
341115
341116
341117
341121
341122
341123
341124
341125
341126
341127
341131
341132
341133
341134
341135
341136
341137
341141
341142
341143
341144
341145
341146
341147
341151
341152
341153
341154
341155
341156
341157
341161
341162
341163
341164
341165
341166
341167
341171
341172
341173
341174
341175
341176
341177
341211
341212
341213
341214
341215
341216
341217
341221
341222
341223
341224
341225
341226
341227
341231
341232
341233
341234
341235
341236
341237
341241
341242
341243
341244
341245
341246
341247
341251
341252
341253
341254
341255
341256
341257
341261
341262
341263
341264
341265
341266
341267
341271
341272
341273
341274
341275
341276
341277
341311
341312
341313
341314
341315
341316
341317
341321
341322
341323
341324
341325
341326
341327
341331
341332
341333
341334
341335
341336
341337
341341
341342
341343
341344
341345
341346
341347
341351
341352
341353
341354
341355
341356
341357
341361
341362
341363
341364
341365
341366
341367
341371
341372
341373
341374
341375
341376
341377
341411
341412
341413
341415
341416
341417
341421
341422
341423
341425
341426
341427
341431
341432
341433
341435
341436
341437
341441
341442
341443
341444
341445
341446
341447
341451
341452
341453
341455
341456
341457
341461
341462
341463
341465
341466
341467
341471
341472
341473
341475
341476
341477
341511
341512
341513
341514
341515
341521
341522
341523
341524
341525
341531
341532
341533
341534
341535
341541
341542
341543
341544
341545
341551
341552
341553
341554
341555
341561
341562
341563
341564
341565
341566
341567
341571
341572
341573
341574
341575
341576
341577
341611
341612
341613
341614
341616
341621
341622
341623
341624
341626
341631
341632
341633
341634
341636
341641
341642
341643
341644
341646
341651
341652
341653
341654
341655
341656
341657
341661
341662
341663
341664
341666
341671
341672
341673
341674
341675
341676
341677
341711
341712
341713
341714
341717
341721
341722
341723
341724
341727
341731
341732
341733
341734
341737
341741
341742
341743
341744
341747
341751
341752
341753
341754
341755
341756
341757
341761
341762
341763
341764
341765
341766
341767
341771
341772
341773
341774
341777
342111
342112
342113
342114
342115
342116
342117
342121
342122
342123
342124
342125
342126
342127
342131
342132
342133
342134
342135
342136
342137
342141
342142
342143
342144
342145
342146
342147
342151
342152
342153
342154
342155
342156
342157
342161
342162
342163
342164
342165
342166
342167
342171
342172
342173
342174
342175
342176
342177
342211
342212
342213
342214
342215
342216
342217
342221
342222
342223
342224
342225
342226
342227
342231
342232
342233
342234
342235
342236
342237
342241
342242
342243
342244
342245
342246
342247
342251
342252
342253
342254
342255
342256
342257
342261
342262
342263
342264
342265
342266
342267
342271
342272
342273
342274
342275
342276
342277
342311
342312
342313
342314
342315
342316
342317
342321
342322
342323
342324
342325
342326
342327
342331
342332
342333
342334
342335
342336
342337
342341
342342
342343
342344
342345
342346
342347
342351
342352
342353
342354
342355
342356
342357
342361
342362
342363
342364
342365
342366
342367
342371
342372
342373
342374
342375
342376
342377
342411
342412
342413
342415
342416
342417
342421
342422
342423
342425
342426
342427
342431
342432
342433
342435
342436
342437
342441
342442
342443
342444
342445
342446
342447
342451
342452
342453
342455
342456
342457
342461
342462
342463
342465
342466
342467
342471
342472
342473
342475
342476
342477
342511
342512
342513
342514
342515
342521
342522
342523
342524
342525
342531
342532
342533
342534
342535
342541
342542
342543
342544
342545
342551
342552
342553
342554
342555
342561
342562
342563
342564
342565
342566
342567
342571
342572
342573
342574
342575
342576
342577
342611
342612
342613
342614
342616
342621
342622
342623
342624
342626
342631
342632
342633
342634
342636
342641
342642
342643
342644
342646
342651
342652
342653
342654
342655
342656
342657
342661
342662
342663
342664
342666
342671
342672
342673
342674
342675
342676
342677
342711
342712
342713
342714
342717
342721
342722
342723
342724
342727
342731
342732
342733
342734
342737
342741
342742
342743
342744
342747
342751
342752
342753
342754
342755
342756
342757
342761
342762
342763
342764
342765
342766
342767
342771
342772
342773
342774
342777
343111
343112
343113
343114
343115
343116
343117
343121
343122
343123
343124
343125
343126
343127
343133
343141
343142
343143
343144
343145
343146
343147
343151
343152
343153
343154
343155
343156
343157
343161
343162
343163
343164
343165
343166
343167
343171
343172
343173
343174
343175
343176
343177
343211
343212
343213
343214
343215
343216
343217
343221
343222
343223
343224
343225
343226
343227
343233
343241
343242
343243
343244
343245
343246
343247
343251
343252
343253
343254
343255
343256
343257
343261
343262
343263
343264
343265
343266
343267
343271
343272
343273
343274
343275
343276
343277
343311
343312
343313
343314
343315
343316
343317
343321
343322
343323
343324
343325
343326
343327
343331
343332
343333
343334
343335
343336
343337
343341
343342
343343
343344
343345
343346
343347
343351
343352
343353
343354
343355
343356
343357
343361
343362
343363
343364
343365
343366
343367
343371
343372
343373
343374
343375
343376
343377
343411
343412
343413
343415
343416
343417
343421
343422
343423
343425
343426
343427
343433
343441
343442
343443
343444
343445
343446
343447
343451
343452
343453
343455
343456
343457
343461
343462
343463
343465
343466
343467
343471
343472
343473
343475
343476
343477
343511
343512
343513
343514
343515
343521
343522
343523
343524
343525
343533
343541
343542
343543
343544
343545
343551
343552
343553
343554
343555
343561
343562
343563
343564
343565
343566
343567
343571
343572
343573
343574
343575
343576
343577
343611
343612
343613
343614
343616
343621
343622
343623
343624
343626
343633
343641
343642
343643
343644
343646
343651
343652
343653
343654
343655
343656
343657
343661
343662
343663
343664
343666
343671
343672
343673
343674
343675
343676
343677
343711
343712
343713
343714
343717
343721
343722
343723
343724
343727
343733
343741
343742
343743
343744
343747
343751
343752
343753
343754
343755
343756
343757
343761
343762
343763
343764
343765
343766
343767
343771
343772
343773
343774
343777
344111
344112
344113
344114
344115
344116
344117
344121
344122
344123
344124
344125
344126
344127
344131
344132
344133
344134
344135
344136
344137
344141
344142
344143
344144
344145
344146
344147
344151
344152
344153
344154
344155
344156
344157
344161
344162
344163
344164
344165
344166
344167
344171
344172
344173
344174
344175
344176
344177
344211
344212
344213
344214
344215
344216
344217
344221
344222
344223
344224
344225
344226
344227
344231
344232
344233
344234
344235
344236
344237
344241
344242
344243
344244
344245
344246
344247
344251
344252
344253
344254
344255
344256
344257
344261
344262
344263
344264
344265
344266
344267
344271
344272
344273
344274
344275
344276
344277
344311
344312
344313
344314
344315
344316
344317
344321
344322
344323
344324
344325
344326
344327
344331
344332
344333
344334
344335
344336
344337
344341
344342
344343
344344
344345
344346
344347
344351
344352
344353
344354
344355
344356
344357
344361
344362
344363
344364
344365
344366
344367
344371
344372
344373
344374
344375
344376
344377
344411
344412
344413
344414
344415
344416
344417
344421
344422
344423
344424
344425
344426
344427
344431
344432
344433
344434
344435
344436
344437
344441
344442
344443
344444
344445
344446
344447
344451
344452
344453
344454
344455
344456
344457
344461
344462
344463
344464
344465
344466
344467
344471
344472
344473
344474
344475
344476
344477
344511
344512
344513
344514
344515
344521
344522
344523
344524
344525
344531
344532
344533
344534
344535
344541
344542
344543
344544
344545
344551
344552
344553
344554
344555
344561
344562
344563
344564
344565
344566
344567
344571
344572
344573
344574
344575
344576
344577
344611
344612
344613
344614
344616
344621
344622
344623
344624
344626
344631
344632
344633
344634
344636
344641
344642
344643
344644
344646
344651
344652
344653
344654
344655
344656
344657
344661
344662
344663
344664
344666
344671
344672
344673
344674
344675
344676
344677
344711
344712
344713
344714
344717
344721
344722
344723
344724
344727
344731
344732
344733
344734
344737
344741
344742
344743
344744
344747
344751
344752
344753
344754
344755
344756
344757
344761
344762
344763
344764
344765
344766
344767
344771
344772
344773
344774
344777
345111
345112
345113
345114
345115
345116
345117
345121
345122
345123
345124
345125
345126
345127
345131
345132
345133
345134
345135
345136
345137
345141
345142
345143
345144
345145
345146
345147
345151
345152
345153
345154
345155
345156
345157
345161
345162
345163
345164
345165
345166
345167
345171
345172
345173
345174
345175
345176
345177
345211
345212
345213
345214
345215
345216
345217
345221
345222
345223
345224
345225
345226
345227
345231
345232
345233
345234
345235
345236
345237
345241
345242
345243
345244
345245
345246
345247
345251
345252
345253
345254
345255
345256
345257
345261
345262
345263
345264
345265
345266
345267
345271
345272
345273
345274
345275
345276
345277
345311
345312
345313
345314
345315
345316
345317
345321
345322
345323
345324
345325
345326
345327
345331
345332
345333
345334
345335
345336
345337
345341
345342
345343
345344
345345
345346
345347
345351
345352
345353
345354
345355
345356
345357
345361
345362
345363
345364
345365
345366
345367
345371
345372
345373
345374
345375
345376
345377
345411
345412
345413
345415
345416
345417
345421
345422
345423
345425
345426
345427
345431
345432
345433
345435
345436
345437
345441
345442
345443
345444
345445
345446
345447
345451
345452
345453
345455
345456
345457
345461
345462
345463
345465
345466
345467
345471
345472
345473
345475
345476
345477
345511
345512
345513
345514
345515
345516
345517
345521
345522
345523
345524
345525
345526
345527
345531
345532
345533
345534
345535
345536
345537
345541
345542
345543
345544
345545
345546
345547
345551
345552
345553
345554
345555
345556
345557
345561
345562
345563
345564
345565
345566
345567
345571
345572
345573
345574
345575
345576
345577
345611
345612
345613
345614
345615
345616
345617
345621
345622
345623
345624
345625
345626
345627
345631
345632
345633
345634
345635
345636
345637
345641
345642
345643
345644
345645
345646
345647
345651
345652
345653
345654
345655
345656
345657
345661
345662
345663
345664
345665
345666
345667
345671
345672
345673
345674
345675
345676
345677
345711
345712
345713
345714
345715
345716
345717
345721
345722
345723
345724
345725
345726
345727
345731
345732
345733
345734
345735
345736
345737
345741
345742
345743
345744
345745
345746
345747
345751
345752
345753
345754
345755
345756
345757
345761
345762
345763
345764
345765
345766
345767
345771
345772
345773
345774
345775
345776
345777
346111
346112
346113
346114
346115
346116
346117
346121
346122
346123
346124
346125
346126
346127
346131
346132
346133
346134
346135
346136
346137
346141
346142
346143
346144
346145
346146
346147
346151
346152
346153
346154
346155
346156
346157
346161
346162
346163
346164
346165
346166
346167
346171
346172
346173
346174
346175
346176
346177
346211
346212
346213
346214
346215
346216
346217
346221
346222
346223
346224
346225
346226
346227
346231
346232
346233
346234
346235
346236
346237
346241
346242
346243
346244
346245
346246
346247
346251
346252
346253
346254
346255
346256
346257
346261
346262
346263
346264
346265
346266
346267
346271
346272
346273
346274
346275
346276
346277
346311
346312
346313
346314
346315
346316
346317
346321
346322
346323
346324
346325
346326
346327
346331
346332
346333
346334
346335
346336
346337
346341
346342
346343
346344
346345
346346
346347
346351
346352
346353
346354
346355
346356
346357
346361
346362
346363
346364
346365
346366
346367
346371
346372
346373
346374
346375
346376
346377
346411
346412
346413
346415
346416
346417
346421
346422
346423
346425
346426
346427
346431
346432
346433
346435
346436
346437
346441
346442
346443
346444
346445
346446
346447
346451
346452
346453
346455
346456
346457
346461
346462
346463
346465
346466
346467
346471
346472
346473
346475
346476
346477
346511
346512
346513
346514
346515
346516
346517
346521
346522
346523
346524
346525
346526
346527
346531
346532
346533
346534
346535
346536
346537
346541
346542
346543
346544
346545
346546
346547
346551
346552
346553
346554
346555
346556
346557
346561
346562
346563
346564
346565
346566
346567
346571
346572
346573
346574
346575
346576
346577
346611
346612
346613
346614
346615
346616
346617
346621
346622
346623
346624
346625
346626
346627
346631
346632
346633
346634
346635
346636
346637
346641
346642
346643
346644
346645
346646
346647
346651
346652
346653
346654
346655
346656
346657
346661
346662
346663
346664
346665
346666
346667
346671
346672
346673
346674
346675
346676
346677
346711
346712
346713
346714
346715
346716
346717
346721
346722
346723
346724
346725
346726
346727
346731
346732
346733
346734
346735
346736
346737
346741
346742
346743
346744
346745
346746
346747
346751
346752
346753
346754
346755
346756
346757
346761
346762
346763
346764
346765
346766
346767
346771
346772
346773
346774
346775
346776
346777
347111
347112
347113
347114
347115
347116
347117
347121
347122
347123
347124
347125
347126
347127
347131
347132
347133
347134
347135
347136
347137
347141
347142
347143
347144
347145
347146
347147
347151
347152
347153
347154
347155
347156
347157
347161
347162
347163
347164
347165
347166
347167
347171
347172
347173
347174
347175
347176
347177
347211
347212
347213
347214
347215
347216
347217
347221
347222
347223
347224
347225
347226
347227
347231
347232
347233
347234
347235
347236
347237
347241
347242
347243
347244
347245
347246
347247
347251
347252
347253
347254
347255
347256
347257
347261
347262
347263
347264
347265
347266
347267
347271
347272
347273
347274
347275
347276
347277
347311
347312
347313
347314
347315
347316
347317
347321
347322
347323
347324
347325
347326
347327
347331
347332
347333
347334
347335
347336
347337
347341
347342
347343
347344
347345
347346
347347
347351
347352
347353
347354
347355
347356
347357
347361
347362
347363
347364
347365
347366
347367
347371
347372
347373
347374
347375
347376
347377
347411
347412
347413
347415
347416
347417
347421
347422
347423
347425
347426
347427
347431
347432
347433
347435
347436
347437
347441
347442
347443
347444
347445
347446
347447
347451
347452
347453
347455
347456
347457
347461
347462
347463
347465
347466
347467
347471
347472
347473
347475
347476
347477
347511
347512
347513
347514
347515
347516
347517
347521
347522
347523
347524
347525
347526
347527
347531
347532
347533
347534
347535
347536
347537
347541
347542
347543
347544
347545
347546
347547
347551
347552
347553
347554
347555
347556
347557
347561
347562
347563
347564
347565
347566
347567
347571
347572
347573
347574
347575
347576
347577
347611
347612
347613
347614
347615
347616
347617
347621
347622
347623
347624
347625
347626
347627
347631
347632
347633
347634
347635
347636
347637
347641
347642
347643
347644
347645
347646
347647
347651
347652
347653
347654
347655
347656
347657
347661
347662
347663
347664
347665
347666
347667
347671
347672
347673
347674
347675
347676
347677
347711
347712
347713
347714
347715
347716
347717
347721
347722
347723
347724
347725
347726
347727
347731
347732
347733
347734
347735
347736
347737
347741
347742
347743
347744
347745
347746
347747
347751
347752
347753
347754
347755
347756
347757
347761
347762
347763
347764
347765
347766
347767
347771
347772
347773
347774
347775
347776
347777
351111
351112
351113
351114
351115
351116
351117
351124
351131
351132
351133
351134
351135
351136
351137
351142
351151
351152
351153
351154
351155
351156
351157
351161
351162
351163
351164
351165
351166
351167
351171
351172
351173
351174
351175
351176
351177
351211
351212
351213
351214
351215
351216
351217
351221
351222
351223
351224
351225
351226
351227
351231
351232
351233
351234
351235
351236
351237
351241
351242
351243
351244
351245
351246
351247
351251
351252
351253
351254
351255
351256
351257
351261
351262
351263
351264
351265
351266
351267
351271
351272
351273
351274
351275
351276
351277
351311
351312
351313
351314
351315
351316
351317
351324
351331
351332
351333
351334
351335
351336
351337
351342
351351
351352
351353
351354
351355
351356
351357
351361
351362
351363
351364
351365
351366
351367
351371
351372
351373
351374
351375
351376
351377
351411
351412
351413
351414
351415
351421
351422
351423
351424
351425
351431
351432
351433
351434
351435
351441
351442
351443
351444
351445
351451
351452
351453
351454
351455
351461
351462
351463
351464
351465
351466
351467
351471
351472
351473
351474
351475
351476
351477
351511
351512
351513
351514
351516
351517
351524
351531
351532
351533
351534
351536
351537
351542
351551
351552
351553
351554
351555
351556
351557
351561
351562
351563
351564
351566
351567
351571
351572
351573
351574
351576
351577
351611
351612
351613
351615
351616
351631
351632
351633
351635
351636
351642
351651
351652
351653
351655
351656
351661
351662
351663
351665
351666
351671
351672
351673
351674
351675
351676
351677
351711
351712
351713
351715
351717
351731
351732
351733
351735
351737
351742
351751
351752
351753
351755
351757
351761
351762
351763
351764
351765
351766
351767
351771
351772
351773
351775
351777
352111
352112
352113
352114
352115
352116
352117
352121
352122
352123
352124
352125
352126
352127
352131
352132
352133
352134
352135
352136
352137
352141
352142
352143
352144
352145
352146
352147
352151
352152
352153
352154
352155
352156
352157
352161
352162
352163
352164
352165
352166
352167
352171
352172
352173
352174
352175
352176
352177
352214
352221
352222
352223
352224
352225
352226
352227
352231
352232
352233
352234
352235
352236
352237
352241
352251
352252
352253
352254
352255
352256
352257
352261
352262
352263
352264
352265
352266
352267
352271
352272
352273
352274
352275
352276
352277
352314
352321
352322
352323
352324
352325
352326
352327
352331
352332
352333
352334
352335
352336
352337
352341
352351
352352
352353
352354
352355
352356
352357
352361
352362
352363
352364
352365
352366
352367
352371
352372
352373
352374
352375
352376
352377
352411
352412
352413
352414
352415
352421
352422
352423
352424
352425
352431
352432
352433
352434
352435
352441
352442
352443
352444
352445
352451
352452
352453
352454
352455
352461
352462
352463
352464
352465
352466
352467
352471
352472
352473
352474
352475
352476
352477
352514
352521
352522
352523
352524
352526
352527
352531
352532
352533
352534
352536
352537
352541
352551
352552
352553
352554
352555
352556
352557
352561
352562
352563
352564
352566
352567
352571
352572
352573
352574
352576
352577
352621
352622
352623
352625
352626
352631
352632
352633
352635
352636
352641
352651
352652
352653
352655
352656
352661
352662
352663
352665
352666
352671
352672
352673
352674
352675
352676
352677
352721
352722
352723
352725
352727
352731
352732
352733
352735
352737
352741
352751
352752
352753
352755
352757
352761
352762
352763
352764
352765
352766
352767
352771
352772
352773
352775
352777
353111
353112
353113
353114
353115
353116
353117
353121
353122
353123
353124
353125
353126
353127
353133
353141
353142
353143
353144
353145
353146
353147
353151
353152
353153
353154
353155
353156
353157
353161
353162
353163
353164
353165
353166
353167
353171
353172
353173
353174
353175
353176
353177
353211
353212
353213
353214
353215
353216
353217
353221
353222
353223
353224
353225
353226
353227
353233
353241
353242
353243
353244
353245
353246
353247
353251
353252
353253
353254
353255
353256
353257
353261
353262
353263
353264
353265
353266
353267
353271
353272
353273
353274
353275
353276
353277
353311
353312
353313
353314
353315
353316
353317
353321
353322
353323
353324
353325
353326
353327
353331
353332
353333
353334
353335
353336
353337
353341
353342
353343
353344
353345
353346
353347
353351
353352
353353
353354
353355
353356
353357
353361
353362
353363
353364
353365
353366
353367
353371
353372
353373
353374
353375
353376
353377
353411
353412
353413
353414
353415
353421
353422
353423
353424
353425
353433
353441
353442
353443
353444
353445
353451
353452
353453
353454
353455
353461
353462
353463
353464
353465
353466
353467
353471
353472
353473
353474
353475
353476
353477
353511
353512
353513
353514
353516
353517
353521
353522
353523
353524
353526
353527
353533
353541
353542
353543
353544
353546
353547
353551
353552
353553
353554
353555
353556
353557
353561
353562
353563
353564
353566
353567
353571
353572
353573
353574
353576
353577
353611
353612
353613
353615
353616
353621
353622
353623
353625
353626
353633
353641
353642
353643
353644
353645
353646
353647
353651
353652
353653
353655
353656
353661
353662
353663
353665
353666
353671
353672
353673
353674
353675
353676
353677
353711
353712
353713
353715
353717
353721
353722
353723
353725
353727
353733
353741
353742
353743
353744
353745
353746
353747
353751
353752
353753
353755
353757
353761
353762
353763
353764
353765
353766
353767
353771
353772
353773
353775
353777
354111
354112
354113
354114
354115
354116
354117
354121
354122
354123
354124
354125
354126
354127
354131
354132
354133
354134
354135
354136
354137
354141
354142
354143
354144
354145
354146
354147
354151
354152
354153
354154
354155
354156
354157
354161
354162
354163
354164
354165
354166
354167
354171
354172
354173
354174
354175
354176
354177
354211
354212
354213
354214
354215
354216
354217
354221
354222
354223
354224
354225
354226
354227
354231
354232
354233
354234
354235
354236
354237
354241
354242
354243
354244
354245
354246
354247
354251
354252
354253
354254
354255
354256
354257
354261
354262
354263
354264
354265
354266
354267
354271
354272
354273
354274
354275
354276
354277
354312
354321
354331
354332
354333
354334
354335
354336
354337
354341
354342
354343
354344
354345
354346
354347
354351
354352
354353
354354
354355
354356
354357
354361
354362
354363
354364
354365
354366
354367
354371
354372
354373
354374
354375
354376
354377
354412
354421
354431
354432
354433
354434
354435
354436
354437
354441
354442
354443
354444
354445
354446
354447
354451
354452
354453
354454
354455
354456
354457
354461
354462
354463
354464
354465
354466
354467
354471
354472
354473
354474
354475
354476
354477
354512
354521
354531
354532
354533
354534
354536
354537
354541
354542
354543
354544
354546
354547
354551
354552
354553
354554
354555
354556
354557
354561
354562
354563
354564
354566
354567
354571
354572
354573
354574
354576
354577
354612
354621
354631
354632
354633
354634
354635
354636
354637
354641
354642
354643
354644
354645
354646
354647
354651
354652
354653
354654
354655
354656
354657
354661
354662
354663
354664
354665
354666
354667
354671
354672
354673
354674
354675
354676
354677
354712
354721
354731
354732
354733
354734
354735
354736
354737
354741
354742
354743
354744
354745
354746
354747
354751
354752
354753
354754
354755
354756
354757
354761
354762
354763
354764
354765
354766
354767
354771
354772
354773
354774
354775
354776
354777
355111
355112
355113
355114
355115
355116
355117
355121
355122
355123
355124
355125
355126
355127
355131
355132
355133
355134
355135
355136
355137
355141
355142
355143
355144
355145
355146
355147
355151
355152
355153
355154
355155
355156
355157
355161
355162
355163
355164
355165
355166
355167
355171
355172
355173
355174
355175
355176
355177
355211
355212
355213
355214
355215
355216
355217
355221
355222
355223
355224
355225
355226
355227
355231
355232
355233
355234
355235
355236
355237
355241
355242
355243
355244
355245
355246
355247
355251
355252
355253
355254
355255
355256
355257
355261
355262
355263
355264
355265
355266
355267
355271
355272
355273
355274
355275
355276
355277
355311
355312
355313
355314
355315
355316
355317
355321
355322
355323
355324
355325
355326
355327
355331
355332
355333
355334
355335
355336
355337
355341
355342
355343
355344
355345
355346
355347
355351
355352
355353
355354
355355
355356
355357
355361
355362
355363
355364
355365
355366
355367
355371
355372
355373
355374
355375
355376
355377
355411
355412
355413
355414
355415
355421
355422
355423
355424
355425
355431
355432
355433
355434
355435
355441
355442
355443
355444
355445
355451
355452
355453
355454
355455
355461
355462
355463
355464
355465
355466
355467
355471
355472
355473
355474
355475
355476
355477
355511
355512
355513
355514
355515
355516
355517
355521
355522
355523
355524
355525
355526
355527
355531
355532
355533
355534
355535
355536
355537
355541
355542
355543
355544
355545
355546
355547
355551
355552
355553
355554
355555
355556
355557
355561
355562
355563
355564
355565
355566
355567
355571
355572
355573
355574
355575
355576
355577
355611
355612
355613
355615
355616
355621
355622
355623
355625
355626
355631
355632
355633
355635
355636
355641
355642
355643
355644
355645
355646
355647
355651
355652
355653
355655
355656
355661
355662
355663
355665
355666
355671
355672
355673
355674
355675
355676
355677
355711
355712
355713
355715
355717
355721
355722
355723
355725
355727
355731
355732
355733
355735
355737
355741
355742
355743
355744
355745
355746
355747
355751
355752
355753
355755
355757
355761
355762
355763
355764
355765
355766
355767
355771
355772
355773
355775
355777
356111
356112
356113
356114
356115
356116
356117
356121
356122
356123
356124
356125
356126
356127
356131
356132
356133
356134
356135
356136
356137
356141
356142
356143
356144
356145
356146
356147
356151
356152
356153
356154
356155
356156
356157
356161
356162
356163
356164
356165
356166
356167
356171
356172
356173
356174
356175
356176
356177
356211
356212
356213
356214
356215
356216
356217
356221
356222
356223
356224
356225
356226
356227
356231
356232
356233
356234
356235
356236
356237
356241
356242
356243
356244
356245
356246
356247
356251
356252
356253
356254
356255
356256
356257
356261
356262
356263
356264
356265
356266
356267
356271
356272
356273
356274
356275
356276
356277
356311
356312
356313
356314
356315
356316
356317
356321
356322
356323
356324
356325
356326
356327
356331
356332
356333
356334
356335
356336
356337
356341
356342
356343
356344
356345
356346
356347
356351
356352
356353
356354
356355
356356
356357
356361
356362
356363
356364
356365
356366
356367
356371
356372
356373
356374
356375
356376
356377
356411
356412
356413
356414
356415
356416
356417
356421
356422
356423
356424
356425
356426
356427
356431
356432
356433
356434
356435
356436
356437
356441
356442
356443
356444
356445
356446
356447
356451
356452
356453
356454
356455
356456
356457
356461
356462
356463
356464
356465
356466
356467
356471
356472
356473
356474
356475
356476
356477
356511
356512
356513
356514
356516
356517
356521
356522
356523
356524
356526
356527
356531
356532
356533
356534
356536
356537
356541
356542
356543
356544
356546
356547
356551
356552
356553
356554
356555
356556
356557
356561
356562
356563
356564
356566
356567
356571
356572
356573
356574
356576
356577
356611
356612
356613
356614
356615
356616
356617
356621
356622
356623
356624
356625
356626
356627
356631
356632
356633
356634
356635
356636
356637
356641
356642
356643
356644
356645
356646
356647
356651
356652
356653
356654
356655
356656
356657
356661
356662
356663
356664
356665
356666
356667
356671
356672
356673
356674
356675
356676
356677
356711
356712
356713
356714
356715
356716
356717
356721
356722
356723
356724
356725
356726
356727
356731
356732
356733
356734
356735
356736
356737
356741
356742
356743
356744
356745
356746
356747
356751
356752
356753
356754
356755
356756
356757
356761
356762
356763
356764
356765
356766
356767
356771
356772
356773
356774
356775
356776
356777
357111
357112
357113
357114
357115
357116
357117
357121
357122
357123
357124
357125
357126
357127
357131
357132
357133
357134
357135
357136
357137
357141
357142
357143
357144
357145
357146
357147
357151
357152
357153
357154
357155
357156
357157
357161
357162
357163
357164
357165
357166
357167
357171
357172
357173
357174
357175
357176
357177
357211
357212
357213
357214
357215
357216
357217
357221
357222
357223
357224
357225
357226
357227
357231
357232
357233
357234
357235
357236
357237
357241
357242
357243
357244
357245
357246
357247
357251
357252
357253
357254
357255
357256
357257
357261
357262
357263
357264
357265
357266
357267
357271
357272
357273
357274
357275
357276
357277
357311
357312
357313
357314
357315
357316
357317
357321
357322
357323
357324
357325
357326
357327
357331
357332
357333
357334
357335
357336
357337
357341
357342
357343
357344
357345
357346
357347
357351
357352
357353
357354
357355
357356
357357
357361
357362
357363
357364
357365
357366
357367
357371
357372
357373
357374
357375
357376
357377
357411
357412
357413
357414
357415
357416
357417
357421
357422
357423
357424
357425
357426
357427
357431
357432
357433
357434
357435
357436
357437
357441
357442
357443
357444
357445
357446
357447
357451
357452
357453
357454
357455
357456
357457
357461
357462
357463
357464
357465
357466
357467
357471
357472
357473
357474
357475
357476
357477
357511
357512
357513
357514
357516
357517
357521
357522
357523
357524
357526
357527
357531
357532
357533
357534
357536
357537
357541
357542
357543
357544
357546
357547
357551
357552
357553
357554
357555
357556
357557
357561
357562
357563
357564
357566
357567
357571
357572
357573
357574
357576
357577
357611
357612
357613
357614
357615
357616
357617
357621
357622
357623
357624
357625
357626
357627
357631
357632
357633
357634
357635
357636
357637
357641
357642
357643
357644
357645
357646
357647
357651
357652
357653
357654
357655
357656
357657
357661
357662
357663
357664
357665
357666
357667
357671
357672
357673
357674
357675
357676
357677
357711
357712
357713
357714
357715
357716
357717
357721
357722
357723
357724
357725
357726
357727
357731
357732
357733
357734
357735
357736
357737
357741
357742
357743
357744
357745
357746
357747
357751
357752
357753
357754
357755
357756
357757
357761
357762
357763
357764
357765
357766
357767
357771
357772
357773
357774
357775
357776
357777
361111
361112
361113
361114
361115
361116
361117
361124
361131
361132
361133
361134
361135
361136
361137
361142
361151
361152
361153
361154
361155
361156
361157
361161
361162
361163
361164
361165
361166
361167
361171
361172
361173
361174
361175
361176
361177
361211
361212
361213
361214
361215
361216
361217
361221
361222
361223
361224
361225
361226
361227
361231
361232
361233
361234
361235
361236
361237
361241
361242
361243
361244
361245
361246
361247
361251
361252
361253
361254
361255
361256
361257
361261
361262
361263
361264
361265
361266
361267
361271
361272
361273
361274
361275
361276
361277
361311
361312
361313
361314
361315
361316
361317
361324
361331
361332
361333
361334
361335
361336
361337
361342
361351
361352
361353
361354
361355
361356
361357
361361
361362
361363
361364
361365
361366
361367
361371
361372
361373
361374
361375
361376
361377
361411
361412
361413
361414
361416
361421
361422
361423
361424
361426
361431
361432
361433
361434
361436
361441
361442
361443
361444
361446
361451
361452
361453
361454
361455
361456
361457
361461
361462
361463
361464
361466
361471
361472
361473
361474
361475
361476
361477
361511
361512
361513
361515
361516
361531
361532
361533
361535
361536
361542
361551
361552
361553
361555
361556
361561
361562
361563
361565
361566
361571
361572
361573
361574
361575
361576
361577
361611
361612
361613
361614
361615
361617
361624
361631
361632
361633
361634
361635
361637
361642
361651
361652
361653
361654
361655
361657
361661
361662
361663
361664
361665
361666
361667
361671
361672
361673
361674
361675
361677
361711
361712
361713
361716
361717
361731
361732
361733
361736
361737
361742
361751
361752
361753
361754
361755
361756
361757
361761
361762
361763
361766
361767
361771
361772
361773
361776
361777
362111
362112
362113
362114
362115
362116
362117
362121
362122
362123
362124
362125
362126
362127
362131
362132
362133
362134
362135
362136
362137
362145
362154
362161
362162
362163
362164
362165
362166
362167
362171
362172
362173
362174
362175
362176
362177
362214
362221
362222
362223
362224
362225
362226
362227
362231
362232
362233
362234
362235
362236
362237
362254
362261
362262
362263
362264
362265
362266
362267
362271
362272
362273
362274
362275
362276
362277
362314
362321
362322
362323
362324
362325
362326
362327
362331
362332
362333
362334
362335
362336
362337
362354
362361
362362
362363
362364
362365
362366
362367
362371
362372
362373
362374
362375
362376
362377
362411
362412
362413
362414
362416
362421
362422
362423
362424
362426
362431
362432
362433
362434
362436
362441
362442
362443
362444
362446
362451
362452
362453
362454
362455
362456
362457
362461
362462
362463
362464
362466
362471
362472
362473
362474
362475
362476
362477
362521
362522
362523
362525
362526
362531
362532
362533
362535
362536
362541
362551
362552
362553
362555
362556
362561
362562
362563
362565
362566
362571
362572
362573
362574
362575
362576
362577
362614
362621
362622
362623
362624
362625
362627
362631
362632
362633
362634
362635
362637
362654
362661
362662
362663
362664
362665
362666
362667
362671
362672
362673
362674
362675
362677
362721
362722
362723
362726
362727
362731
362732
362733
362736
362737
362754
362761
362762
362763
362766
362767
362771
362772
362773
362776
362777
363111
363112
363113
363114
363115
363116
363117
363121
363122
363123
363124
363125
363126
363127
363133
363141
363142
363143
363144
363145
363146
363147
363151
363152
363153
363154
363155
363156
363157
363161
363162
363163
363164
363165
363166
363167
363171
363172
363173
363174
363175
363176
363177
363211
363212
363213
363214
363215
363216
363217
363221
363222
363223
363224
363225
363226
363227
363233
363241
363242
363243
363244
363245
363246
363247
363251
363252
363253
363254
363255
363256
363257
363261
363262
363263
363264
363265
363266
363267
363271
363272
363273
363274
363275
363276
363277
363311
363312
363313
363314
363315
363316
363317
363321
363322
363323
363324
363325
363326
363327
363331
363332
363333
363334
363335
363336
363337
363341
363342
363343
363344
363345
363346
363347
363351
363352
363353
363354
363355
363356
363357
363361
363362
363363
363364
363365
363366
363367
363371
363372
363373
363374
363375
363376
363377
363411
363412
363413
363414
363416
363421
363422
363423
363424
363426
363433
363441
363442
363443
363444
363446
363451
363452
363453
363454
363455
363456
363457
363461
363462
363463
363464
363466
363471
363472
363473
363474
363475
363476
363477
363511
363512
363513
363515
363516
363521
363522
363523
363525
363526
363533
363541
363542
363543
363544
363545
363546
363547
363551
363552
363553
363555
363556
363561
363562
363563
363565
363566
363571
363572
363573
363574
363575
363576
363577
363611
363612
363613
363614
363615
363617
363621
363622
363623
363624
363625
363627
363633
363641
363642
363643
363644
363645
363647
363651
363652
363653
363654
363655
363657
363661
363662
363663
363664
363665
363666
363667
363671
363672
363673
363674
363675
363677
363711
363712
363713
363716
363717
363721
363722
363723
363726
363727
363733
363741
363742
363743
363744
363745
363746
363747
363751
363752
363753
363754
363755
363756
363757
363761
363762
363763
363766
363767
363771
363772
363773
363776
363777
364111
364112
364113
364114
364115
364116
364117
364125
364131
364132
364133
364134
364135
364136
364137
364141
364142
364143
364144
364145
364146
364147
364152
364161
364162
364163
364164
364165
364166
364167
364171
364172
364173
364174
364175
364176
364177
364211
364212
364213
364214
364215
364216
364217
364221
364222
364223
364224
364225
364226
364227
364231
364232
364233
364234
364235
364236
364237
364241
364242
364243
364244
364245
364246
364247
364251
364252
364253
364254
364255
364256
364257
364261
364262
364263
364264
364265
364266
364267
364271
364272
364273
364274
364275
364276
364277
364312
364331
364332
364333
364334
364335
364336
364337
364341
364342
364343
364344
364345
364346
364347
364352
364361
364362
364363
364364
364365
364366
364367
364371
364372
364373
364374
364375
364376
364377
364412
364431
364432
364433
364434
364435
364436
364437
364441
364442
364443
364444
364445
364446
364447
364452
364461
364462
364463
364464
364465
364466
364467
364471
364472
364473
364474
364475
364476
364477
364512
364521
364531
364532
364533
364534
364535
364536
364537
364541
364542
364543
364544
364545
364546
364547
364551
364552
364553
364554
364555
364556
364557
364561
364562
364563
364564
364565
364566
364567
364571
364572
364573
364574
364575
364576
364577
364612
364631
364632
364633
364634
364635
364637
364641
364642
364643
364644
364645
364647
364652
364661
364662
364663
364664
364665
364666
364667
364671
364672
364673
364674
364675
364677
364712
364731
364732
364733
364734
364735
364736
364737
364741
364742
364743
364744
364745
364746
364747
364752
364761
364762
364763
364764
364765
364766
364767
364771
364772
364773
364774
364775
364776
364777
365111
365112
365113
365114
365115
365116
365117
365124
365131
365132
365133
365134
365135
365136
365137
365142
365151
365152
365153
365154
365155
365156
365157
365161
365162
365163
365164
365165
365166
365167
365171
365172
365173
365174
365175
365176
365177
365211
365212
365213
365214
365215
365216
365217
365221
365222
365223
365224
365225
365226
365227
365231
365232
365233
365234
365235
365236
365237
365241
365242
365243
365244
365245
365246
365247
365251
365252
365253
365254
365255
365256
365257
365261
365262
365263
365264
365265
365266
365267
365271
365272
365273
365274
365275
365276
365277
365311
365312
365313
365314
365315
365316
365317
365324
365331
365332
365333
365334
365335
365336
365337
365342
365351
365352
365353
365354
365355
365356
365357
365361
365362
365363
365364
365365
365366
365367
365371
365372
365373
365374
365375
365376
365377
365411
365412
365413
365414
365415
365416
365417
365421
365422
365423
365424
365425
365426
365427
365431
365432
365433
365434
365435
365436
365437
365441
365442
365443
365444
365445
365446
365447
365451
365452
365453
365454
365455
365456
365457
365461
365462
365463
365464
365465
365466
365467
365471
365472
365473
365474
365475
365476
365477
365511
365512
365513
365514
365515
365516
365517
365524
365531
365532
365533
365534
365535
365536
365537
365542
365551
365552
365553
365554
365555
365556
365557
365561
365562
365563
365564
365565
365566
365567
365571
365572
365573
365574
365575
365576
365577
365611
365612
365613
365614
365615
365617
365624
365631
365632
365633
365634
365635
365637
365642
365651
365652
365653
365654
365655
365657
365661
365662
365663
365664
365665
365666
365667
365671
365672
365673
365674
365675
365677
365711
365712
365713
365714
365715
365716
365717
365724
365731
365732
365733
365734
365735
365736
365737
365742
365751
365752
365753
365754
365755
365756
365757
365761
365762
365763
365764
365765
365766
365767
365771
365772
365773
365774
365775
365776
365777
366111
366112
366113
366114
366115
366116
366117
366121
366122
366123
366124
366125
366126
366127
366131
366132
366133
366134
366135
366136
366137
366141
366142
366143
366144
366145
366146
366147
366151
366152
366153
366154
366155
366156
366157
366161
366162
366163
366164
366165
366166
366167
366171
366172
366173
366174
366175
366176
366177
366211
366212
366213
366214
366215
366216
366217
366221
366222
366223
366224
366225
366226
366227
366231
366232
366233
366234
366235
366236
366237
366241
366242
366243
366244
366245
366246
366247
366251
366252
366253
366254
366255
366256
366257
366261
366262
366263
366264
366265
366266
366267
366271
366272
366273
366274
366275
366276
366277
366311
366312
366313
366314
366315
366316
366317
366321
366322
366323
366324
366325
366326
366327
366331
366332
366333
366334
366335
366336
366337
366341
366342
366343
366344
366345
366346
366347
366351
366352
366353
366354
366355
366356
366357
366361
366362
366363
366364
366365
366366
366367
366371
366372
366373
366374
366375
366376
366377
366411
366412
366413
366414
366416
366421
366422
366423
366424
366426
366431
366432
366433
366434
366436
366441
366442
366443
366444
366446
366451
366452
366453
366454
366455
366456
366457
366461
366462
366463
366464
366466
366471
366472
366473
366474
366475
366476
366477
366511
366512
366513
366515
366516
366521
366522
366523
366525
366526
366531
366532
366533
366535
366536
366541
366542
366543
366544
366545
366546
366547
366551
366552
366553
366555
366556
366561
366562
366563
366565
366566
366571
366572
366573
366574
366575
366576
366577
366611
366612
366613
366614
366615
366616
366617
366621
366622
366623
366624
366625
366626
366627
366631
366632
366633
366634
366635
366636
366637
366641
366642
366643
366644
366645
366646
366647
366651
366652
366653
366654
366655
366656
366657
366661
366662
366663
366664
366665
366666
366667
366671
366672
366673
366674
366675
366676
366677
366711
366712
366713
366716
366717
366721
366722
366723
366726
366727
366731
366732
366733
366736
366737
366741
366742
366743
366744
366745
366746
366747
366751
366752
366753
366754
366755
366756
366757
366761
366762
366763
366766
366767
366771
366772
366773
366776
366777
367111
367112
367113
367114
367115
367116
367117
367121
367122
367123
367124
367125
367126
367127
367131
367132
367133
367134
367135
367136
367137
367141
367142
367143
367144
367145
367146
367147
367151
367152
367153
367154
367155
367156
367157
367161
367162
367163
367164
367165
367166
367167
367171
367172
367173
367174
367175
367176
367177
367211
367212
367213
367214
367215
367216
367217
367221
367222
367223
367224
367225
367226
367227
367231
367232
367233
367234
367235
367236
367237
367241
367242
367243
367244
367245
367246
367247
367251
367252
367253
367254
367255
367256
367257
367261
367262
367263
367264
367265
367266
367267
367271
367272
367273
367274
367275
367276
367277
367311
367312
367313
367314
367315
367316
367317
367321
367322
367323
367324
367325
367326
367327
367331
367332
367333
367334
367335
367336
367337
367341
367342
367343
367344
367345
367346
367347
367351
367352
367353
367354
367355
367356
367357
367361
367362
367363
367364
367365
367366
367367
367371
367372
367373
367374
367375
367376
367377
367411
367412
367413
367414
367415
367416
367417
367421
367422
367423
367424
367425
367426
367427
367431
367432
367433
367434
367435
367436
367437
367441
367442
367443
367444
367445
367446
367447
367451
367452
367453
367454
367455
367456
367457
367461
367462
367463
367464
367465
367466
367467
367471
367472
367473
367474
367475
367476
367477
367511
367512
367513
367514
367515
367516
367517
367521
367522
367523
367524
367525
367526
367527
367531
367532
367533
367534
367535
367536
367537
367541
367542
367543
367544
367545
367546
367547
367551
367552
367553
367554
367555
367556
367557
367561
367562
367563
367564
367565
367566
367567
367571
367572
367573
367574
367575
367576
367577
367611
367612
367613
367614
367615
367617
367621
367622
367623
367624
367625
367627
367631
367632
367633
367634
367635
367637
367641
367642
367643
367644
367645
367647
367651
367652
367653
367654
367655
367657
367661
367662
367663
367664
367665
367666
367667
367671
367672
367673
367674
367675
367677
367711
367712
367713
367714
367715
367716
367717
367721
367722
367723
367724
367725
367726
367727
367731
367732
367733
367734
367735
367736
367737
367741
367742
367743
367744
367745
367746
367747
367751
367752
367753
367754
367755
367756
367757
367761
367762
367763
367764
367765
367766
367767
367771
367772
367773
367774
367775
367776
367777
371111
371112
371113
371114
371115
371116
371117
371124
371131
371132
371133
371134
371135
371136
371137
371142
371151
371152
371153
371154
371155
371156
371157
371161
371162
371163
371164
371165
371166
371167
371171
371172
371173
371174
371175
371176
371177
371211
371212
371213
371214
371215
371216
371217
371221
371222
371223
371224
371225
371226
371227
371231
371232
371233
371234
371235
371236
371237
371241
371242
371243
371244
371245
371246
371247
371251
371252
371253
371254
371255
371256
371257
371261
371262
371263
371264
371265
371266
371267
371271
371272
371273
371274
371275
371276
371277
371311
371312
371313
371314
371315
371316
371317
371324
371331
371332
371333
371334
371335
371336
371337
371342
371351
371352
371353
371354
371355
371356
371357
371361
371362
371363
371364
371365
371366
371367
371371
371372
371373
371374
371375
371376
371377
371411
371412
371413
371414
371417
371421
371422
371423
371424
371427
371431
371432
371433
371434
371437
371441
371442
371443
371444
371447
371451
371452
371453
371454
371455
371456
371457
371461
371462
371463
371464
371465
371466
371467
371471
371472
371473
371474
371477
371511
371512
371513
371515
371517
371531
371532
371533
371535
371537
371542
371551
371552
371553
371555
371557
371561
371562
371563
371564
371565
371566
371567
371571
371572
371573
371575
371577
371611
371612
371613
371616
371617
371631
371632
371633
371636
371637
371642
371651
371652
371653
371654
371655
371656
371657
371661
371662
371663
371666
371667
371671
371672
371673
371676
371677
371711
371712
371713
371714
371715
371716
371724
371731
371732
371733
371734
371735
371736
371742
371751
371752
371753
371754
371755
371756
371761
371762
371763
371764
371765
371766
371771
371772
371773
371774
371775
371776
371777
372111
372112
372113
372114
372115
372116
372117
372121
372122
372123
372124
372125
372126
372127
372131
372132
372133
372134
372135
372136
372137
372145
372154
372161
372162
372163
372164
372165
372166
372167
372171
372172
372173
372174
372175
372176
372177
372214
372221
372222
372223
372224
372225
372226
372227
372231
372232
372233
372234
372235
372236
372237
372254
372261
372262
372263
372264
372265
372266
372267
372271
372272
372273
372274
372275
372276
372277
372314
372321
372322
372323
372324
372325
372326
372327
372331
372332
372333
372334
372335
372336
372337
372354
372361
372362
372363
372364
372365
372366
372367
372371
372372
372373
372374
372375
372376
372377
372411
372412
372413
372414
372417
372421
372422
372423
372424
372427
372431
372432
372433
372434
372437
372441
372442
372443
372444
372447
372451
372452
372453
372454
372455
372456
372457
372461
372462
372463
372464
372465
372466
372467
372471
372472
372473
372474
372477
372521
372522
372523
372525
372527
372531
372532
372533
372535
372537
372541
372551
372552
372553
372555
372557
372561
372562
372563
372564
372565
372566
372567
372571
372572
372573
372575
372577
372621
372622
372623
372626
372627
372631
372632
372633
372636
372637
372654
372661
372662
372663
372666
372667
372671
372672
372673
372676
372677
372714
372721
372722
372723
372724
372725
372726
372731
372732
372733
372734
372735
372736
372754
372761
372762
372763
372764
372765
372766
372771
372772
372773
372774
372775
372776
372777
373111
373112
373113
373114
373115
373116
373117
373121
373122
373123
373124
373125
373126
373127
373133
373141
373142
373143
373144
373145
373146
373147
373151
373152
373153
373154
373155
373156
373157
373161
373162
373163
373164
373165
373166
373167
373171
373172
373173
373174
373175
373176
373177
373211
373212
373213
373214
373215
373216
373217
373221
373222
373223
373224
373225
373226
373227
373233
373241
373242
373243
373244
373245
373246
373247
373251
373252
373253
373254
373255
373256
373257
373261
373262
373263
373264
373265
373266
373267
373271
373272
373273
373274
373275
373276
373277
373311
373312
373313
373314
373315
373316
373317
373321
373322
373323
373324
373325
373326
373327
373331
373332
373333
373334
373335
373336
373337
373341
373342
373343
373344
373345
373346
373347
373351
373352
373353
373354
373355
373356
373357
373361
373362
373363
373364
373365
373366
373367
373371
373372
373373
373374
373375
373376
373377
373411
373412
373413
373414
373417
373421
373422
373423
373424
373427
373433
373441
373442
373443
373444
373447
373451
373452
373453
373454
373455
373456
373457
373461
373462
373463
373464
373465
373466
373467
373471
373472
373473
373474
373477
373511
373512
373513
373515
373517
373521
373522
373523
373525
373527
373533
373541
373542
373543
373544
373545
373546
373547
373551
373552
373553
373555
373557
373561
373562
373563
373564
373565
373566
373567
373571
373572
373573
373575
373577
373611
373612
373613
373616
373617
373621
373622
373623
373626
373627
373633
373641
373642
373643
373644
373645
373646
373647
373651
373652
373653
373654
373655
373656
373657
373661
373662
373663
373666
373667
373671
373672
373673
373676
373677
373711
373712
373713
373714
373715
373716
373721
373722
373723
373724
373725
373726
373733
373741
373742
373743
373744
373745
373746
373751
373752
373753
373754
373755
373756
373761
373762
373763
373764
373765
373766
373771
373772
373773
373774
373775
373776
373777
374111
374112
374113
374114
374115
374116
374117
374125
374131
374132
374133
374134
374135
374136
374137
374141
374142
374143
374144
374145
374146
374147
374165
374171
374172
374173
374174
374175
374176
374177
374211
374212
374213
374214
374215
374216
374217
374221
374222
374223
374224
374225
374226
374227
374231
374232
374233
374234
374235
374236
374237
374241
374242
374243
374244
374245
374246
374247
374256
374265
374271
374272
374273
374274
374275
374276
374277
374312
374331
374332
374333
374334
374335
374336
374337
374341
374342
374343
374344
374345
374346
374347
374365
374371
374372
374373
374374
374375
374376
374377
374412
374431
374432
374433
374434
374435
374436
374437
374441
374442
374443
374444
374445
374446
374447
374465
374471
374472
374473
374474
374475
374476
374477
374512
374521
374531
374532
374533
374534
374535
374536
374537
374541
374542
374543
374544
374545
374546
374547
374551
374552
374553
374554
374555
374556
374557
374561
374562
374563
374564
374565
374566
374567
374571
374572
374573
374574
374575
374576
374577
374612
374631
374632
374633
374634
374635
374636
374637
374641
374642
374643
374644
374645
374646
374647
374652
374661
374662
374663
374664
374665
374666
374667
374671
374672
374673
374674
374675
374676
374677
374712
374731
374732
374733
374734
374735
374736
374741
374742
374743
374744
374745
374746
374765
374771
374772
374773
374774
374775
374776
374777
375111
375112
375113
375114
375115
375116
375117
375124
375131
375132
375133
375134
375135
375136
375137
375151
375152
375153
375154
375155
375156
375157
375164
375171
375172
375173
375174
375175
375176
375177
375211
375212
375213
375214
375215
375216
375217
375221
375222
375223
375224
375225
375226
375227
375231
375232
375233
375234
375235
375236
375237
375246
375251
375252
375253
375254
375255
375256
375257
375264
375271
375272
375273
375274
375275
375276
375277
375311
375312
375313
375314
375315
375316
375317
375324
375331
375332
375333
375334
375335
375336
375337
375351
375352
375353
375354
375355
375356
375357
375364
375371
375372
375373
375374
375375
375376
375377
375411
375412
375413
375414
375415
375416
375417
375421
375422
375423
375424
375425
375426
375427
375431
375432
375433
375434
375435
375436
375437
375441
375442
375443
375444
375445
375446
375447
375451
375452
375453
375454
375455
375456
375457
375461
375462
375463
375464
375465
375466
375467
375471
375472
375473
375474
375475
375476
375477
375511
375512
375513
375514
375515
375516
375517
375524
375531
375532
375533
375534
375535
375536
375537
375551
375552
375553
375554
375555
375556
375557
375564
375571
375572
375573
375574
375575
375576
375577
375611
375612
375613
375614
375615
375616
375617
375624
375631
375632
375633
375634
375635
375636
375637
375642
375651
375652
375653
375654
375655
375656
375657
375661
375662
375663
375664
375665
375666
375667
375671
375672
375673
375674
375675
375676
375677
375711
375712
375713
375714
375715
375716
375724
375731
375732
375733
375734
375735
375736
375751
375752
375753
375754
375755
375756
375764
375771
375772
375773
375774
375775
375776
375777
376111
376112
376113
376114
376115
376116
376117
376121
376122
376123
376124
376125
376126
376127
376131
376132
376133
376134
376135
376136
376137
376145
376154
376161
376162
376163
376164
376165
376166
376167
376171
376172
376173
376174
376175
376176
376177
376211
376212
376213
376214
376215
376216
376217
376221
376222
376223
376224
376225
376226
376227
376231
376232
376233
376234
376235
376236
376237
376245
376254
376261
376262
376263
376264
376265
376266
376267
376271
376272
376273
376274
376275
376276
376277
376311
376312
376313
376314
376315
376316
376317
376321
376322
376323
376324
376325
376326
376327
376331
376332
376333
376334
376335
376336
376337
376345
376354
376361
376362
376363
376364
376365
376366
376367
376371
376372
376373
376374
376375
376376
376377
376411
376412
376413
376414
376415
376416
376417
376421
376422
376423
376424
376425
376426
376427
376431
376432
376433
376434
376435
376436
376437
376441
376442
376443
376444
376445
376446
376447
376451
376452
376453
376454
376455
376456
376457
376461
376462
376463
376464
376465
376466
376467
376471
376472
376473
376474
376475
376476
376477
376511
376512
376513
376514
376515
376516
376517
376521
376522
376523
376524
376525
376526
376527
376531
376532
376533
376534
376535
376536
376537
376541
376542
376543
376544
376545
376546
376547
376551
376552
376553
376554
376555
376556
376557
376561
376562
376563
376564
376565
376566
376567
376571
376572
376573
376574
376575
376576
376577
376611
376612
376613
376614
376615
376616
376617
376621
376622
376623
376624
376625
376626
376627
376631
376632
376633
376634
376635
376636
376637
376645
376654
376661
376662
376663
376664
376665
376666
376667
376671
376672
376673
376674
376675
376676
376677
376711
376712
376713
376714
376715
376716
376721
376722
376723
376724
376725
376726
376731
376732
376733
376734
376735
376736
376745
376754
376761
376762
376763
376764
376765
376766
376771
376772
376773
376774
376775
376776
376777
377111
377112
377113
377114
377115
377116
377117
377121
377122
377123
377124
377125
377126
377127
377131
377132
377133
377134
377135
377136
377137
377141
377142
377143
377144
377145
377146
377147
377151
377152
377153
377154
377155
377156
377157
377161
377162
377163
377164
377165
377166
377167
377171
377172
377173
377174
377175
377176
377177
377211
377212
377213
377214
377215
377216
377217
377221
377222
377223
377224
377225
377226
377227
377231
377232
377233
377234
377235
377236
377237
377241
377242
377243
377244
377245
377246
377247
377251
377252
377253
377254
377255
377256
377257
377261
377262
377263
377264
377265
377266
377267
377271
377272
377273
377274
377275
377276
377277
377311
377312
377313
377314
377315
377316
377317
377321
377322
377323
377324
377325
377326
377327
377331
377332
377333
377334
377335
377336
377337
377341
377342
377343
377344
377345
377346
377347
377351
377352
377353
377354
377355
377356
377357
377361
377362
377363
377364
377365
377366
377367
377371
377372
377373
377374
377375
377376
377377
377411
377412
377413
377414
377417
377421
377422
377423
377424
377427
377431
377432
377433
377434
377437
377441
377442
377443
377444
377447
377451
377452
377453
377454
377455
377456
377457
377461
377462
377463
377464
377465
377466
377467
377471
377472
377473
377474
377477
377511
377512
377513
377515
377517
377521
377522
377523
377525
377527
377531
377532
377533
377535
377537
377541
377542
377543
377544
377545
377546
377547
377551
377552
377553
377555
377557
377561
377562
377563
377564
377565
377566
377567
377571
377572
377573
377575
377577
377611
377612
377613
377616
377617
377621
377622
377623
377626
377627
377631
377632
377633
377636
377637
377641
377642
377643
377644
377645
377646
377647
377651
377652
377653
377654
377655
377656
377657
377661
377662
377663
377666
377667
377671
377672
377673
377676
377677
377711
377712
377713
377714
377715
377716
377717
377721
377722
377723
377724
377725
377726
377727
377731
377732
377733
377734
377735
377736
377737
377741
377742
377743
377744
377745
377746
377747
377751
377752
377753
377754
377755
377756
377757
377761
377762
377763
377764
377765
377766
377767
377771
377772
377773
377774
377775
377776
377777
411111
411112
411113
411114
411115
411116
411117
411121
411122
411123
411124
411125
411126
411127
411131
411132
411133
411134
411135
411136
411137
411141
411142
411143
411144
411145
411146
411147
411151
411152
411153
411154
411155
411156
411157
411161
411162
411163
411164
411165
411166
411167
411171
411172
411173
411174
411175
411176
411177
411211
411212
411213
411214
411215
411216
411217
411221
411222
411223
411224
411225
411226
411227
411231
411232
411233
411234
411235
411236
411237
411241
411242
411243
411244
411245
411246
411247
411251
411252
411253
411254
411255
411256
411257
411261
411262
411263
411264
411265
411266
411267
411271
411272
411273
411274
411275
411276
411277
411311
411312
411313
411314
411315
411316
411317
411321
411322
411323
411324
411325
411326
411327
411331
411332
411333
411334
411335
411336
411337
411341
411342
411343
411344
411345
411346
411347
411351
411352
411353
411354
411355
411356
411357
411361
411362
411363
411364
411365
411366
411367
411371
411372
411373
411374
411375
411376
411377
411411
411412
411413
411414
411415
411416
411417
411421
411422
411423
411424
411425
411426
411427
411431
411432
411433
411434
411435
411436
411437
411441
411442
411443
411444
411445
411446
411447
411451
411452
411453
411454
411455
411456
411457
411461
411462
411463
411464
411465
411466
411467
411471
411472
411473
411474
411475
411476
411477
411511
411512
411513
411514
411515
411516
411517
411521
411522
411523
411524
411525
411526
411527
411531
411532
411533
411534
411535
411536
411537
411541
411542
411543
411544
411545
411546
411547
411551
411552
411553
411554
411555
411556
411557
411561
411562
411563
411564
411565
411566
411567
411571
411572
411573
411574
411575
411576
411577
411611
411612
411613
411614
411615
411616
411617
411621
411622
411623
411624
411625
411626
411627
411631
411632
411633
411634
411635
411636
411637
411641
411642
411643
411644
411645
411646
411647
411651
411652
411653
411654
411655
411656
411657
411661
411662
411663
411664
411665
411666
411667
411671
411672
411673
411674
411675
411676
411677
411711
411712
411713
411714
411715
411716
411717
411721
411722
411723
411724
411725
411726
411727
411731
411732
411733
411734
411735
411736
411737
411741
411742
411743
411744
411745
411746
411747
411751
411752
411753
411754
411755
411756
411757
411761
411762
411763
411764
411765
411766
411767
411771
411772
411773
411774
411775
411776
411777
412111
412112
412113
412114
412115
412116
412117
412122
412123
412124
412125
412126
412127
412135
412142
412143
412144
412145
412146
412147
412153
412162
412163
412164
412165
412166
412167
412172
412173
412174
412175
412176
412177
412211
412212
412213
412214
412215
412216
412217
412221
412222
412223
412224
412225
412226
412227
412235
412241
412242
412243
412244
412245
412246
412247
412253
412261
412262
412263
412264
412265
412266
412267
412271
412272
412273
412274
412275
412276
412277
412311
412312
412313
412314
412315
412316
412317
412321
412322
412323
412324
412325
412326
412327
412331
412332
412333
412334
412335
412336
412337
412341
412342
412343
412344
412345
412346
412347
412351
412352
412353
412354
412355
412356
412357
412361
412362
412363
412364
412365
412366
412367
412371
412372
412373
412374
412375
412376
412377
412411
412412
412413
412414
412415
412416
412417
412421
412422
412423
412424
412425
412426
412427
412435
412441
412442
412443
412444
412445
412446
412447
412453
412461
412462
412463
412464
412465
412466
412467
412471
412472
412473
412474
412475
412476
412477
412511
412512
412513
412514
412515
412516
412517
412521
412522
412523
412524
412525
412526
412527
412531
412532
412533
412534
412535
412536
412537
412541
412542
412543
412544
412545
412546
412547
412551
412552
412553
412554
412555
412556
412557
412561
412562
412563
412564
412565
412566
412567
412571
412572
412573
412574
412575
412576
412577
412611
412612
412613
412614
412615
412616
412617
412621
412622
412623
412624
412625
412626
412627
412635
412641
412642
412643
412644
412645
412646
412647
412653
412661
412662
412663
412664
412665
412666
412667
412671
412672
412673
412674
412675
412676
412677
412711
412712
412713
412714
412715
412716
412717
412721
412722
412723
412724
412725
412726
412727
412735
412741
412742
412743
412744
412745
412746
412747
412753
412761
412762
412763
412764
412765
412766
412767
412771
412772
412773
412774
412775
412776
412777
413111
413112
413113
413114
413115
413116
413117
413125
413132
413133
413134
413135
413136
413137
413142
413143
413144
413145
413146
413147
413165
413172
413173
413174
413175
413176
413177
413211
413212
413213
413214
413215
413216
413217
413221
413222
413223
413224
413225
413226
413227
413231
413232
413233
413234
413235
413236
413237
413241
413242
413243
413244
413245
413246
413247
413256
413265
413271
413272
413273
413274
413275
413276
413277
413311
413312
413313
413314
413315
413316
413317
413325
413331
413332
413333
413334
413335
413336
413337
413341
413342
413343
413344
413345
413346
413347
413365
413371
413372
413373
413374
413375
413376
413377
413411
413412
413413
413414
413415
413416
413417
413425
413431
413432
413433
413434
413435
413436
413437
413441
413442
413443
413444
413445
413446
413447
413465
413471
413472
413473
413474
413475
413476
413477
413511
413512
413513
413514
413515
413516
413517
413521
413522
413523
413524
413525
413526
413527
413531
413532
413533
413534
413535
413536
413537
413541
413542
413543
413544
413545
413546
413547
413551
413552
413553
413554
413555
413556
413557
413561
413562
413563
413564
413565
413566
413567
413571
413572
413573
413574
413575
413576
413577
413611
413612
413613
413614
413615
413616
413617
413625
413631
413632
413633
413634
413635
413636
413637
413641
413642
413643
413644
413645
413646
413647
413652
413661
413662
413663
413664
413665
413666
413667
413671
413672
413673
413674
413675
413676
413677
413711
413712
413713
413714
413715
413716
413717
413725
413731
413732
413733
413734
413735
413736
413737
413741
413742
413743
413744
413745
413746
413747
413765
413771
413772
413773
413774
413775
413776
413777
414111
414112
414113
414114
414115
414116
414117
414122
414123
414124
414125
414126
414127
414132
414133
414134
414135
414136
414137
414144
414152
414153
414154
414155
414156
414157
414162
414163
414164
414165
414166
414167
414172
414173
414174
414175
414176
414177
414211
414212
414213
414214
414215
414216
414217
414221
414222
414223
414224
414225
414226
414227
414231
414232
414233
414234
414235
414236
414237
414244
414251
414252
414253
414254
414255
414256
414257
414261
414262
414263
414264
414265
414266
414267
414271
414272
414273
414274
414275
414276
414277
414311
414312
414313
414314
414315
414316
414317
414321
414322
414323
414324
414325
414326
414327
414331
414332
414333
414334
414335
414336
414337
414344
414351
414352
414353
414354
414355
414356
414357
414361
414362
414363
414364
414365
414366
414367
414371
414372
414373
414374
414375
414376
414377
414411
414412
414413
414414
414415
414416
414417
414421
414422
414423
414424
414425
414426
414427
414431
414432
414433
414434
414435
414436
414437
414441
414442
414443
414444
414445
414446
414447
414451
414452
414453
414454
414455
414456
414457
414461
414462
414463
414464
414465
414466
414467
414471
414472
414473
414474
414475
414476
414477
414511
414512
414513
414514
414515
414516
414517
414521
414522
414523
414524
414525
414526
414527
414531
414532
414533
414534
414535
414536
414537
414544
414551
414552
414553
414554
414555
414556
414557
414561
414562
414563
414564
414565
414566
414567
414571
414572
414573
414574
414575
414576
414577
414611
414612
414613
414614
414615
414616
414617
414621
414622
414623
414624
414625
414626
414627
414631
414632
414633
414634
414635
414636
414637
414644
414651
414652
414653
414654
414655
414656
414657
414661
414662
414663
414664
414665
414666
414667
414671
414672
414673
414674
414675
414676
414677
414711
414712
414713
414714
414715
414716
414717
414721
414722
414723
414724
414725
414726
414727
414731
414732
414733
414734
414735
414736
414737
414744
414751
414752
414753
414754
414755
414756
414757
414761
414762
414763
414764
414765
414766
414767
414771
414772
414773
414774
414775
414776
414777
415111
415112
415113
415114
415115
415116
415117
415123
415142
415143
415144
415145
415146
415147
415152
415153
415154
415155
415156
415157
415176
415211
415212
415213
415214
415215
415216
415217
415221
415222
415223
415224
415225
415226
415227
415236
415241
415242
415243
415244
415245
415246
415247
415251
415252
415253
415254
415255
415256
415257
415276
415311
415312
415313
415314
415315
415316
415317
415321
415322
415323
415324
415325
415326
415327
415331
415332
415333
415334
415335
415336
415337
415341
415342
415343
415344
415345
415346
415347
415351
415352
415353
415354
415355
415356
415357
415367
415376
415411
415412
415413
415414
415415
415416
415417
415423
415441
415442
415443
415444
415445
415446
415447
415451
415452
415453
415454
415455
415456
415457
415476
415511
415512
415513
415514
415515
415516
415517
415523
415541
415542
415543
415544
415545
415546
415547
415551
415552
415553
415554
415555
415556
415557
415576
415611
415612
415613
415614
415615
415616
415617
415623
415632
415641
415642
415643
415644
415645
415646
415647
415651
415652
415653
415654
415655
415656
415657
415661
415662
415663
415664
415665
415666
415667
415671
415672
415673
415674
415675
415676
415677
415711
415712
415713
415714
415715
415716
415717
415723
415741
415742
415743
415744
415745
415746
415747
415751
415752
415753
415754
415755
415756
415757
415763
415771
415772
415773
415774
415775
415776
415777
416111
416112
416113
416114
416115
416116
416117
416122
416123
416124
416125
416126
416127
416135
416142
416143
416144
416145
416146
416147
416162
416163
416164
416165
416166
416167
416175
416211
416212
416213
416214
416215
416216
416217
416221
416222
416223
416224
416225
416226
416227
416235
416241
416242
416243
416244
416245
416246
416247
416261
416262
416263
416264
416265
416266
416267
416275
416311
416312
416313
416314
416315
416316
416317
416321
416322
416323
416324
416325
416326
416327
416331
416332
416333
416334
416335
416336
416337
416341
416342
416343
416344
416345
416346
416347
416357
416361
416362
416363
416364
416365
416366
416367
416375
416411
416412
416413
416414
416415
416416
416417
416421
416422
416423
416424
416425
416426
416427
416435
416441
416442
416443
416444
416445
416446
416447
416461
416462
416463
416464
416465
416466
416467
416475
416511
416512
416513
416514
416515
416516
416517
416521
416522
416523
416524
416525
416526
416527
416531
416532
416533
416534
416535
416536
416537
416541
416542
416543
416544
416545
416546
416547
416551
416552
416553
416554
416555
416556
416557
416561
416562
416563
416564
416565
416566
416567
416571
416572
416573
416574
416575
416576
416577
416611
416612
416613
416614
416615
416616
416617
416621
416622
416623
416624
416625
416626
416627
416635
416641
416642
416643
416644
416645
416646
416647
416661
416662
416663
416664
416665
416666
416667
416675
416711
416712
416713
416714
416715
416716
416717
416721
416722
416723
416724
416725
416726
416727
416735
416741
416742
416743
416744
416745
416746
416747
416753
416761
416762
416763
416764
416765
416766
416767
416771
416772
416773
416774
416775
416776
416777
417111
417112
417113
417114
417115
417116
417117
417122
417123
417124
417125
417126
417127
417132
417133
417134
417135
417136
417137
417142
417143
417144
417145
417146
417147
417156
417165
417172
417173
417174
417175
417176
417177
417211
417212
417213
417214
417215
417216
417217
417221
417222
417223
417224
417225
417226
417227
417231
417232
417233
417234
417235
417236
417237
417241
417242
417243
417244
417245
417246
417247
417256
417265
417271
417272
417273
417274
417275
417276
417277
417311
417312
417313
417314
417315
417316
417317
417321
417322
417323
417324
417325
417326
417327
417331
417332
417333
417334
417335
417336
417337
417341
417342
417343
417344
417345
417346
417347
417356
417365
417371
417372
417373
417374
417375
417376
417377
417411
417412
417413
417414
417415
417416
417417
417421
417422
417423
417424
417425
417426
417427
417431
417432
417433
417434
417435
417436
417437
417441
417442
417443
417444
417445
417446
417447
417456
417465
417471
417472
417473
417474
417475
417476
417477
417511
417512
417513
417514
417515
417516
417517
417521
417522
417523
417524
417525
417526
417527
417531
417532
417533
417534
417535
417536
417537
417541
417542
417543
417544
417545
417546
417547
417551
417552
417553
417554
417555
417556
417557
417561
417562
417563
417564
417565
417566
417567
417571
417572
417573
417574
417575
417576
417577
417611
417612
417613
417614
417615
417616
417617
417621
417622
417623
417624
417625
417626
417627
417631
417632
417633
417634
417635
417636
417637
417641
417642
417643
417644
417645
417646
417647
417651
417652
417653
417654
417655
417656
417657
417661
417662
417663
417664
417665
417666
417667
417671
417672
417673
417674
417675
417676
417677
417711
417712
417713
417714
417715
417716
417717
417721
417722
417723
417724
417725
417726
417727
417731
417732
417733
417734
417735
417736
417737
417741
417742
417743
417744
417745
417746
417747
417756
417765
417771
417772
417773
417774
417775
417776
417777
421111
421112
421113
421114
421115
421116
421117
421121
421122
421123
421124
421125
421126
421127
421131
421132
421133
421134
421135
421136
421137
421141
421142
421143
421144
421145
421146
421147
421151
421152
421153
421154
421155
421156
421157
421161
421162
421163
421164
421165
421166
421167
421171
421172
421173
421174
421175
421176
421177
421211
421213
421214
421215
421216
421217
421221
421222
421223
421224
421225
421226
421227
421231
421233
421234
421235
421236
421237
421241
421243
421244
421245
421246
421247
421251
421253
421254
421255
421256
421257
421261
421263
421264
421265
421266
421267
421271
421273
421274
421275
421276
421277
421311
421312
421313
421314
421315
421316
421317
421321
421322
421323
421324
421325
421326
421327
421331
421332
421333
421334
421335
421336
421337
421341
421342
421343
421344
421345
421346
421347
421351
421352
421353
421354
421355
421356
421357
421361
421362
421363
421364
421365
421366
421367
421371
421372
421373
421374
421375
421376
421377
421411
421412
421413
421414
421415
421416
421417
421421
421422
421423
421424
421425
421426
421427
421431
421432
421433
421434
421435
421436
421437
421441
421442
421443
421444
421445
421446
421447
421451
421452
421453
421454
421455
421456
421457
421461
421462
421463
421464
421465
421466
421467
421471
421472
421473
421474
421475
421476
421477
421511
421512
421513
421514
421515
421516
421517
421521
421522
421523
421524
421525
421526
421527
421531
421532
421533
421534
421535
421536
421537
421541
421542
421543
421544
421545
421546
421547
421551
421552
421553
421554
421555
421556
421557
421561
421562
421563
421564
421565
421566
421567
421571
421572
421573
421574
421575
421576
421577
421611
421612
421613
421614
421615
421616
421617
421621
421622
421623
421624
421625
421626
421627
421631
421632
421633
421634
421635
421636
421637
421641
421642
421643
421644
421645
421646
421647
421651
421652
421653
421654
421655
421656
421657
421661
421662
421663
421664
421665
421666
421667
421671
421672
421673
421674
421675
421676
421677
421711
421712
421713
421714
421715
421716
421717
421721
421722
421723
421724
421725
421726
421727
421731
421732
421733
421734
421735
421736
421737
421741
421742
421743
421744
421745
421746
421747
421751
421752
421753
421754
421755
421756
421757
421761
421762
421763
421764
421765
421766
421767
421771
421772
421773
421774
421775
421776
421777
422111
422112
422113
422114
422115
422116
422117
422121
422122
422123
422124
422125
422126
422127
422131
422132
422133
422134
422135
422136
422137
422141
422142
422143
422144
422145
422146
422147
422151
422152
422153
422154
422155
422156
422157
422161
422162
422163
422164
422165
422166
422167
422171
422172
422173
422174
422175
422176
422177
422211
422212
422213
422214
422215
422216
422217
422221
422222
422223
422224
422225
422226
422227
422231
422232
422233
422234
422235
422236
422237
422241
422242
422243
422244
422245
422246
422247
422251
422252
422253
422254
422255
422256
422257
422261
422262
422263
422264
422265
422266
422267
422271
422272
422273
422274
422275
422276
422277
422311
422312
422313
422314
422315
422316
422317
422321
422322
422323
422324
422325
422326
422327
422331
422332
422333
422334
422335
422336
422337
422341
422342
422343
422344
422345
422346
422347
422351
422352
422353
422354
422355
422356
422357
422361
422362
422363
422364
422365
422366
422367
422371
422372
422373
422374
422375
422376
422377
422411
422412
422413
422414
422415
422416
422417
422421
422422
422423
422424
422425
422426
422427
422431
422432
422433
422434
422435
422436
422437
422441
422442
422443
422444
422445
422446
422447
422451
422452
422453
422454
422455
422456
422457
422461
422462
422463
422464
422465
422466
422467
422471
422472
422473
422474
422475
422476
422477
422511
422512
422513
422514
422515
422516
422517
422521
422522
422523
422524
422525
422526
422527
422531
422532
422533
422534
422535
422536
422537
422541
422542
422543
422544
422545
422546
422547
422551
422552
422553
422554
422555
422556
422557
422561
422562
422563
422564
422565
422566
422567
422571
422572
422573
422574
422575
422576
422577
422611
422612
422613
422614
422615
422616
422617
422621
422622
422623
422624
422625
422626
422627
422631
422632
422633
422634
422635
422636
422637
422641
422642
422643
422644
422645
422646
422647
422651
422652
422653
422654
422655
422656
422657
422661
422662
422663
422664
422665
422666
422667
422671
422672
422673
422674
422675
422676
422677
422711
422712
422713
422714
422715
422716
422717
422721
422722
422723
422724
422725
422726
422727
422731
422732
422733
422734
422735
422736
422737
422741
422742
422743
422744
422745
422746
422747
422751
422752
422753
422754
422755
422756
422757
422761
422762
422763
422764
422765
422766
422767
422771
422772
422773
422774
422775
422776
422777
423111
423112
423113
423114
423115
423116
423117
423121
423122
423123
423124
423125
423126
423127
423131
423132
423133
423134
423135
423136
423137
423141
423142
423143
423144
423145
423146
423147
423156
423165
423171
423172
423173
423174
423175
423176
423177
423211
423213
423214
423215
423216
423217
423221
423222
423223
423224
423225
423226
423227
423231
423233
423234
423235
423236
423237
423241
423243
423244
423245
423246
423247
423256
423265
423271
423273
423274
423275
423276
423277
423311
423312
423313
423314
423315
423316
423317
423321
423322
423323
423324
423325
423326
423327
423331
423332
423333
423334
423335
423336
423337
423341
423342
423343
423344
423345
423346
423347
423356
423365
423371
423372
423373
423374
423375
423376
423377
423411
423412
423413
423414
423415
423416
423417
423421
423422
423423
423424
423425
423426
423427
423431
423432
423433
423434
423435
423436
423437
423441
423442
423443
423444
423445
423446
423447
423456
423465
423471
423472
423473
423474
423475
423476
423477
423511
423512
423513
423514
423515
423516
423517
423521
423522
423523
423524
423525
423526
423527
423531
423532
423533
423534
423535
423536
423537
423541
423542
423543
423544
423545
423546
423547
423551
423552
423553
423554
423555
423556
423557
423561
423562
423563
423564
423565
423566
423567
423571
423572
423573
423574
423575
423576
423577
423611
423612
423613
423614
423615
423616
423617
423621
423622
423623
423624
423625
423626
423627
423631
423632
423633
423634
423635
423636
423637
423641
423642
423643
423644
423645
423646
423647
423651
423652
423653
423654
423655
423656
423657
423661
423662
423663
423664
423665
423666
423667
423671
423672
423673
423674
423675
423676
423677
423711
423712
423713
423714
423715
423716
423717
423721
423722
423723
423724
423725
423726
423727
423731
423732
423733
423734
423735
423736
423737
423741
423742
423743
423744
423745
423746
423747
423756
423765
423771
423772
423773
423774
423775
423776
423777
424111
424112
424113
424114
424115
424116
424117
424121
424122
424123
424124
424125
424126
424127
424131
424132
424133
424134
424135
424136
424137
424144
424151
424152
424153
424154
424155
424156
424157
424161
424162
424163
424164
424165
424166
424167
424171
424172
424173
424174
424175
424176
424177
424211
424213
424214
424215
424216
424217
424221
424222
424223
424224
424225
424226
424227
424231
424233
424234
424235
424236
424237
424244
424251
424253
424254
424255
424256
424257
424261
424263
424264
424265
424266
424267
424271
424273
424274
424275
424276
424277
424311
424312
424313
424314
424315
424316
424317
424321
424322
424323
424324
424325
424326
424327
424331
424332
424333
424334
424335
424336
424337
424344
424351
424352
424353
424354
424355
424356
424357
424361
424362
424363
424364
424365
424366
424367
424371
424372
424373
424374
424375
424376
424377
424411
424412
424413
424414
424415
424416
424417
424421
424422
424423
424424
424425
424426
424427
424431
424432
424433
424434
424435
424436
424437
424441
424442
424443
424444
424445
424446
424447
424451
424452
424453
424454
424455
424456
424457
424461
424462
424463
424464
424465
424466
424467
424471
424472
424473
424474
424475
424476
424477
424511
424512
424513
424514
424515
424516
424517
424521
424522
424523
424524
424525
424526
424527
424531
424532
424533
424534
424535
424536
424537
424544
424551
424552
424553
424554
424555
424556
424557
424561
424562
424563
424564
424565
424566
424567
424571
424572
424573
424574
424575
424576
424577
424611
424612
424613
424614
424615
424616
424617
424621
424622
424623
424624
424625
424626
424627
424631
424632
424633
424634
424635
424636
424637
424644
424651
424652
424653
424654
424655
424656
424657
424661
424662
424663
424664
424665
424666
424667
424671
424672
424673
424674
424675
424676
424677
424711
424712
424713
424714
424715
424716
424717
424721
424722
424723
424724
424725
424726
424727
424731
424732
424733
424734
424735
424736
424737
424744
424751
424752
424753
424754
424755
424756
424757
424761
424762
424763
424764
424765
424766
424767
424771
424772
424773
424774
424775
424776
424777
425111
425112
425113
425114
425115
425116
425117
425121
425122
425123
425124
425125
425126
425127
425136
425141
425142
425143
425144
425145
425146
425147
425151
425152
425153
425154
425155
425156
425157
425176
425211
425213
425214
425215
425216
425217
425221
425222
425223
425224
425225
425226
425227
425236
425241
425243
425244
425245
425246
425247
425251
425253
425254
425255
425256
425257
425276
425311
425312
425313
425314
425315
425316
425317
425321
425322
425323
425324
425325
425326
425327
425331
425332
425333
425334
425335
425336
425337
425341
425342
425343
425344
425345
425346
425347
425351
425352
425353
425354
425355
425356
425357
425367
425376
425411
425412
425413
425414
425415
425416
425417
425421
425422
425423
425424
425425
425426
425427
425436
425441
425442
425443
425444
425445
425446
425447
425451
425452
425453
425454
425455
425456
425457
425476
425511
425512
425513
425514
425515
425516
425517
425521
425522
425523
425524
425525
425526
425527
425536
425541
425542
425543
425544
425545
425546
425547
425551
425552
425553
425554
425555
425556
425557
425576
425611
425612
425613
425614
425615
425616
425617
425621
425622
425623
425624
425625
425626
425627
425631
425632
425633
425634
425635
425636
425637
425641
425642
425643
425644
425645
425646
425647
425651
425652
425653
425654
425655
425656
425657
425661
425662
425663
425664
425665
425666
425667
425671
425672
425673
425674
425675
425676
425677
425711
425712
425713
425714
425715
425716
425717
425721
425722
425723
425724
425725
425726
425727
425736
425741
425742
425743
425744
425745
425746
425747
425751
425752
425753
425754
425755
425756
425757
425763
425771
425772
425773
425774
425775
425776
425777
426111
426112
426113
426114
426115
426116
426117
426121
426122
426123
426124
426125
426126
426127
426135
426141
426142
426143
426144
426145
426146
426147
426161
426162
426163
426164
426165
426166
426167
426175
426211
426213
426214
426215
426216
426217
426221
426222
426223
426224
426225
426226
426227
426235
426241
426243
426244
426245
426246
426247
426261
426263
426264
426265
426266
426267
426275
426311
426312
426313
426314
426315
426316
426317
426321
426322
426323
426324
426325
426326
426327
426331
426332
426333
426334
426335
426336
426337
426341
426342
426343
426344
426345
426346
426347
426357
426361
426362
426363
426364
426365
426366
426367
426375
426411
426412
426413
426414
426415
426416
426417
426421
426422
426423
426424
426425
426426
426427
426435
426441
426442
426443
426444
426445
426446
426447
426461
426462
426463
426464
426465
426466
426467
426475
426511
426512
426513
426514
426515
426516
426517
426521
426522
426523
426524
426525
426526
426527
426531
426532
426533
426534
426535
426536
426537
426541
426542
426543
426544
426545
426546
426547
426551
426552
426553
426554
426555
426556
426557
426561
426562
426563
426564
426565
426566
426567
426571
426572
426573
426574
426575
426576
426577
426611
426612
426613
426614
426615
426616
426617
426621
426622
426623
426624
426625
426626
426627
426635
426641
426642
426643
426644
426645
426646
426647
426661
426662
426663
426664
426665
426666
426667
426675
426711
426712
426713
426714
426715
426716
426717
426721
426722
426723
426724
426725
426726
426727
426735
426741
426742
426743
426744
426745
426746
426747
426753
426761
426762
426763
426764
426765
426766
426767
426771
426772
426773
426774
426775
426776
426777
427111
427112
427113
427114
427115
427116
427117
427121
427122
427123
427124
427125
427126
427127
427131
427132
427133
427134
427135
427136
427137
427141
427142
427143
427144
427145
427146
427147
427156
427165
427171
427172
427173
427174
427175
427176
427177
427211
427213
427214
427215
427216
427217
427221
427222
427223
427224
427225
427226
427227
427231
427233
427234
427235
427236
427237
427241
427243
427244
427245
427246
427247
427256
427265
427271
427273
427274
427275
427276
427277
427311
427312
427313
427314
427315
427316
427317
427321
427322
427323
427324
427325
427326
427327
427331
427332
427333
427334
427335
427336
427337
427341
427342
427343
427344
427345
427346
427347
427356
427365
427371
427372
427373
427374
427375
427376
427377
427411
427412
427413
427414
427415
427416
427417
427421
427422
427423
427424
427425
427426
427427
427431
427432
427433
427434
427435
427436
427437
427441
427442
427443
427444
427445
427446
427447
427456
427465
427471
427472
427473
427474
427475
427476
427477
427511
427512
427513
427514
427515
427516
427517
427521
427522
427523
427524
427525
427526
427527
427531
427532
427533
427534
427535
427536
427537
427541
427542
427543
427544
427545
427546
427547
427551
427552
427553
427554
427555
427556
427557
427561
427562
427563
427564
427565
427566
427567
427571
427572
427573
427574
427575
427576
427577
427611
427612
427613
427614
427615
427616
427617
427621
427622
427623
427624
427625
427626
427627
427631
427632
427633
427634
427635
427636
427637
427641
427642
427643
427644
427645
427646
427647
427651
427652
427653
427654
427655
427656
427657
427661
427662
427663
427664
427665
427666
427667
427671
427672
427673
427674
427675
427676
427677
427711
427712
427713
427714
427715
427716
427717
427721
427722
427723
427724
427725
427726
427727
427731
427732
427733
427734
427735
427736
427737
427741
427742
427743
427744
427745
427746
427747
427756
427765
427771
427772
427773
427774
427775
427776
427777
431111
431112
431113
431114
431115
431116
431117
431121
431122
431123
431124
431125
431126
431127
431131
431132
431133
431134
431135
431136
431137
431141
431142
431143
431144
431145
431146
431147
431151
431152
431153
431154
431155
431156
431157
431161
431162
431163
431164
431165
431166
431167
431171
431172
431173
431174
431175
431176
431177
431211
431212
431213
431214
431215
431216
431217
431221
431222
431223
431224
431225
431226
431227
431231
431232
431233
431234
431235
431236
431237
431241
431242
431243
431244
431245
431246
431247
431251
431252
431253
431254
431255
431256
431257
431261
431262
431263
431264
431265
431266
431267
431271
431272
431273
431274
431275
431276
431277
431311
431312
431314
431315
431316
431317
431321
431322
431324
431325
431326
431327
431331
431332
431333
431334
431335
431336
431337
431341
431342
431344
431345
431346
431347
431351
431352
431354
431355
431356
431357
431361
431362
431364
431365
431366
431367
431371
431372
431374
431375
431376
431377
431411
431412
431413
431414
431415
431416
431417
431421
431422
431423
431424
431425
431426
431427
431431
431432
431433
431434
431435
431436
431437
431441
431442
431443
431444
431445
431446
431447
431451
431452
431453
431454
431455
431456
431457
431461
431462
431463
431464
431465
431466
431467
431471
431472
431473
431474
431475
431476
431477
431511
431512
431513
431514
431515
431516
431517
431521
431522
431523
431524
431525
431526
431527
431531
431532
431533
431534
431535
431536
431537
431541
431542
431543
431544
431545
431546
431547
431551
431552
431553
431554
431555
431556
431557
431561
431562
431563
431564
431565
431566
431567
431571
431572
431573
431574
431575
431576
431577
431611
431612
431613
431614
431615
431616
431617
431621
431622
431623
431624
431625
431626
431627
431631
431632
431633
431634
431635
431636
431637
431641
431642
431643
431644
431645
431646
431647
431651
431652
431653
431654
431655
431656
431657
431661
431662
431663
431664
431665
431666
431667
431671
431672
431673
431674
431675
431676
431677
431711
431712
431713
431714
431715
431716
431717
431721
431722
431723
431724
431725
431726
431727
431731
431732
431733
431734
431735
431736
431737
431741
431742
431743
431744
431745
431746
431747
431751
431752
431753
431754
431755
431756
431757
431761
431762
431763
431764
431765
431766
431767
431771
431772
431773
431774
431775
431776
431777
432111
432112
432113
432114
432115
432116
432117
432121
432122
432123
432124
432125
432126
432127
432131
432132
432133
432134
432135
432136
432137
432141
432142
432143
432144
432145
432146
432147
432151
432152
432153
432154
432155
432156
432157
432161
432162
432163
432164
432165
432166
432167
432171
432172
432173
432174
432175
432176
432177
432211
432212
432213
432214
432215
432216
432217
432221
432222
432223
432224
432225
432226
432227
432231
432232
432233
432234
432235
432236
432237
432241
432242
432243
432244
432245
432246
432247
432251
432252
432253
432254
432255
432256
432257
432261
432262
432263
432264
432265
432266
432267
432271
432272
432273
432274
432275
432276
432277
432311
432312
432314
432315
432316
432317
432321
432322
432324
432325
432326
432327
432331
432332
432333
432334
432335
432336
432337
432341
432342
432344
432345
432346
432347
432351
432352
432354
432355
432356
432357
432361
432362
432364
432365
432366
432367
432371
432372
432374
432375
432376
432377
432411
432412
432413
432414
432415
432416
432417
432421
432422
432423
432424
432425
432426
432427
432431
432432
432433
432434
432435
432436
432437
432441
432442
432443
432444
432445
432446
432447
432451
432452
432453
432454
432455
432456
432457
432461
432462
432463
432464
432465
432466
432467
432471
432472
432473
432474
432475
432476
432477
432511
432512
432513
432514
432515
432516
432517
432521
432522
432523
432524
432525
432526
432527
432531
432532
432533
432534
432535
432536
432537
432541
432542
432543
432544
432545
432546
432547
432551
432552
432553
432554
432555
432556
432557
432561
432562
432563
432564
432565
432566
432567
432571
432572
432573
432574
432575
432576
432577
432611
432612
432613
432614
432615
432616
432617
432621
432622
432623
432624
432625
432626
432627
432631
432632
432633
432634
432635
432636
432637
432641
432642
432643
432644
432645
432646
432647
432651
432652
432653
432654
432655
432656
432657
432661
432662
432663
432664
432665
432666
432667
432671
432672
432673
432674
432675
432676
432677
432711
432712
432713
432714
432715
432716
432717
432721
432722
432723
432724
432725
432726
432727
432731
432732
432733
432734
432735
432736
432737
432741
432742
432743
432744
432745
432746
432747
432751
432752
432753
432754
432755
432756
432757
432761
432762
432763
432764
432765
432766
432767
432771
432772
432773
432774
432775
432776
432777
433111
433112
433113
433114
433115
433116
433117
433121
433122
433123
433124
433125
433126
433127
433131
433132
433133
433134
433135
433136
433137
433141
433142
433143
433144
433145
433146
433147
433151
433152
433153
433154
433155
433156
433157
433161
433162
433163
433164
433165
433166
433167
433171
433172
433173
433174
433175
433176
433177
433211
433212
433213
433214
433215
433216
433217
433221
433222
433223
433224
433225
433226
433227
433231
433232
433233
433234
433235
433236
433237
433241
433242
433243
433244
433245
433246
433247
433251
433252
433253
433254
433255
433256
433257
433261
433262
433263
433264
433265
433266
433267
433271
433272
433273
433274
433275
433276
433277
433311
433312
433313
433314
433315
433316
433317
433321
433322
433323
433324
433325
433326
433327
433331
433332
433333
433334
433335
433336
433337
433341
433342
433343
433344
433345
433346
433347
433351
433352
433353
433354
433355
433356
433357
433361
433362
433363
433364
433365
433366
433367
433371
433372
433373
433374
433375
433376
433377
433411
433412
433413
433414
433415
433416
433417
433421
433422
433423
433424
433425
433426
433427
433431
433432
433433
433434
433435
433436
433437
433441
433442
433443
433444
433445
433446
433447
433451
433452
433453
433454
433455
433456
433457
433461
433462
433463
433464
433465
433466
433467
433471
433472
433473
433474
433475
433476
433477
433511
433512
433513
433514
433515
433516
433517
433521
433522
433523
433524
433525
433526
433527
433531
433532
433533
433534
433535
433536
433537
433541
433542
433543
433544
433545
433546
433547
433551
433552
433553
433554
433555
433556
433557
433561
433562
433563
433564
433565
433566
433567
433571
433572
433573
433574
433575
433576
433577
433611
433612
433613
433614
433615
433616
433617
433621
433622
433623
433624
433625
433626
433627
433631
433632
433633
433634
433635
433636
433637
433641
433642
433643
433644
433645
433646
433647
433651
433652
433653
433654
433655
433656
433657
433661
433662
433663
433664
433665
433666
433667
433671
433672
433673
433674
433675
433676
433677
433711
433712
433713
433714
433715
433716
433717
433721
433722
433723
433724
433725
433726
433727
433731
433732
433733
433734
433735
433736
433737
433741
433742
433743
433744
433745
433746
433747
433751
433752
433753
433754
433755
433756
433757
433761
433762
433763
433764
433765
433766
433767
433771
433772
433773
433774
433775
433776
433777
434111
434112
434113
434114
434115
434116
434117
434121
434122
434123
434124
434125
434126
434127
434131
434132
434133
434134
434135
434136
434137
434144
434151
434152
434153
434154
434155
434156
434157
434161
434162
434163
434164
434165
434166
434167
434171
434172
434173
434174
434175
434176
434177
434211
434212
434213
434214
434215
434216
434217
434221
434222
434223
434224
434225
434226
434227
434231
434232
434233
434234
434235
434236
434237
434244
434251
434252
434253
434254
434255
434256
434257
434261
434262
434263
434264
434265
434266
434267
434271
434272
434273
434274
434275
434276
434277
434311
434312
434314
434315
434316
434317
434321
434322
434324
434325
434326
434327
434331
434332
434333
434334
434335
434336
434337
434344
434351
434352
434354
434355
434356
434357
434361
434362
434364
434365
434366
434367
434371
434372
434374
434375
434376
434377
434411
434412
434413
434414
434415
434416
434417
434421
434422
434423
434424
434425
434426
434427
434431
434432
434433
434434
434435
434436
434437
434441
434442
434443
434444
434445
434446
434447
434451
434452
434453
434454
434455
434456
434457
434461
434462
434463
434464
434465
434466
434467
434471
434472
434473
434474
434475
434476
434477
434511
434512
434513
434514
434515
434516
434517
434521
434522
434523
434524
434525
434526
434527
434531
434532
434533
434534
434535
434536
434537
434544
434551
434552
434553
434554
434555
434556
434557
434561
434562
434563
434564
434565
434566
434567
434571
434572
434573
434574
434575
434576
434577
434611
434612
434613
434614
434615
434616
434617
434621
434622
434623
434624
434625
434626
434627
434631
434632
434633
434634
434635
434636
434637
434644
434651
434652
434653
434654
434655
434656
434657
434661
434662
434663
434664
434665
434666
434667
434671
434672
434673
434674
434675
434676
434677
434711
434712
434713
434714
434715
434716
434717
434721
434722
434723
434724
434725
434726
434727
434731
434732
434733
434734
434735
434736
434737
434744
434751
434752
434753
434754
434755
434756
434757
434761
434762
434763
434764
434765
434766
434767
434771
434772
434773
434774
434775
434776
434777
435111
435112
435113
435114
435115
435116
435117
435121
435122
435123
435124
435125
435126
435127
435131
435132
435133
435134
435135
435136
435137
435141
435142
435143
435144
435145
435146
435147
435151
435152
435153
435154
435155
435156
435157
435167
435176
435211
435212
435213
435214
435215
435216
435217
435221
435222
435223
435224
435225
435226
435227
435231
435232
435233
435234
435235
435236
435237
435241
435242
435243
435244
435245
435246
435247
435251
435252
435253
435254
435255
435256
435257
435267
435276
435311
435312
435314
435315
435316
435317
435321
435322
435324
435325
435326
435327
435331
435332
435333
435334
435335
435336
435337
435341
435342
435344
435345
435346
435347
435351
435352
435354
435355
435356
435357
435367
435376
435411
435412
435413
435414
435415
435416
435417
435421
435422
435423
435424
435425
435426
435427
435431
435432
435433
435434
435435
435436
435437
435441
435442
435443
435444
435445
435446
435447
435451
435452
435453
435454
435455
435456
435457
435467
435476
435511
435512
435513
435514
435515
435516
435517
435521
435522
435523
435524
435525
435526
435527
435531
435532
435533
435534
435535
435536
435537
435541
435542
435543
435544
435545
435546
435547
435551
435552
435553
435554
435555
435556
435557
435567
435576
435611
435612
435613
435614
435615
435616
435617
435621
435622
435623
435624
435625
435626
435627
435631
435632
435633
435634
435635
435636
435637
435641
435642
435643
435644
435645
435646
435647
435651
435652
435653
435654
435655
435656
435657
435661
435662
435663
435664
435665
435666
435667
435671
435672
435673
435674
435675
435676
435677
435711
435712
435713
435714
435715
435716
435717
435721
435722
435723
435724
435725
435726
435727
435731
435732
435733
435734
435735
435736
435737
435741
435742
435743
435744
435745
435746
435747
435751
435752
435753
435754
435755
435756
435757
435761
435762
435763
435764
435765
435766
435767
435771
435772
435773
435774
435775
435776
435777
436111
436112
436113
436114
436115
436116
436117
436121
436122
436123
436124
436125
436126
436127
436131
436132
436133
436134
436135
436136
436137
436141
436142
436143
436144
436145
436146
436147
436157
436161
436162
436163
436164
436165
436166
436167
436175
436211
436212
436213
436214
436215
436216
436217
436221
436222
436223
436224
436225
436226
436227
436231
436232
436233
436234
436235
436236
436237
436241
436242
436243
436244
436245
436246
436247
436257
436261
436262
436263
436264
436265
436266
436267
436275
436311
436312
436314
436315
436316
436317
436321
436322
436324
436325
436326
436327
436331
436332
436333
436334
436335
436336
436337
436341
436342
436344
436345
436346
436347
436357
436361
436362
436364
436365
436366
436367
436375
436411
436412
436413
436414
436415
436416
436417
436421
436422
436423
436424
436425
436426
436427
436431
436432
436433
436434
436435
436436
436437
436441
436442
436443
436444
436445
436446
436447
436457
436461
436462
436463
436464
436465
436466
436467
436475
436511
436512
436513
436514
436515
436516
436517
436521
436522
436523
436524
436525
436526
436527
436531
436532
436533
436534
436535
436536
436537
436541
436542
436543
436544
436545
436546
436547
436551
436552
436553
436554
436555
436556
436557
436561
436562
436563
436564
436565
436566
436567
436571
436572
436573
436574
436575
436576
436577
436611
436612
436613
436614
436615
436616
436617
436621
436622
436623
436624
436625
436626
436627
436631
436632
436633
436634
436635
436636
436637
436641
436642
436643
436644
436645
436646
436647
436657
436661
436662
436663
436664
436665
436666
436667
436675
436711
436712
436713
436714
436715
436716
436717
436721
436722
436723
436724
436725
436726
436727
436731
436732
436733
436734
436735
436736
436737
436741
436742
436743
436744
436745
436746
436747
436751
436752
436753
436754
436755
436756
436757
436761
436762
436763
436764
436765
436766
436767
436771
436772
436773
436774
436775
436776
436777
437111
437112
437113
437114
437115
437116
437117
437121
437122
437123
437124
437125
437126
437127
437131
437132
437133
437134
437135
437136
437137
437141
437142
437143
437144
437145
437146
437147
437156
437165
437171
437172
437173
437174
437175
437176
437177
437211
437212
437213
437214
437215
437216
437217
437221
437222
437223
437224
437225
437226
437227
437231
437232
437233
437234
437235
437236
437237
437241
437242
437243
437244
437245
437246
437247
437256
437265
437271
437272
437273
437274
437275
437276
437277
437311
437312
437314
437315
437316
437317
437321
437322
437324
437325
437326
437327
437331
437332
437333
437334
437335
437336
437337
437341
437342
437344
437345
437346
437347
437356
437365
437371
437372
437374
437375
437376
437377
437411
437412
437413
437414
437415
437416
437417
437421
437422
437423
437424
437425
437426
437427
437431
437432
437433
437434
437435
437436
437437
437441
437442
437443
437444
437445
437446
437447
437456
437465
437471
437472
437473
437474
437475
437476
437477
437511
437512
437513
437514
437515
437516
437517
437521
437522
437523
437524
437525
437526
437527
437531
437532
437533
437534
437535
437536
437537
437541
437542
437543
437544
437545
437546
437547
437551
437552
437553
437554
437555
437556
437557
437561
437562
437563
437564
437565
437566
437567
437571
437572
437573
437574
437575
437576
437577
437611
437612
437613
437614
437615
437616
437617
437621
437622
437623
437624
437625
437626
437627
437631
437632
437633
437634
437635
437636
437637
437641
437642
437643
437644
437645
437646
437647
437651
437652
437653
437654
437655
437656
437657
437661
437662
437663
437664
437665
437666
437667
437671
437672
437673
437674
437675
437676
437677
437711
437712
437713
437714
437715
437716
437717
437721
437722
437723
437724
437725
437726
437727
437731
437732
437733
437734
437735
437736
437737
437741
437742
437743
437744
437745
437746
437747
437756
437765
437771
437772
437773
437774
437775
437776
437777
441111
441112
441113
441114
441115
441116
441117
441123
441132
441141
441142
441143
441144
441145
441146
441147
441151
441152
441153
441154
441155
441156
441157
441161
441162
441163
441164
441165
441166
441167
441171
441172
441173
441174
441175
441176
441177
441211
441212
441213
441214
441215
441216
441217
441221
441222
441223
441224
441225
441226
441227
441231
441232
441233
441234
441235
441236
441237
441241
441242
441243
441244
441245
441246
441247
441251
441252
441253
441254
441255
441256
441257
441261
441262
441263
441264
441265
441266
441267
441271
441272
441273
441274
441275
441276
441277
441311
441312
441313
441314
441315
441316
441317
441321
441322
441323
441324
441325
441326
441327
441331
441332
441333
441334
441335
441336
441337
441341
441342
441343
441344
441345
441346
441347
441351
441352
441353
441354
441355
441356
441357
441361
441362
441363
441364
441365
441366
441367
441371
441372
441373
441374
441375
441376
441377
441411
441412
441413
441415
441416
441417
441423
441432
441441
441442
441443
441444
441445
441446
441447
441451
441452
441453
441455
441456
441457
441461
441462
441463
441465
441466
441467
441471
441472
441473
441475
441476
441477
441511
441512
441513
441514
441515
441516
441517
441523
441532
441541
441542
441543
441544
441545
441546
441547
441551
441552
441553
441554
441555
441556
441557
441561
441562
441563
441564
441565
441566
441567
441571
441572
441573
441574
441575
441576
441577
441611
441612
441613
441614
441615
441616
441617
441623
441632
441641
441642
441643
441644
441645
441646
441647
441651
441652
441653
441654
441655
441656
441657
441661
441662
441663
441664
441665
441666
441667
441671
441672
441673
441674
441675
441676
441677
441711
441712
441713
441714
441715
441716
441717
441723
441732
441741
441742
441743
441744
441745
441746
441747
441751
441752
441753
441754
441755
441756
441757
441761
441762
441763
441764
441765
441766
441767
441771
441772
441773
441774
441775
441776
441777
442111
442112
442113
442114
442115
442116
442117
442121
442122
442123
442124
442125
442126
442127
442135
442141
442142
442143
442144
442145
442146
442147
442153
442161
442162
442163
442164
442165
442166
442167
442171
442172
442173
442174
442175
442176
442177
442213
442221
442222
442223
442224
442225
442226
442227
442241
442242
442243
442244
442245
442246
442247
442253
442261
442262
442263
442264
442265
442266
442267
442271
442272
442273
442274
442275
442276
442277
442311
442312
442313
442314
442315
442316
442317
442321
442322
442323
442324
442325
442326
442327
442331
442332
442333
442334
442335
442336
442337
442341
442342
442343
442344
442345
442346
442347
442351
442352
442353
442354
442355
442356
442357
442361
442362
442363
442364
442365
442366
442367
442371
442372
442373
442374
442375
442376
442377
442413
442421
442422
442423
442425
442426
442427
442441
442442
442443
442444
442445
442446
442447
442453
442461
442462
442463
442465
442466
442467
442471
442472
442473
442475
442476
442477
442513
442521
442522
442523
442524
442525
442526
442527
442531
442541
442542
442543
442544
442545
442546
442547
442551
442552
442553
442554
442555
442556
442557
442561
442562
442563
442564
442565
442566
442567
442571
442572
442573
442574
442575
442576
442577
442613
442621
442622
442623
442624
442625
442626
442627
442641
442642
442643
442644
442645
442646
442647
442653
442661
442662
442663
442664
442665
442666
442667
442671
442672
442673
442674
442675
442676
442677
442713
442721
442722
442723
442724
442725
442726
442727
442741
442742
442743
442744
442745
442746
442747
442753
442761
442762
442763
442764
442765
442766
442767
442771
442772
442773
442774
442775
442776
442777
443111
443112
443113
443114
443115
443116
443117
443125
443131
443132
443133
443134
443135
443136
443137
443141
443142
443143
443144
443145
443146
443147
443165
443171
443172
443173
443174
443175
443176
443177
443211
443212
443213
443214
443215
443216
443217
443221
443222
443223
443224
443225
443226
443227
443231
443232
443233
443234
443235
443236
443237
443241
443242
443243
443244
443245
443246
443247
443256
443265
443271
443272
443273
443274
443275
443276
443277
443312
443331
443332
443333
443334
443335
443336
443337
443341
443342
443343
443344
443345
443346
443347
443365
443371
443372
443373
443374
443375
443376
443377
443412
443431
443432
443433
443435
443436
443437
443441
443442
443443
443444
443445
443446
443447
443465
443471
443472
443473
443475
443476
443477
443512
443521
443531
443532
443533
443534
443535
443536
443537
443541
443542
443543
443544
443545
443546
443547
443551
443552
443553
443554
443555
443556
443557
443561
443562
443563
443564
443565
443566
443567
443571
443572
443573
443574
443575
443576
443577
443612
443631
443632
443633
443634
443635
443636
443637
443641
443642
443643
443644
443645
443646
443647
443652
443661
443662
443663
443664
443665
443666
443667
443671
443672
443673
443674
443675
443676
443677
443712
443731
443732
443733
443734
443735
443736
443737
443741
443742
443743
443744
443745
443746
443747
443765
443771
443772
443773
443774
443775
443776
443777
444111
444112
444113
444114
444115
444116
444117
444121
444122
444123
444124
444125
444126
444127
444131
444132
444133
444134
444135
444136
444137
444141
444142
444143
444144
444145
444146
444147
444151
444152
444153
444154
444155
444156
444157
444161
444162
444163
444164
444165
444166
444167
444171
444172
444173
444174
444175
444176
444177
444211
444212
444213
444214
444215
444216
444217
444221
444222
444223
444224
444225
444226
444227
444231
444232
444233
444234
444235
444236
444237
444241
444242
444243
444244
444245
444246
444247
444251
444252
444253
444254
444255
444256
444257
444261
444262
444263
444264
444265
444266
444267
444271
444272
444273
444274
444275
444276
444277
444311
444312
444313
444314
444315
444316
444317
444321
444322
444323
444324
444325
444326
444327
444331
444332
444333
444334
444335
444336
444337
444341
444342
444343
444344
444345
444346
444347
444351
444352
444353
444354
444355
444356
444357
444361
444362
444363
444364
444365
444366
444367
444371
444372
444373
444374
444375
444376
444377
444411
444412
444413
444414
444415
444416
444417
444421
444422
444423
444424
444425
444426
444427
444431
444432
444433
444434
444435
444436
444437
444441
444442
444443
444444
444445
444446
444447
444451
444452
444453
444454
444455
444456
444457
444461
444462
444463
444464
444465
444466
444467
444471
444472
444473
444474
444475
444476
444477
444511
444512
444513
444514
444515
444516
444517
444521
444522
444523
444524
444525
444526
444527
444531
444532
444533
444534
444535
444536
444537
444541
444542
444543
444544
444545
444546
444547
444551
444552
444553
444554
444555
444556
444557
444561
444562
444563
444564
444565
444566
444567
444571
444572
444573
444574
444575
444576
444577
444611
444612
444613
444614
444615
444616
444617
444621
444622
444623
444624
444625
444626
444627
444631
444632
444633
444634
444635
444636
444637
444641
444642
444643
444644
444645
444646
444647
444651
444652
444653
444654
444655
444656
444657
444661
444662
444663
444664
444665
444666
444667
444671
444672
444673
444674
444675
444676
444677
444711
444712
444713
444714
444715
444716
444717
444721
444722
444723
444724
444725
444726
444727
444731
444732
444733
444734
444735
444736
444737
444741
444742
444743
444744
444745
444746
444747
444751
444752
444753
444754
444755
444756
444757
444761
444762
444763
444764
444765
444766
444767
444771
444772
444773
444774
444775
444776
444777
445111
445112
445113
445114
445115
445116
445117
445123
445141
445142
445143
445144
445145
445146
445147
445151
445152
445153
445154
445155
445156
445157
445176
445211
445212
445213
445214
445215
445216
445217
445221
445222
445223
445224
445225
445226
445227
445236
445241
445242
445243
445244
445245
445246
445247
445251
445252
445253
445254
445255
445256
445257
445276
445311
445312
445313
445314
445315
445316
445317
445321
445322
445323
445324
445325
445326
445327
445331
445332
445333
445334
445335
445336
445337
445341
445342
445343
445344
445345
445346
445347
445351
445352
445353
445354
445355
445356
445357
445367
445376
445411
445412
445413
445415
445416
445417
445423
445441
445442
445443
445444
445445
445446
445447
445451
445452
445453
445455
445456
445457
445476
445511
445512
445513
445514
445515
445516
445517
445523
445541
445542
445543
445544
445545
445546
445547
445551
445552
445553
445554
445555
445556
445557
445576
445611
445612
445613
445614
445615
445616
445617
445623
445632
445641
445642
445643
445644
445645
445646
445647
445651
445652
445653
445654
445655
445656
445657
445661
445662
445663
445664
445665
445666
445667
445671
445672
445673
445674
445675
445676
445677
445711
445712
445713
445714
445715
445716
445717
445723
445741
445742
445743
445744
445745
445746
445747
445751
445752
445753
445754
445755
445756
445757
445763
445771
445772
445773
445774
445775
445776
445777
446111
446112
446113
446114
446115
446116
446117
446121
446122
446123
446124
446125
446126
446127
446135
446141
446142
446143
446144
446145
446146
446147
446161
446162
446163
446164
446165
446166
446167
446175
446211
446212
446213
446214
446215
446216
446217
446221
446222
446223
446224
446225
446226
446227
446235
446241
446242
446243
446244
446245
446246
446247
446261
446262
446263
446264
446265
446266
446267
446275
446311
446312
446313
446314
446315
446316
446317
446321
446322
446323
446324
446325
446326
446327
446331
446332
446333
446334
446335
446336
446337
446341
446342
446343
446344
446345
446346
446347
446357
446361
446362
446363
446364
446365
446366
446367
446375
446411
446412
446413
446415
446416
446417
446421
446422
446423
446425
446426
446427
446435
446441
446442
446443
446444
446445
446446
446447
446461
446462
446463
446465
446466
446467
446475
446511
446512
446513
446514
446515
446516
446517
446521
446522
446523
446524
446525
446526
446527
446531
446532
446533
446534
446535
446536
446537
446541
446542
446543
446544
446545
446546
446547
446551
446552
446553
446554
446555
446556
446557
446561
446562
446563
446564
446565
446566
446567
446571
446572
446573
446574
446575
446576
446577
446611
446612
446613
446614
446615
446616
446617
446621
446622
446623
446624
446625
446626
446627
446635
446641
446642
446643
446644
446645
446646
446647
446661
446662
446663
446664
446665
446666
446667
446675
446711
446712
446713
446714
446715
446716
446717
446721
446722
446723
446724
446725
446726
446727
446735
446741
446742
446743
446744
446745
446746
446747
446753
446761
446762
446763
446764
446765
446766
446767
446771
446772
446773
446774
446775
446776
446777
447111
447112
447113
447114
447115
447116
447117
447121
447122
447123
447124
447125
447126
447127
447131
447132
447133
447134
447135
447136
447137
447141
447142
447143
447144
447145
447146
447147
447156
447165
447171
447172
447173
447174
447175
447176
447177
447211
447212
447213
447214
447215
447216
447217
447221
447222
447223
447224
447225
447226
447227
447231
447232
447233
447234
447235
447236
447237
447241
447242
447243
447244
447245
447246
447247
447256
447265
447271
447272
447273
447274
447275
447276
447277
447311
447312
447313
447314
447315
447316
447317
447321
447322
447323
447324
447325
447326
447327
447331
447332
447333
447334
447335
447336
447337
447341
447342
447343
447344
447345
447346
447347
447356
447365
447371
447372
447373
447374
447375
447376
447377
447411
447412
447413
447415
447416
447417
447421
447422
447423
447425
447426
447427
447431
447432
447433
447435
447436
447437
447441
447442
447443
447444
447445
447446
447447
447456
447465
447471
447472
447473
447475
447476
447477
447511
447512
447513
447514
447515
447516
447517
447521
447522
447523
447524
447525
447526
447527
447531
447532
447533
447534
447535
447536
447537
447541
447542
447543
447544
447545
447546
447547
447551
447552
447553
447554
447555
447556
447557
447561
447562
447563
447564
447565
447566
447567
447571
447572
447573
447574
447575
447576
447577
447611
447612
447613
447614
447615
447616
447617
447621
447622
447623
447624
447625
447626
447627
447631
447632
447633
447634
447635
447636
447637
447641
447642
447643
447644
447645
447646
447647
447651
447652
447653
447654
447655
447656
447657
447661
447662
447663
447664
447665
447666
447667
447671
447672
447673
447674
447675
447676
447677
447711
447712
447713
447714
447715
447716
447717
447721
447722
447723
447724
447725
447726
447727
447731
447732
447733
447734
447735
447736
447737
447741
447742
447743
447744
447745
447746
447747
447756
447765
447771
447772
447773
447774
447775
447776
447777
451111
451112
451113
451114
451115
451116
451117
451123
451132
451141
451142
451143
451144
451145
451146
451147
451151
451152
451153
451154
451155
451156
451157
451161
451162
451163
451164
451165
451166
451167
451171
451172
451173
451174
451175
451176
451177
451211
451212
451213
451214
451215
451216
451217
451221
451222
451223
451224
451225
451226
451227
451231
451232
451233
451234
451235
451236
451237
451241
451242
451243
451244
451245
451246
451247
451251
451252
451253
451254
451255
451256
451257
451261
451262
451263
451264
451265
451266
451267
451271
451272
451273
451274
451275
451276
451277
451311
451312
451313
451314
451315
451316
451317
451321
451322
451323
451324
451325
451326
451327
451331
451332
451333
451334
451335
451336
451337
451341
451342
451343
451344
451345
451346
451347
451351
451352
451353
451354
451355
451356
451357
451361
451362
451363
451364
451365
451366
451367
451371
451372
451373
451374
451375
451376
451377
451411
451412
451413
451414
451415
451416
451417
451423
451432
451441
451442
451443
451444
451445
451446
451447
451451
451452
451453
451454
451455
451456
451457
451461
451462
451463
451464
451465
451466
451467
451471
451472
451473
451474
451475
451476
451477
451511
451512
451513
451514
451516
451517
451523
451532
451541
451542
451543
451544
451546
451547
451551
451552
451553
451554
451555
451556
451557
451561
451562
451563
451564
451566
451567
451571
451572
451573
451574
451576
451577
451611
451612
451613
451614
451615
451616
451617
451623
451632
451641
451642
451643
451644
451645
451646
451647
451651
451652
451653
451654
451655
451656
451657
451661
451662
451663
451664
451665
451666
451667
451671
451672
451673
451674
451675
451676
451677
451711
451712
451713
451714
451715
451716
451717
451723
451732
451741
451742
451743
451744
451745
451746
451747
451751
451752
451753
451754
451755
451756
451757
451761
451762
451763
451764
451765
451766
451767
451771
451772
451773
451774
451775
451776
451777
452111
452112
452113
452114
452115
452116
452117
452121
452122
452123
452124
452125
452126
452127
452131
452132
452133
452134
452135
452136
452137
452141
452142
452143
452144
452145
452146
452147
452151
452152
452153
452154
452155
452156
452157
452161
452162
452163
452164
452165
452166
452167
452171
452172
452173
452174
452175
452176
452177
452213
452221
452222
452223
452224
452225
452226
452227
452231
452241
452242
452243
452244
452245
452246
452247
452251
452252
452253
452254
452255
452256
452257
452261
452262
452263
452264
452265
452266
452267
452271
452272
452273
452274
452275
452276
452277
452311
452312
452313
452314
452315
452316
452317
452321
452322
452323
452324
452325
452326
452327
452331
452332
452333
452334
452335
452336
452337
452341
452342
452343
452344
452345
452346
452347
452351
452352
452353
452354
452355
452356
452357
452361
452362
452363
452364
452365
452366
452367
452371
452372
452373
452374
452375
452376
452377
452413
452421
452422
452423
452424
452425
452426
452427
452431
452441
452442
452443
452444
452445
452446
452447
452451
452452
452453
452454
452455
452456
452457
452461
452462
452463
452464
452465
452466
452467
452471
452472
452473
452474
452475
452476
452477
452513
452521
452522
452523
452524
452526
452527
452531
452541
452542
452543
452544
452546
452547
452551
452552
452553
452554
452555
452556
452557
452561
452562
452563
452564
452566
452567
452571
452572
452573
452574
452576
452577
452613
452621
452622
452623
452624
452625
452626
452627
452631
452641
452642
452643
452644
452645
452646
452647
452651
452652
452653
452654
452655
452656
452657
452661
452662
452663
452664
452665
452666
452667
452671
452672
452673
452674
452675
452676
452677
452713
452721
452722
452723
452724
452725
452726
452727
452731
452741
452742
452743
452744
452745
452746
452747
452751
452752
452753
452754
452755
452756
452757
452761
452762
452763
452764
452765
452766
452767
452771
452772
452773
452774
452775
452776
452777
453111
453112
453113
453114
453115
453116
453117
453121
453122
453123
453124
453125
453126
453127
453131
453132
453133
453134
453135
453136
453137
453141
453142
453143
453144
453145
453146
453147
453151
453152
453153
453154
453155
453156
453157
453161
453162
453163
453164
453165
453166
453167
453171
453172
453173
453174
453175
453176
453177
453211
453212
453213
453214
453215
453216
453217
453221
453222
453223
453224
453225
453226
453227
453231
453232
453233
453234
453235
453236
453237
453241
453242
453243
453244
453245
453246
453247
453251
453252
453253
453254
453255
453256
453257
453261
453262
453263
453264
453265
453266
453267
453271
453272
453273
453274
453275
453276
453277
453312
453321
453331
453332
453333
453334
453335
453336
453337
453341
453342
453343
453344
453345
453346
453347
453351
453352
453353
453354
453355
453356
453357
453361
453362
453363
453364
453365
453366
453367
453371
453372
453373
453374
453375
453376
453377
453412
453421
453431
453432
453433
453434
453435
453436
453437
453441
453442
453443
453444
453445
453446
453447
453451
453452
453453
453454
453455
453456
453457
453461
453462
453463
453464
453465
453466
453467
453471
453472
453473
453474
453475
453476
453477
453512
453521
453531
453532
453533
453534
453536
453537
453541
453542
453543
453544
453546
453547
453551
453552
453553
453554
453555
453556
453557
453561
453562
453563
453564
453566
453567
453571
453572
453573
453574
453576
453577
453612
453621
453631
453632
453633
453634
453635
453636
453637
453641
453642
453643
453644
453645
453646
453647
453651
453652
453653
453654
453655
453656
453657
453661
453662
453663
453664
453665
453666
453667
453671
453672
453673
453674
453675
453676
453677
453712
453721
453731
453732
453733
453734
453735
453736
453737
453741
453742
453743
453744
453745
453746
453747
453751
453752
453753
453754
453755
453756
453757
453761
453762
453763
453764
453765
453766
453767
453771
453772
453773
453774
453775
453776
453777
454111
454112
454113
454114
454115
454116
454117
454121
454122
454123
454124
454125
454126
454127
454131
454132
454133
454134
454135
454136
454137
454144
454151
454152
454153
454154
454155
454156
454157
454161
454162
454163
454164
454165
454166
454167
454171
454172
454173
454174
454175
454176
454177
454211
454212
454213
454214
454215
454216
454217
454221
454222
454223
454224
454225
454226
454227
454231
454232
454233
454234
454235
454236
454237
454244
454251
454252
454253
454254
454255
454256
454257
454261
454262
454263
454264
454265
454266
454267
454271
454272
454273
454274
454275
454276
454277
454311
454312
454313
454314
454315
454316
454317
454321
454322
454323
454324
454325
454326
454327
454331
454332
454333
454334
454335
454336
454337
454344
454351
454352
454353
454354
454355
454356
454357
454361
454362
454363
454364
454365
454366
454367
454371
454372
454373
454374
454375
454376
454377
454411
454412
454413
454414
454415
454416
454417
454421
454422
454423
454424
454425
454426
454427
454431
454432
454433
454434
454435
454436
454437
454441
454442
454443
454444
454445
454446
454447
454451
454452
454453
454454
454455
454456
454457
454461
454462
454463
454464
454465
454466
454467
454471
454472
454473
454474
454475
454476
454477
454511
454512
454513
454514
454516
454517
454521
454522
454523
454524
454526
454527
454531
454532
454533
454534
454536
454537
454544
454551
454552
454553
454554
454555
454556
454557
454561
454562
454563
454564
454566
454567
454571
454572
454573
454574
454576
454577
454611
454612
454613
454614
454615
454616
454617
454621
454622
454623
454624
454625
454626
454627
454631
454632
454633
454634
454635
454636
454637
454644
454651
454652
454653
454654
454655
454656
454657
454661
454662
454663
454664
454665
454666
454667
454671
454672
454673
454674
454675
454676
454677
454711
454712
454713
454714
454715
454716
454717
454721
454722
454723
454724
454725
454726
454727
454731
454732
454733
454734
454735
454736
454737
454744
454751
454752
454753
454754
454755
454756
454757
454761
454762
454763
454764
454765
454766
454767
454771
454772
454773
454774
454775
454776
454777
455111
455112
455113
455114
455115
455116
455117
455121
455122
455123
455124
455125
455126
455127
455131
455132
455133
455134
455135
455136
455137
455141
455142
455143
455144
455145
455146
455147
455151
455152
455153
455154
455155
455156
455157
455161
455162
455163
455164
455165
455166
455167
455171
455172
455173
455174
455175
455176
455177
455211
455212
455213
455214
455215
455216
455217
455221
455222
455223
455224
455225
455226
455227
455231
455232
455233
455234
455235
455236
455237
455241
455242
455243
455244
455245
455246
455247
455251
455252
455253
455254
455255
455256
455257
455261
455262
455263
455264
455265
455266
455267
455271
455272
455273
455274
455275
455276
455277
455311
455312
455313
455314
455315
455316
455317
455321
455322
455323
455324
455325
455326
455327
455331
455332
455333
455334
455335
455336
455337
455341
455342
455343
455344
455345
455346
455347
455351
455352
455353
455354
455355
455356
455357
455361
455362
455363
455364
455365
455366
455367
455371
455372
455373
455374
455375
455376
455377
455411
455412
455413
455414
455415
455416
455417
455421
455422
455423
455424
455425
455426
455427
455431
455432
455433
455434
455435
455436
455437
455441
455442
455443
455444
455445
455446
455447
455451
455452
455453
455454
455455
455456
455457
455461
455462
455463
455464
455465
455466
455467
455471
455472
455473
455474
455475
455476
455477
455511
455512
455513
455514
455515
455516
455517
455521
455522
455523
455524
455525
455526
455527
455531
455532
455533
455534
455535
455536
455537
455541
455542
455543
455544
455545
455546
455547
455551
455552
455553
455554
455555
455556
455557
455561
455562
455563
455564
455565
455566
455567
455571
455572
455573
455574
455575
455576
455577
455611
455612
455613
455614
455615
455616
455617
455621
455622
455623
455624
455625
455626
455627
455631
455632
455633
455634
455635
455636
455637
455641
455642
455643
455644
455645
455646
455647
455651
455652
455653
455654
455655
455656
455657
455661
455662
455663
455664
455665
455666
455667
455671
455672
455673
455674
455675
455676
455677
455711
455712
455713
455714
455715
455716
455717
455721
455722
455723
455724
455725
455726
455727
455731
455732
455733
455734
455735
455736
455737
455741
455742
455743
455744
455745
455746
455747
455751
455752
455753
455754
455755
455756
455757
455761
455762
455763
455764
455765
455766
455767
455771
455772
455773
455774
455775
455776
455777
456111
456112
456113
456114
456115
456116
456117
456121
456122
456123
456124
456125
456126
456127
456131
456132
456133
456134
456135
456136
456137
456141
456142
456143
456144
456145
456146
456147
456151
456152
456153
456154
456155
456156
456157
456161
456162
456163
456164
456165
456166
456167
456171
456172
456173
456174
456175
456176
456177
456211
456212
456213
456214
456215
456216
456217
456221
456222
456223
456224
456225
456226
456227
456231
456232
456233
456234
456235
456236
456237
456241
456242
456243
456244
456245
456246
456247
456251
456252
456253
456254
456255
456256
456257
456261
456262
456263
456264
456265
456266
456267
456271
456272
456273
456274
456275
456276
456277
456311
456312
456313
456314
456315
456316
456317
456321
456322
456323
456324
456325
456326
456327
456331
456332
456333
456334
456335
456336
456337
456341
456342
456343
456344
456345
456346
456347
456351
456352
456353
456354
456355
456356
456357
456361
456362
456363
456364
456365
456366
456367
456371
456372
456373
456374
456375
456376
456377
456411
456412
456413
456414
456415
456416
456417
456421
456422
456423
456424
456425
456426
456427
456431
456432
456433
456434
456435
456436
456437
456441
456442
456443
456444
456445
456446
456447
456451
456452
456453
456454
456455
456456
456457
456461
456462
456463
456464
456465
456466
456467
456471
456472
456473
456474
456475
456476
456477
456511
456512
456513
456514
456516
456517
456521
456522
456523
456524
456526
456527
456531
456532
456533
456534
456536
456537
456541
456542
456543
456544
456546
456547
456551
456552
456553
456554
456555
456556
456557
456561
456562
456563
456564
456566
456567
456571
456572
456573
456574
456576
456577
456611
456612
456613
456614
456615
456616
456617
456621
456622
456623
456624
456625
456626
456627
456631
456632
456633
456634
456635
456636
456637
456641
456642
456643
456644
456645
456646
456647
456651
456652
456653
456654
456655
456656
456657
456661
456662
456663
456664
456665
456666
456667
456671
456672
456673
456674
456675
456676
456677
456711
456712
456713
456714
456715
456716
456717
456721
456722
456723
456724
456725
456726
456727
456731
456732
456733
456734
456735
456736
456737
456741
456742
456743
456744
456745
456746
456747
456751
456752
456753
456754
456755
456756
456757
456761
456762
456763
456764
456765
456766
456767
456771
456772
456773
456774
456775
456776
456777
457111
457112
457113
457114
457115
457116
457117
457121
457122
457123
457124
457125
457126
457127
457131
457132
457133
457134
457135
457136
457137
457141
457142
457143
457144
457145
457146
457147
457151
457152
457153
457154
457155
457156
457157
457161
457162
457163
457164
457165
457166
457167
457171
457172
457173
457174
457175
457176
457177
457211
457212
457213
457214
457215
457216
457217
457221
457222
457223
457224
457225
457226
457227
457231
457232
457233
457234
457235
457236
457237
457241
457242
457243
457244
457245
457246
457247
457251
457252
457253
457254
457255
457256
457257
457261
457262
457263
457264
457265
457266
457267
457271
457272
457273
457274
457275
457276
457277
457311
457312
457313
457314
457315
457316
457317
457321
457322
457323
457324
457325
457326
457327
457331
457332
457333
457334
457335
457336
457337
457341
457342
457343
457344
457345
457346
457347
457351
457352
457353
457354
457355
457356
457357
457361
457362
457363
457364
457365
457366
457367
457371
457372
457373
457374
457375
457376
457377
457411
457412
457413
457414
457415
457416
457417
457421
457422
457423
457424
457425
457426
457427
457431
457432
457433
457434
457435
457436
457437
457441
457442
457443
457444
457445
457446
457447
457451
457452
457453
457454
457455
457456
457457
457461
457462
457463
457464
457465
457466
457467
457471
457472
457473
457474
457475
457476
457477
457511
457512
457513
457514
457516
457517
457521
457522
457523
457524
457526
457527
457531
457532
457533
457534
457536
457537
457541
457542
457543
457544
457546
457547
457551
457552
457553
457554
457555
457556
457557
457561
457562
457563
457564
457566
457567
457571
457572
457573
457574
457576
457577
457611
457612
457613
457614
457615
457616
457617
457621
457622
457623
457624
457625
457626
457627
457631
457632
457633
457634
457635
457636
457637
457641
457642
457643
457644
457645
457646
457647
457651
457652
457653
457654
457655
457656
457657
457661
457662
457663
457664
457665
457666
457667
457671
457672
457673
457674
457675
457676
457677
457711
457712
457713
457714
457715
457716
457717
457721
457722
457723
457724
457725
457726
457727
457731
457732
457733
457734
457735
457736
457737
457741
457742
457743
457744
457745
457746
457747
457751
457752
457753
457754
457755
457756
457757
457761
457762
457763
457764
457765
457766
457767
457771
457772
457773
457774
457775
457776
457777
461111
461112
461113
461114
461115
461116
461117
461123
461132
461141
461142
461143
461144
461145
461146
461147
461151
461152
461153
461154
461155
461156
461157
461161
461162
461163
461164
461165
461166
461167
461171
461172
461173
461174
461175
461176
461177
461211
461212
461213
461214
461215
461216
461217
461221
461222
461223
461224
461225
461226
461227
461231
461232
461233
461234
461235
461236
461237
461241
461242
461243
461244
461245
461246
461247
461251
461252
461253
461254
461255
461256
461257
461261
461262
461263
461264
461265
461266
461267
461271
461272
461273
461274
461275
461276
461277
461311
461312
461313
461314
461315
461316
461317
461321
461322
461323
461324
461325
461326
461327
461331
461332
461333
461334
461335
461336
461337
461341
461342
461343
461344
461345
461346
461347
461351
461352
461353
461354
461355
461356
461357
461361
461362
461363
461364
461365
461366
461367
461371
461372
461373
461374
461375
461376
461377
461411
461412
461413
461414
461415
461416
461417
461423
461432
461441
461442
461443
461444
461445
461446
461447
461451
461452
461453
461454
461455
461456
461457
461461
461462
461463
461464
461465
461466
461467
461471
461472
461473
461474
461475
461476
461477
461511
461512
461513
461514
461515
461516
461517
461523
461532
461541
461542
461543
461544
461545
461546
461547
461551
461552
461553
461554
461555
461556
461557
461561
461562
461563
461564
461565
461566
461567
461571
461572
461573
461574
461575
461576
461577
461611
461612
461613
461614
461615
461617
461623
461632
461641
461642
461643
461644
461645
461647
461651
461652
461653
461654
461655
461657
461661
461662
461663
461664
461665
461666
461667
461671
461672
461673
461674
461675
461677
461711
461712
461713
461714
461715
461716
461717
461723
461732
461741
461742
461743
461744
461745
461746
461747
461751
461752
461753
461754
461755
461756
461757
461761
461762
461763
461764
461765
461766
461767
461771
461772
461773
461774
461775
461776
461777
462111
462112
462113
462114
462115
462116
462117
462121
462122
462123
462124
462125
462126
462127
462135
462141
462142
462143
462144
462145
462146
462147
462153
462161
462162
462163
462164
462165
462166
462167
462171
462172
462173
462174
462175
462176
462177
462213
462221
462222
462223
462224
462225
462226
462227
462241
462242
462243
462244
462245
462246
462247
462253
462261
462262
462263
462264
462265
462266
462267
462271
462272
462273
462274
462275
462276
462277
462311
462312
462313
462314
462315
462316
462317
462321
462322
462323
462324
462325
462326
462327
462331
462332
462333
462334
462335
462336
462337
462341
462342
462343
462344
462345
462346
462347
462351
462352
462353
462354
462355
462356
462357
462361
462362
462363
462364
462365
462366
462367
462371
462372
462373
462374
462375
462376
462377
462413
462421
462422
462423
462424
462425
462426
462427
462441
462442
462443
462444
462445
462446
462447
462453
462461
462462
462463
462464
462465
462466
462467
462471
462472
462473
462474
462475
462476
462477
462513
462521
462522
462523
462524
462525
462526
462527
462531
462541
462542
462543
462544
462545
462546
462547
462551
462552
462553
462554
462555
462556
462557
462561
462562
462563
462564
462565
462566
462567
462571
462572
462573
462574
462575
462576
462577
462613
462621
462622
462623
462624
462625
462627
462641
462642
462643
462644
462645
462647
462653
462661
462662
462663
462664
462665
462666
462667
462671
462672
462673
462674
462675
462677
462713
462721
462722
462723
462724
462725
462726
462727
462741
462742
462743
462744
462745
462746
462747
462753
462761
462762
462763
462764
462765
462766
462767
462771
462772
462773
462774
462775
462776
462777
463111
463112
463113
463114
463115
463116
463117
463125
463131
463132
463133
463134
463135
463136
463137
463141
463142
463143
463144
463145
463146
463147
463152
463161
463162
463163
463164
463165
463166
463167
463171
463172
463173
463174
463175
463176
463177
463211
463212
463213
463214
463215
463216
463217
463221
463222
463223
463224
463225
463226
463227
463231
463232
463233
463234
463235
463236
463237
463241
463242
463243
463244
463245
463246
463247
463251
463252
463253
463254
463255
463256
463257
463261
463262
463263
463264
463265
463266
463267
463271
463272
463273
463274
463275
463276
463277
463312
463331
463332
463333
463334
463335
463336
463337
463341
463342
463343
463344
463345
463346
463347
463352
463361
463362
463363
463364
463365
463366
463367
463371
463372
463373
463374
463375
463376
463377
463412
463431
463432
463433
463434
463435
463436
463437
463441
463442
463443
463444
463445
463446
463447
463452
463461
463462
463463
463464
463465
463466
463467
463471
463472
463473
463474
463475
463476
463477
463512
463521
463531
463532
463533
463534
463535
463536
463537
463541
463542
463543
463544
463545
463546
463547
463551
463552
463553
463554
463555
463556
463557
463561
463562
463563
463564
463565
463566
463567
463571
463572
463573
463574
463575
463576
463577
463612
463631
463632
463633
463634
463635
463637
463641
463642
463643
463644
463645
463647
463652
463661
463662
463663
463664
463665
463666
463667
463671
463672
463673
463674
463675
463677
463712
463731
463732
463733
463734
463735
463736
463737
463741
463742
463743
463744
463745
463746
463747
463752
463761
463762
463763
463764
463765
463766
463767
463771
463772
463773
463774
463775
463776
463777
464111
464112
464113
464114
464115
464116
464117
464121
464122
464123
464124
464125
464126
464127
464131
464132
464133
464134
464135
464136
464137
464144
464151
464152
464153
464154
464155
464156
464157
464161
464162
464163
464164
464165
464166
464167
464171
464172
464173
464174
464175
464176
464177
464211
464212
464213
464214
464215
464216
464217
464221
464222
464223
464224
464225
464226
464227
464231
464232
464233
464234
464235
464236
464237
464244
464251
464252
464253
464254
464255
464256
464257
464261
464262
464263
464264
464265
464266
464267
464271
464272
464273
464274
464275
464276
464277
464311
464312
464313
464314
464315
464316
464317
464321
464322
464323
464324
464325
464326
464327
464331
464332
464333
464334
464335
464336
464337
464344
464351
464352
464353
464354
464355
464356
464357
464361
464362
464363
464364
464365
464366
464367
464371
464372
464373
464374
464375
464376
464377
464411
464412
464413
464414
464415
464416
464417
464421
464422
464423
464424
464425
464426
464427
464431
464432
464433
464434
464435
464436
464437
464441
464442
464443
464444
464445
464446
464447
464451
464452
464453
464454
464455
464456
464457
464461
464462
464463
464464
464465
464466
464467
464471
464472
464473
464474
464475
464476
464477
464511
464512
464513
464514
464515
464516
464517
464521
464522
464523
464524
464525
464526
464527
464531
464532
464533
464534
464535
464536
464537
464544
464551
464552
464553
464554
464555
464556
464557
464561
464562
464563
464564
464565
464566
464567
464571
464572
464573
464574
464575
464576
464577
464611
464612
464613
464614
464615
464617
464621
464622
464623
464624
464625
464627
464631
464632
464633
464634
464635
464637
464644
464651
464652
464653
464654
464655
464657
464661
464662
464663
464664
464665
464666
464667
464671
464672
464673
464674
464675
464677
464711
464712
464713
464714
464715
464716
464717
464721
464722
464723
464724
464725
464726
464727
464731
464732
464733
464734
464735
464736
464737
464744
464751
464752
464753
464754
464755
464756
464757
464761
464762
464763
464764
464765
464766
464767
464771
464772
464773
464774
464775
464776
464777
465111
465112
465113
465114
465115
465116
465117
465123
465132
465141
465142
465143
465144
465145
465146
465147
465151
465152
465153
465154
465155
465156
465157
465161
465162
465163
465164
465165
465166
465167
465171
465172
465173
465174
465175
465176
465177
465211
465212
465213
465214
465215
465216
465217
465221
465222
465223
465224
465225
465226
465227
465231
465232
465233
465234
465235
465236
465237
465241
465242
465243
465244
465245
465246
465247
465251
465252
465253
465254
465255
465256
465257
465261
465262
465263
465264
465265
465266
465267
465271
465272
465273
465274
465275
465276
465277
465311
465312
465313
465314
465315
465316
465317
465321
465322
465323
465324
465325
465326
465327
465331
465332
465333
465334
465335
465336
465337
465341
465342
465343
465344
465345
465346
465347
465351
465352
465353
465354
465355
465356
465357
465361
465362
465363
465364
465365
465366
465367
465371
465372
465373
465374
465375
465376
465377
465411
465412
465413
465414
465415
465416
465417
465423
465432
465441
465442
465443
465444
465445
465446
465447
465451
465452
465453
465454
465455
465456
465457
465461
465462
465463
465464
465465
465466
465467
465471
465472
465473
465474
465475
465476
465477
465511
465512
465513
465514
465515
465516
465517
465523
465532
465541
465542
465543
465544
465545
465546
465547
465551
465552
465553
465554
465555
465556
465557
465561
465562
465563
465564
465565
465566
465567
465571
465572
465573
465574
465575
465576
465577
465611
465612
465613
465614
465615
465617
465623
465632
465641
465642
465643
465644
465645
465647
465651
465652
465653
465654
465655
465657
465661
465662
465663
465664
465665
465666
465667
465671
465672
465673
465674
465675
465677
465711
465712
465713
465714
465715
465716
465717
465723
465732
465741
465742
465743
465744
465745
465746
465747
465751
465752
465753
465754
465755
465756
465757
465761
465762
465763
465764
465765
465766
465767
465771
465772
465773
465774
465775
465776
465777
466111
466112
466113
466114
466115
466116
466117
466121
466122
466123
466124
466125
466126
466127
466131
466132
466133
466134
466135
466136
466137
466141
466142
466143
466144
466145
466146
466147
466151
466152
466153
466154
466155
466156
466157
466161
466162
466163
466164
466165
466166
466167
466171
466172
466173
466174
466175
466176
466177
466211
466212
466213
466214
466215
466216
466217
466221
466222
466223
466224
466225
466226
466227
466231
466232
466233
466234
466235
466236
466237
466241
466242
466243
466244
466245
466246
466247
466251
466252
466253
466254
466255
466256
466257
466261
466262
466263
466264
466265
466266
466267
466271
466272
466273
466274
466275
466276
466277
466311
466312
466313
466314
466315
466316
466317
466321
466322
466323
466324
466325
466326
466327
466331
466332
466333
466334
466335
466336
466337
466341
466342
466343
466344
466345
466346
466347
466351
466352
466353
466354
466355
466356
466357
466361
466362
466363
466364
466365
466366
466367
466371
466372
466373
466374
466375
466376
466377
466411
466412
466413
466414
466415
466416
466417
466421
466422
466423
466424
466425
466426
466427
466431
466432
466433
466434
466435
466436
466437
466441
466442
466443
466444
466445
466446
466447
466451
466452
466453
466454
466455
466456
466457
466461
466462
466463
466464
466465
466466
466467
466471
466472
466473
466474
466475
466476
466477
466511
466512
466513
466514
466515
466516
466517
466521
466522
466523
466524
466525
466526
466527
466531
466532
466533
466534
466535
466536
466537
466541
466542
466543
466544
466545
466546
466547
466551
466552
466553
466554
466555
466556
466557
466561
466562
466563
466564
466565
466566
466567
466571
466572
466573
466574
466575
466576
466577
466611
466612
466613
466614
466615
466616
466617
466621
466622
466623
466624
466625
466626
466627
466631
466632
466633
466634
466635
466636
466637
466641
466642
466643
466644
466645
466646
466647
466651
466652
466653
466654
466655
466656
466657
466661
466662
466663
466664
466665
466666
466667
466671
466672
466673
466674
466675
466676
466677
466711
466712
466713
466714
466715
466716
466717
466721
466722
466723
466724
466725
466726
466727
466731
466732
466733
466734
466735
466736
466737
466741
466742
466743
466744
466745
466746
466747
466751
466752
466753
466754
466755
466756
466757
466761
466762
466763
466764
466765
466766
466767
466771
466772
466773
466774
466775
466776
466777
467111
467112
467113
467114
467115
467116
467117
467121
467122
467123
467124
467125
467126
467127
467131
467132
467133
467134
467135
467136
467137
467141
467142
467143
467144
467145
467146
467147
467151
467152
467153
467154
467155
467156
467157
467161
467162
467163
467164
467165
467166
467167
467171
467172
467173
467174
467175
467176
467177
467211
467212
467213
467214
467215
467216
467217
467221
467222
467223
467224
467225
467226
467227
467231
467232
467233
467234
467235
467236
467237
467241
467242
467243
467244
467245
467246
467247
467251
467252
467253
467254
467255
467256
467257
467261
467262
467263
467264
467265
467266
467267
467271
467272
467273
467274
467275
467276
467277
467311
467312
467313
467314
467315
467316
467317
467321
467322
467323
467324
467325
467326
467327
467331
467332
467333
467334
467335
467336
467337
467341
467342
467343
467344
467345
467346
467347
467351
467352
467353
467354
467355
467356
467357
467361
467362
467363
467364
467365
467366
467367
467371
467372
467373
467374
467375
467376
467377
467411
467412
467413
467414
467415
467416
467417
467421
467422
467423
467424
467425
467426
467427
467431
467432
467433
467434
467435
467436
467437
467441
467442
467443
467444
467445
467446
467447
467451
467452
467453
467454
467455
467456
467457
467461
467462
467463
467464
467465
467466
467467
467471
467472
467473
467474
467475
467476
467477
467511
467512
467513
467514
467515
467516
467517
467521
467522
467523
467524
467525
467526
467527
467531
467532
467533
467534
467535
467536
467537
467541
467542
467543
467544
467545
467546
467547
467551
467552
467553
467554
467555
467556
467557
467561
467562
467563
467564
467565
467566
467567
467571
467572
467573
467574
467575
467576
467577
467611
467612
467613
467614
467615
467617
467621
467622
467623
467624
467625
467627
467631
467632
467633
467634
467635
467637
467641
467642
467643
467644
467645
467647
467651
467652
467653
467654
467655
467657
467661
467662
467663
467664
467665
467666
467667
467671
467672
467673
467674
467675
467677
467711
467712
467713
467714
467715
467716
467717
467721
467722
467723
467724
467725
467726
467727
467731
467732
467733
467734
467735
467736
467737
467741
467742
467743
467744
467745
467746
467747
467751
467752
467753
467754
467755
467756
467757
467761
467762
467763
467764
467765
467766
467767
467771
467772
467773
467774
467775
467776
467777
471111
471112
471113
471114
471115
471116
471117
471123
471132
471141
471142
471143
471144
471145
471146
471147
471151
471152
471153
471154
471155
471156
471157
471161
471162
471163
471164
471165
471166
471167
471171
471172
471173
471174
471175
471176
471177
471211
471212
471213
471214
471215
471216
471217
471221
471222
471223
471224
471225
471226
471227
471231
471232
471233
471234
471235
471236
471237
471241
471242
471243
471244
471245
471246
471247
471251
471252
471253
471254
471255
471256
471257
471261
471262
471263
471264
471265
471266
471267
471271
471272
471273
471274
471275
471276
471277
471311
471312
471313
471314
471315
471316
471317
471321
471322
471323
471324
471325
471326
471327
471331
471332
471333
471334
471335
471336
471337
471341
471342
471343
471344
471345
471346
471347
471351
471352
471353
471354
471355
471356
471357
471361
471362
471363
471364
471365
471366
471367
471371
471372
471373
471374
471375
471376
471377
471411
471412
471413
471414
471415
471416
471417
471423
471432
471441
471442
471443
471444
471445
471446
471447
471451
471452
471453
471454
471455
471456
471457
471461
471462
471463
471464
471465
471466
471467
471471
471472
471473
471474
471475
471476
471477
471511
471512
471513
471514
471515
471516
471517
471523
471532
471541
471542
471543
471544
471545
471546
471547
471551
471552
471553
471554
471555
471556
471557
471561
471562
471563
471564
471565
471566
471567
471571
471572
471573
471574
471575
471576
471577
471611
471612
471613
471614
471615
471616
471617
471623
471632
471641
471642
471643
471644
471645
471646
471647
471651
471652
471653
471654
471655
471656
471657
471661
471662
471663
471664
471665
471666
471667
471671
471672
471673
471674
471675
471676
471677
471711
471712
471713
471714
471715
471716
471723
471732
471741
471742
471743
471744
471745
471746
471751
471752
471753
471754
471755
471756
471761
471762
471763
471764
471765
471766
471771
471772
471773
471774
471775
471776
471777
472111
472112
472113
472114
472115
472116
472117
472121
472122
472123
472124
472125
472126
472127
472135
472141
472142
472143
472144
472145
472146
472147
472153
472161
472162
472163
472164
472165
472166
472167
472171
472172
472173
472174
472175
472176
472177
472213
472221
472222
472223
472224
472225
472226
472227
472241
472242
472243
472244
472245
472246
472247
472253
472261
472262
472263
472264
472265
472266
472267
472271
472272
472273
472274
472275
472276
472277
472311
472312
472313
472314
472315
472316
472317
472321
472322
472323
472324
472325
472326
472327
472331
472332
472333
472334
472335
472336
472337
472341
472342
472343
472344
472345
472346
472347
472351
472352
472353
472354
472355
472356
472357
472361
472362
472363
472364
472365
472366
472367
472371
472372
472373
472374
472375
472376
472377
472413
472421
472422
472423
472424
472425
472426
472427
472441
472442
472443
472444
472445
472446
472447
472453
472461
472462
472463
472464
472465
472466
472467
472471
472472
472473
472474
472475
472476
472477
472513
472521
472522
472523
472524
472525
472526
472527
472531
472541
472542
472543
472544
472545
472546
472547
472551
472552
472553
472554
472555
472556
472557
472561
472562
472563
472564
472565
472566
472567
472571
472572
472573
472574
472575
472576
472577
472613
472621
472622
472623
472624
472625
472626
472627
472641
472642
472643
472644
472645
472646
472647
472653
472661
472662
472663
472664
472665
472666
472667
472671
472672
472673
472674
472675
472676
472677
472713
472721
472722
472723
472724
472725
472726
472741
472742
472743
472744
472745
472746
472753
472761
472762
472763
472764
472765
472766
472771
472772
472773
472774
472775
472776
472777
473111
473112
473113
473114
473115
473116
473117
473125
473131
473132
473133
473134
473135
473136
473137
473141
473142
473143
473144
473145
473146
473147
473165
473171
473172
473173
473174
473175
473176
473177
473211
473212
473213
473214
473215
473216
473217
473221
473222
473223
473224
473225
473226
473227
473231
473232
473233
473234
473235
473236
473237
473241
473242
473243
473244
473245
473246
473247
473256
473265
473271
473272
473273
473274
473275
473276
473277
473312
473331
473332
473333
473334
473335
473336
473337
473341
473342
473343
473344
473345
473346
473347
473365
473371
473372
473373
473374
473375
473376
473377
473412
473431
473432
473433
473434
473435
473436
473437
473441
473442
473443
473444
473445
473446
473447
473465
473471
473472
473473
473474
473475
473476
473477
473512
473521
473531
473532
473533
473534
473535
473536
473537
473541
473542
473543
473544
473545
473546
473547
473551
473552
473553
473554
473555
473556
473557
473561
473562
473563
473564
473565
473566
473567
473571
473572
473573
473574
473575
473576
473577
473612
473631
473632
473633
473634
473635
473636
473637
473641
473642
473643
473644
473645
473646
473647
473652
473661
473662
473663
473664
473665
473666
473667
473671
473672
473673
473674
473675
473676
473677
473712
473731
473732
473733
473734
473735
473736
473741
473742
473743
473744
473745
473746
473765
473771
473772
473773
473774
473775
473776
473777
474111
474112
474113
474114
474115
474116
474117
474121
474122
474123
474124
474125
474126
474127
474131
474132
474133
474134
474135
474136
474137
474144
474151
474152
474153
474154
474155
474156
474157
474161
474162
474163
474164
474165
474166
474167
474171
474172
474173
474174
474175
474176
474177
474211
474212
474213
474214
474215
474216
474217
474221
474222
474223
474224
474225
474226
474227
474231
474232
474233
474234
474235
474236
474237
474244
474251
474252
474253
474254
474255
474256
474257
474261
474262
474263
474264
474265
474266
474267
474271
474272
474273
474274
474275
474276
474277
474311
474312
474313
474314
474315
474316
474317
474321
474322
474323
474324
474325
474326
474327
474331
474332
474333
474334
474335
474336
474337
474344
474351
474352
474353
474354
474355
474356
474357
474361
474362
474363
474364
474365
474366
474367
474371
474372
474373
474374
474375
474376
474377
474411
474412
474413
474414
474415
474416
474417
474421
474422
474423
474424
474425
474426
474427
474431
474432
474433
474434
474435
474436
474437
474441
474442
474443
474444
474445
474446
474447
474451
474452
474453
474454
474455
474456
474457
474461
474462
474463
474464
474465
474466
474467
474471
474472
474473
474474
474475
474476
474477
474511
474512
474513
474514
474515
474516
474517
474521
474522
474523
474524
474525
474526
474527
474531
474532
474533
474534
474535
474536
474537
474544
474551
474552
474553
474554
474555
474556
474557
474561
474562
474563
474564
474565
474566
474567
474571
474572
474573
474574
474575
474576
474577
474611
474612
474613
474614
474615
474616
474617
474621
474622
474623
474624
474625
474626
474627
474631
474632
474633
474634
474635
474636
474637
474644
474651
474652
474653
474654
474655
474656
474657
474661
474662
474663
474664
474665
474666
474667
474671
474672
474673
474674
474675
474676
474677
474711
474712
474713
474714
474715
474716
474721
474722
474723
474724
474725
474726
474731
474732
474733
474734
474735
474736
474744
474751
474752
474753
474754
474755
474756
474761
474762
474763
474764
474765
474766
474771
474772
474773
474774
474775
474776
474777
475111
475112
475113
475114
475115
475116
475117
475123
475141
475142
475143
475144
475145
475146
475147
475151
475152
475153
475154
475155
475156
475157
475163
475171
475172
475173
475174
475175
475176
475177
475211
475212
475213
475214
475215
475216
475217
475221
475222
475223
475224
475225
475226
475227
475236
475241
475242
475243
475244
475245
475246
475247
475251
475252
475253
475254
475255
475256
475257
475263
475271
475272
475273
475274
475275
475276
475277
475311
475312
475313
475314
475315
475316
475317
475321
475322
475323
475324
475325
475326
475327
475331
475332
475333
475334
475335
475336
475337
475341
475342
475343
475344
475345
475346
475347
475351
475352
475353
475354
475355
475356
475357
475361
475362
475363
475364
475365
475366
475367
475371
475372
475373
475374
475375
475376
475377
475411
475412
475413
475414
475415
475416
475417
475423
475441
475442
475443
475444
475445
475446
475447
475451
475452
475453
475454
475455
475456
475457
475463
475471
475472
475473
475474
475475
475476
475477
475511
475512
475513
475514
475515
475516
475517
475523
475541
475542
475543
475544
475545
475546
475547
475551
475552
475553
475554
475555
475556
475557
475563
475571
475572
475573
475574
475575
475576
475577
475611
475612
475613
475614
475615
475616
475617
475623
475632
475641
475642
475643
475644
475645
475646
475647
475651
475652
475653
475654
475655
475656
475657
475661
475662
475663
475664
475665
475666
475667
475671
475672
475673
475674
475675
475676
475677
475711
475712
475713
475714
475715
475716
475723
475741
475742
475743
475744
475745
475746
475751
475752
475753
475754
475755
475756
475763
475771
475772
475773
475774
475775
475776
475777
476111
476112
476113
476114
476115
476116
476117
476121
476122
476123
476124
476125
476126
476127
476135
476141
476142
476143
476144
476145
476146
476147
476153
476161
476162
476163
476164
476165
476166
476167
476171
476172
476173
476174
476175
476176
476177
476211
476212
476213
476214
476215
476216
476217
476221
476222
476223
476224
476225
476226
476227
476235
476241
476242
476243
476244
476245
476246
476247
476253
476261
476262
476263
476264
476265
476266
476267
476271
476272
476273
476274
476275
476276
476277
476311
476312
476313
476314
476315
476316
476317
476321
476322
476323
476324
476325
476326
476327
476331
476332
476333
476334
476335
476336
476337
476341
476342
476343
476344
476345
476346
476347
476351
476352
476353
476354
476355
476356
476357
476361
476362
476363
476364
476365
476366
476367
476371
476372
476373
476374
476375
476376
476377
476411
476412
476413
476414
476415
476416
476417
476421
476422
476423
476424
476425
476426
476427
476435
476441
476442
476443
476444
476445
476446
476447
476453
476461
476462
476463
476464
476465
476466
476467
476471
476472
476473
476474
476475
476476
476477
476511
476512
476513
476514
476515
476516
476517
476521
476522
476523
476524
476525
476526
476527
476531
476532
476533
476534
476535
476536
476537
476541
476542
476543
476544
476545
476546
476547
476551
476552
476553
476554
476555
476556
476557
476561
476562
476563
476564
476565
476566
476567
476571
476572
476573
476574
476575
476576
476577
476611
476612
476613
476614
476615
476616
476617
476621
476622
476623
476624
476625
476626
476627
476635
476641
476642
476643
476644
476645
476646
476647
476653
476661
476662
476663
476664
476665
476666
476667
476671
476672
476673
476674
476675
476676
476677
476711
476712
476713
476714
476715
476716
476721
476722
476723
476724
476725
476726
476735
476741
476742
476743
476744
476745
476746
476753
476761
476762
476763
476764
476765
476766
476771
476772
476773
476774
476775
476776
476777
477111
477112
477113
477114
477115
477116
477117
477121
477122
477123
477124
477125
477126
477127
477131
477132
477133
477134
477135
477136
477137
477141
477142
477143
477144
477145
477146
477147
477151
477152
477153
477154
477155
477156
477157
477161
477162
477163
477164
477165
477166
477167
477171
477172
477173
477174
477175
477176
477177
477211
477212
477213
477214
477215
477216
477217
477221
477222
477223
477224
477225
477226
477227
477231
477232
477233
477234
477235
477236
477237
477241
477242
477243
477244
477245
477246
477247
477251
477252
477253
477254
477255
477256
477257
477261
477262
477263
477264
477265
477266
477267
477271
477272
477273
477274
477275
477276
477277
477311
477312
477313
477314
477315
477316
477317
477321
477322
477323
477324
477325
477326
477327
477331
477332
477333
477334
477335
477336
477337
477341
477342
477343
477344
477345
477346
477347
477351
477352
477353
477354
477355
477356
477357
477361
477362
477363
477364
477365
477366
477367
477371
477372
477373
477374
477375
477376
477377
477411
477412
477413
477414
477415
477416
477417
477421
477422
477423
477424
477425
477426
477427
477431
477432
477433
477434
477435
477436
477437
477441
477442
477443
477444
477445
477446
477447
477451
477452
477453
477454
477455
477456
477457
477461
477462
477463
477464
477465
477466
477467
477471
477472
477473
477474
477475
477476
477477
477511
477512
477513
477514
477515
477516
477517
477521
477522
477523
477524
477525
477526
477527
477531
477532
477533
477534
477535
477536
477537
477541
477542
477543
477544
477545
477546
477547
477551
477552
477553
477554
477555
477556
477557
477561
477562
477563
477564
477565
477566
477567
477571
477572
477573
477574
477575
477576
477577
477611
477612
477613
477614
477615
477616
477617
477621
477622
477623
477624
477625
477626
477627
477631
477632
477633
477634
477635
477636
477637
477641
477642
477643
477644
477645
477646
477647
477651
477652
477653
477654
477655
477656
477657
477661
477662
477663
477664
477665
477666
477667
477671
477672
477673
477674
477675
477676
477677
477711
477712
477713
477714
477715
477716
477717
477721
477722
477723
477724
477725
477726
477727
477731
477732
477733
477734
477735
477736
477737
477741
477742
477743
477744
477745
477746
477747
477751
477752
477753
477754
477755
477756
477757
477761
477762
477763
477764
477765
477766
477767
477771
477772
477773
477774
477775
477776
477777
511111
511112
511113
511114
511115
511116
511117
511121
511122
511123
511124
511125
511126
511127
511131
511132
511133
511134
511135
511136
511137
511141
511142
511143
511144
511145
511146
511147
511151
511152
511153
511154
511155
511156
511157
511161
511162
511163
511164
511165
511166
511167
511171
511172
511173
511174
511175
511176
511177
511211
511212
511215
511216
511217
511221
511222
511225
511226
511227
511231
511232
511233
511234
511235
511236
511237
511241
511242
511243
511244
511245
511246
511247
511251
511252
511255
511256
511257
511261
511262
511265
511266
511267
511271
511272
511275
511276
511277
511311
511313
511315
511316
511317
511321
511322
511323
511324
511325
511326
511327
511331
511333
511335
511336
511337
511341
511342
511343
511344
511345
511346
511347
511351
511353
511355
511356
511357
511361
511363
511365
511366
511367
511371
511373
511375
511376
511377
511411
511414
511415
511416
511417
511421
511422
511423
511424
511425
511426
511427
511431
511432
511433
511434
511435
511436
511437
511441
511444
511445
511446
511447
511451
511454
511455
511456
511457
511461
511464
511465
511466
511467
511471
511474
511475
511476
511477
511511
511512
511513
511514
511515
511516
511517
511521
511522
511523
511524
511525
511526
511527
511531
511532
511533
511534
511535
511536
511537
511541
511542
511543
511544
511545
511546
511547
511551
511552
511553
511554
511555
511556
511557
511561
511562
511563
511564
511565
511566
511567
511571
511572
511573
511574
511575
511576
511577
511611
511612
511613
511614
511615
511616
511617
511621
511622
511623
511624
511625
511626
511627
511631
511632
511633
511634
511635
511636
511637
511641
511642
511643
511644
511645
511646
511647
511651
511652
511653
511654
511655
511656
511657
511661
511662
511663
511664
511665
511666
511667
511671
511672
511673
511674
511675
511676
511677
511711
511712
511713
511714
511715
511716
511717
511721
511722
511723
511724
511725
511726
511727
511731
511732
511733
511734
511735
511736
511737
511741
511742
511743
511744
511745
511746
511747
511751
511752
511753
511754
511755
511756
511757
511761
511762
511763
511764
511765
511766
511767
511771
511772
511773
511774
511775
511776
511777
512111
512112
512113
512114
512115
512116
512117
512122
512123
512124
512125
512126
512127
512134
512143
512152
512153
512154
512155
512156
512157
512162
512163
512164
512165
512166
512167
512172
512173
512174
512175
512176
512177
512211
512212
512213
512214
512215
512216
512217
512221
512222
512223
512224
512225
512226
512227
512234
512243
512251
512252
512253
512254
512255
512256
512257
512261
512262
512263
512264
512265
512266
512267
512271
512272
512273
512274
512275
512276
512277
512311
512312
512313
512314
512315
512316
512317
512321
512322
512323
512324
512325
512326
512327
512331
512332
512333
512334
512335
512336
512337
512341
512342
512343
512344
512345
512346
512347
512351
512352
512353
512354
512355
512356
512357
512361
512362
512363
512364
512365
512366
512367
512371
512372
512373
512374
512375
512376
512377
512411
512412
512413
512414
512415
512416
512417
512421
512422
512423
512424
512425
512426
512427
512431
512432
512433
512434
512435
512436
512437
512441
512442
512443
512444
512445
512446
512447
512451
512452
512453
512454
512455
512456
512457
512461
512462
512463
512464
512465
512466
512467
512471
512472
512473
512474
512475
512476
512477
512511
512512
512513
512514
512515
512516
512517
512521
512522
512523
512524
512525
512526
512527
512534
512543
512551
512552
512553
512554
512555
512556
512557
512561
512562
512563
512564
512565
512566
512567
512571
512572
512573
512574
512575
512576
512577
512611
512612
512613
512614
512615
512616
512617
512621
512622
512623
512624
512625
512626
512627
512634
512643
512651
512652
512653
512654
512655
512656
512657
512661
512662
512663
512664
512665
512666
512667
512671
512672
512673
512674
512675
512676
512677
512711
512712
512713
512714
512715
512716
512717
512721
512722
512723
512724
512725
512726
512727
512734
512743
512751
512752
512753
512754
512755
512756
512757
512761
512762
512763
512764
512765
512766
512767
512771
512772
512773
512774
512775
512776
512777
513111
513112
513113
513114
513115
513116
513117
513124
513132
513133
513134
513135
513136
513137
513152
513153
513154
513155
513156
513157
513164
513172
513173
513174
513175
513176
513177
513211
513212
513213
513214
513215
513216
513217
513221
513222
513223
513224
513225
513226
513227
513231
513232
513233
513234
513235
513236
513237
513246
513251
513252
513253
513254
513255
513256
513257
513264
513271
513272
513273
513274
513275
513276
513277
513311
513312
513313
513314
513315
513316
513317
513324
513331
513332
513333
513334
513335
513336
513337
513351
513352
513353
513354
513355
513356
513357
513364
513371
513372
513373
513374
513375
513376
513377
513411
513412
513413
513414
513415
513416
513417
513421
513422
513423
513424
513425
513426
513427
513431
513432
513433
513434
513435
513436
513437
513441
513442
513443
513444
513445
513446
513447
513451
513452
513453
513454
513455
513456
513457
513461
513462
513463
513464
513465
513466
513467
513471
513472
513473
513474
513475
513476
513477
513511
513512
513513
513514
513515
513516
513517
513524
513531
513532
513533
513534
513535
513536
513537
513551
513552
513553
513554
513555
513556
513557
513564
513571
513572
513573
513574
513575
513576
513577
513611
513612
513613
513614
513615
513616
513617
513624
513631
513632
513633
513634
513635
513636
513637
513642
513651
513652
513653
513654
513655
513656
513657
513661
513662
513663
513664
513665
513666
513667
513671
513672
513673
513674
513675
513676
513677
513711
513712
513713
513714
513715
513716
513717
513724
513731
513732
513733
513734
513735
513736
513737
513751
513752
513753
513754
513755
513756
513757
513764
513771
513772
513773
513774
513775
513776
513777
514111
514112
514113
514114
514115
514116
514117
514123
514142
514143
514144
514145
514146
514147
514152
514153
514154
514155
514156
514157
514176
514211
514212
514213
514214
514215
514216
514217
514221
514222
514223
514224
514225
514226
514227
514236
514241
514242
514243
514244
514245
514246
514247
514251
514252
514253
514254
514255
514256
514257
514276
514311
514312
514313
514314
514315
514316
514317
514321
514322
514323
514324
514325
514326
514327
514331
514332
514333
514334
514335
514336
514337
514341
514342
514343
514344
514345
514346
514347
514351
514352
514353
514354
514355
514356
514357
514367
514376
514411
514412
514413
514414
514415
514416
514417
514423
514441
514442
514443
514444
514445
514446
514447
514451
514452
514453
514454
514455
514456
514457
514476
514511
514512
514513
514514
514515
514516
514517
514523
514541
514542
514543
514544
514545
514546
514547
514551
514552
514553
514554
514555
514556
514557
514576
514611
514612
514613
514614
514615
514616
514617
514623
514632
514641
514642
514643
514644
514645
514646
514647
514651
514652
514653
514654
514655
514656
514657
514661
514662
514663
514664
514665
514666
514667
514671
514672
514673
514674
514675
514676
514677
514711
514712
514713
514714
514715
514716
514717
514723
514741
514742
514743
514744
514745
514746
514747
514751
514752
514753
514754
514755
514756
514757
514763
514771
514772
514773
514774
514775
514776
514777
515111
515112
515113
515114
515115
515116
515117
515122
515123
515124
515125
515126
515127
515132
515133
515134
515135
515136
515137
515142
515143
515144
515145
515146
515147
515155
515162
515163
515164
515165
515166
515167
515172
515173
515174
515175
515176
515177
515211
515212
515215
515216
515217
515221
515222
515225
515226
515227
515231
515232
515233
515234
515235
515236
515237
515241
515242
515243
515244
515245
515246
515247
515255
515261
515262
515265
515266
515267
515271
515272
515275
515276
515277
515311
515313
515315
515316
515317
515321
515322
515323
515324
515325
515326
515327
515331
515333
515335
515336
515337
515341
515342
515343
515344
515345
515346
515347
515355
515361
515363
515365
515366
515367
515371
515373
515375
515376
515377
515411
515414
515415
515416
515417
515421
515422
515423
515424
515425
515426
515427
515431
515432
515433
515434
515435
515436
515437
515441
515444
515445
515446
515447
515455
515461
515464
515465
515466
515467
515471
515474
515475
515476
515477
515511
515512
515513
515514
515515
515516
515517
515521
515522
515523
515524
515525
515526
515527
515531
515532
515533
515534
515535
515536
515537
515541
515542
515543
515544
515545
515546
515547
515551
515552
515553
515554
515555
515556
515557
515561
515562
515563
515564
515565
515566
515567
515571
515572
515573
515574
515575
515576
515577
515611
515612
515613
515614
515615
515616
515617
515621
515622
515623
515624
515625
515626
515627
515631
515632
515633
515634
515635
515636
515637
515641
515642
515643
515644
515645
515646
515647
515655
515661
515662
515663
515664
515665
515666
515667
515671
515672
515673
515674
515675
515676
515677
515711
515712
515713
515714
515715
515716
515717
515721
515722
515723
515724
515725
515726
515727
515731
515732
515733
515734
515735
515736
515737
515741
515742
515743
515744
515745
515746
515747
515755
515761
515762
515763
515764
515765
515766
515767
515771
515772
515773
515774
515775
515776
515777
516111
516112
516113
516114
516115
516116
516117
516122
516123
516124
516125
516126
516127
516134
516152
516153
516154
516155
516156
516157
516162
516163
516164
516165
516166
516167
516174
516211
516212
516215
516216
516217
516221
516222
516225
516226
516227
516234
516251
516252
516255
516256
516257
516261
516262
516265
516266
516267
516311
516313
516315
516316
516317
516321
516322
516323
516324
516325
516326
516327
516331
516333
516335
516336
516337
516347
516351
516353
516355
516356
516357
516361
516363
516365
516366
516367
516411
516414
516415
516416
516417
516421
516422
516423
516424
516425
516426
516427
516431
516432
516433
516434
516435
516436
516437
516441
516444
516445
516446
516447
516451
516454
516455
516456
516457
516461
516464
516465
516466
516467
516471
516474
516475
516476
516477
516511
516512
516513
516514
516515
516516
516517
516521
516522
516523
516524
516525
516526
516527
516534
516551
516552
516553
516554
516555
516556
516557
516561
516562
516563
516564
516565
516566
516567
516574
516611
516612
516613
516614
516615
516616
516617
516621
516622
516623
516624
516625
516626
516627
516634
516651
516652
516653
516654
516655
516656
516657
516661
516662
516663
516664
516665
516666
516667
516674
516711
516712
516713
516714
516715
516716
516717
516721
516722
516723
516724
516725
516726
516727
516734
516743
516751
516752
516753
516754
516755
516756
516757
516761
516762
516763
516764
516765
516766
516767
516771
516772
516773
516774
516775
516776
516777
517111
517112
517113
517114
517115
517116
517117
517122
517123
517124
517125
517126
517127
517132
517133
517134
517135
517136
517137
517146
517152
517153
517154
517155
517156
517157
517164
517172
517173
517174
517175
517176
517177
517211
517212
517215
517216
517217
517221
517222
517225
517226
517227
517231
517232
517233
517234
517235
517236
517237
517246
517251
517252
517255
517256
517257
517271
517272
517275
517276
517277
517311
517313
517315
517316
517317
517321
517322
517323
517324
517325
517326
517327
517331
517333
517335
517336
517337
517346
517351
517353
517355
517356
517357
517371
517373
517375
517376
517377
517411
517414
517415
517416
517417
517421
517422
517423
517424
517425
517426
517427
517431
517432
517433
517434
517435
517436
517437
517441
517444
517445
517446
517447
517451
517454
517455
517456
517457
517461
517464
517465
517466
517467
517471
517474
517475
517476
517477
517511
517512
517513
517514
517515
517516
517517
517521
517522
517523
517524
517525
517526
517527
517531
517532
517533
517534
517535
517536
517537
517546
517551
517552
517553
517554
517555
517556
517557
517564
517571
517572
517573
517574
517575
517576
517577
517611
517612
517613
517614
517615
517616
517617
517621
517622
517623
517624
517625
517626
517627
517631
517632
517633
517634
517635
517636
517637
517641
517642
517643
517644
517645
517646
517647
517651
517652
517653
517654
517655
517656
517657
517661
517662
517663
517664
517665
517666
517667
517671
517672
517673
517674
517675
517676
517677
517711
517712
517713
517714
517715
517716
517717
517721
517722
517723
517724
517725
517726
517727
517731
517732
517733
517734
517735
517736
517737
517746
517751
517752
517753
517754
517755
517756
517757
517764
517771
517772
517773
517774
517775
517776
517777
521111
521112
521113
521114
521115
521116
521117
521121
521122
521123
521124
521125
521126
521127
521131
521132
521133
521134
521135
521136
521137
521141
521142
521143
521144
521145
521146
521147
521151
521152
521153
521154
521155
521156
521157
521161
521162
521163
521164
521165
521166
521167
521171
521172
521173
521174
521175
521176
521177
521211
521213
521214
521215
521216
521217
521221
521222
521223
521224
521225
521226
521227
521231
521233
521234
521235
521236
521237
521241
521243
521244
521245
521246
521247
521251
521253
521254
521255
521256
521257
521261
521263
521264
521265
521266
521267
521271
521273
521274
521275
521276
521277
521311
521312
521313
521314
521315
521316
521317
521321
521322
521323
521324
521325
521326
521327
521331
521332
521333
521334
521335
521336
521337
521341
521342
521343
521344
521345
521346
521347
521351
521352
521353
521354
521355
521356
521357
521361
521362
521363
521364
521365
521366
521367
521371
521372
521373
521374
521375
521376
521377
521411
521412
521413
521414
521415
521416
521417
521421
521422
521423
521424
521425
521426
521427
521431
521432
521433
521434
521435
521436
521437
521441
521442
521443
521444
521445
521446
521447
521451
521452
521453
521454
521455
521456
521457
521461
521462
521463
521464
521465
521466
521467
521471
521472
521473
521474
521475
521476
521477
521511
521512
521513
521514
521515
521516
521517
521521
521522
521523
521524
521525
521526
521527
521531
521532
521533
521534
521535
521536
521537
521541
521542
521543
521544
521545
521546
521547
521551
521552
521553
521554
521555
521556
521557
521561
521562
521563
521564
521565
521566
521567
521571
521572
521573
521574
521575
521576
521577
521611
521612
521613
521614
521615
521616
521617
521621
521622
521623
521624
521625
521626
521627
521631
521632
521633
521634
521635
521636
521637
521641
521642
521643
521644
521645
521646
521647
521651
521652
521653
521654
521655
521656
521657
521661
521662
521663
521664
521665
521666
521667
521671
521672
521673
521674
521675
521676
521677
521711
521712
521713
521714
521715
521716
521717
521721
521722
521723
521724
521725
521726
521727
521731
521732
521733
521734
521735
521736
521737
521741
521742
521743
521744
521745
521746
521747
521751
521752
521753
521754
521755
521756
521757
521761
521762
521763
521764
521765
521766
521767
521771
521772
521773
521774
521775
521776
521777
522111
522112
522115
522116
522117
522121
522122
522125
522126
522127
522131
522132
522133
522134
522135
522136
522137
522141
522142
522143
522144
522145
522146
522147
522151
522152
522155
522156
522157
522161
522162
522165
522166
522167
522171
522172
522175
522176
522177
522211
522212
522213
522214
522215
522216
522217
522221
522222
522223
522224
522225
522226
522227
522231
522232
522233
522234
522235
522236
522237
522241
522242
522243
522244
522245
522246
522247
522251
522252
522253
522254
522255
522256
522257
522261
522262
522263
522264
522265
522266
522267
522271
522272
522273
522274
522275
522276
522277
522311
522312
522313
522314
522315
522316
522317
522322
522323
522325
522326
522327
522332
522333
522335
522336
522337
522341
522342
522343
522344
522345
522346
522347
522352
522353
522355
522356
522357
522362
522363
522365
522366
522367
522372
522373
522375
522376
522377
522411
522412
522413
522414
522415
522416
522417
522422
522424
522425
522426
522427
522431
522432
522433
522434
522435
522436
522437
522442
522444
522445
522446
522447
522452
522454
522455
522456
522457
522462
522464
522465
522466
522467
522472
522474
522475
522476
522477
522511
522512
522513
522514
522515
522516
522517
522521
522522
522523
522524
522525
522526
522527
522531
522532
522533
522534
522535
522536
522537
522541
522542
522543
522544
522545
522546
522547
522551
522552
522553
522554
522555
522556
522557
522561
522562
522563
522564
522565
522566
522567
522571
522572
522573
522574
522575
522576
522577
522611
522612
522613
522614
522615
522616
522617
522621
522622
522623
522624
522625
522626
522627
522631
522632
522633
522634
522635
522636
522637
522641
522642
522643
522644
522645
522646
522647
522651
522652
522653
522654
522655
522656
522657
522661
522662
522663
522664
522665
522666
522667
522671
522672
522673
522674
522675
522676
522677
522711
522712
522713
522714
522715
522716
522717
522721
522722
522723
522724
522725
522726
522727
522731
522732
522733
522734
522735
522736
522737
522741
522742
522743
522744
522745
522746
522747
522751
522752
522753
522754
522755
522756
522757
522761
522762
522763
522764
522765
522766
522767
522771
522772
522773
522774
522775
522776
522777
523111
523112
523113
523114
523115
523116
523117
523121
523122
523123
523124
523125
523126
523127
523131
523132
523133
523134
523135
523136
523137
523146
523151
523152
523153
523154
523155
523156
523157
523164
523171
523172
523173
523174
523175
523176
523177
523211
523213
523214
523215
523216
523217
523221
523222
523223
523224
523225
523226
523227
523231
523233
523234
523235
523236
523237
523246
523251
523253
523254
523255
523256
523257
523264
523271
523273
523274
523275
523276
523277
523311
523312
523313
523314
523315
523316
523317
523321
523322
523323
523324
523325
523326
523327
523331
523332
523333
523334
523335
523336
523337
523346
523351
523352
523353
523354
523355
523356
523357
523364
523371
523372
523373
523374
523375
523376
523377
523411
523412
523413
523414
523415
523416
523417
523421
523422
523423
523424
523425
523426
523427
523431
523432
523433
523434
523435
523436
523437
523441
523442
523443
523444
523445
523446
523447
523451
523452
523453
523454
523455
523456
523457
523461
523462
523463
523464
523465
523466
523467
523471
523472
523473
523474
523475
523476
523477
523511
523512
523513
523514
523515
523516
523517
523521
523522
523523
523524
523525
523526
523527
523531
523532
523533
523534
523535
523536
523537
523546
523551
523552
523553
523554
523555
523556
523557
523564
523571
523572
523573
523574
523575
523576
523577
523611
523612
523613
523614
523615
523616
523617
523621
523622
523623
523624
523625
523626
523627
523631
523632
523633
523634
523635
523636
523637
523641
523642
523643
523644
523645
523646
523647
523651
523652
523653
523654
523655
523656
523657
523661
523662
523663
523664
523665
523666
523667
523671
523672
523673
523674
523675
523676
523677
523711
523712
523713
523714
523715
523716
523717
523721
523722
523723
523724
523725
523726
523727
523731
523732
523733
523734
523735
523736
523737
523746
523751
523752
523753
523754
523755
523756
523757
523764
523771
523772
523773
523774
523775
523776
523777
524111
524112
524113
524114
524115
524116
524117
524121
524122
524123
524124
524125
524126
524127
524136
524141
524142
524143
524144
524145
524146
524147
524151
524152
524153
524154
524155
524156
524157
524176
524211
524213
524214
524215
524216
524217
524221
524222
524223
524224
524225
524226
524227
524236
524241
524243
524244
524245
524246
524247
524251
524253
524254
524255
524256
524257
524276
524311
524312
524313
524314
524315
524316
524317
524321
524322
524323
524324
524325
524326
524327
524331
524332
524333
524334
524335
524336
524337
524341
524342
524343
524344
524345
524346
524347
524351
524352
524353
524354
524355
524356
524357
524367
524376
524411
524412
524413
524414
524415
524416
524417
524421
524422
524423
524424
524425
524426
524427
524436
524441
524442
524443
524444
524445
524446
524447
524451
524452
524453
524454
524455
524456
524457
524476
524511
524512
524513
524514
524515
524516
524517
524521
524522
524523
524524
524525
524526
524527
524536
524541
524542
524543
524544
524545
524546
524547
524551
524552
524553
524554
524555
524556
524557
524576
524611
524612
524613
524614
524615
524616
524617
524621
524622
524623
524624
524625
524626
524627
524631
524632
524633
524634
524635
524636
524637
524641
524642
524643
524644
524645
524646
524647
524651
524652
524653
524654
524655
524656
524657
524661
524662
524663
524664
524665
524666
524667
524671
524672
524673
524674
524675
524676
524677
524711
524712
524713
524714
524715
524716
524717
524721
524722
524723
524724
524725
524726
524727
524736
524741
524742
524743
524744
524745
524746
524747
524751
524752
524753
524754
524755
524756
524757
524763
524771
524772
524773
524774
524775
524776
524777
525111
525112
525115
525116
525117
525121
525122
525125
525126
525127
525131
525132
525133
525134
525135
525136
525137
525141
525142
525143
525144
525145
525146
525147
525155
525161
525162
525165
525166
525167
525171
525172
525175
525176
525177
525211
525213
525214
525215
525216
525217
525221
525222
525223
525224
525225
525226
525227
525231
525233
525234
525235
525236
525237
525241
525243
525244
525245
525246
525247
525255
525261
525263
525264
525265
525266
525267
525271
525273
525274
525275
525276
525277
525311
525312
525313
525314
525315
525316
525317
525322
525323
525325
525326
525327
525332
525333
525335
525336
525337
525341
525342
525343
525344
525345
525346
525347
525355
525362
525363
525365
525366
525367
525372
525373
525375
525376
525377
525411
525412
525413
525414
525415
525416
525417
525422
525424
525425
525426
525427
525431
525432
525433
525434
525435
525436
525437
525442
525444
525445
525446
525447
525455
525462
525464
525465
525466
525467
525472
525474
525475
525476
525477
525511
525512
525513
525514
525515
525516
525517
525521
525522
525523
525524
525525
525526
525527
525531
525532
525533
525534
525535
525536
525537
525541
525542
525543
525544
525545
525546
525547
525551
525552
525553
525554
525555
525556
525557
525561
525562
525563
525564
525565
525566
525567
525571
525572
525573
525574
525575
525576
525577
525611
525612
525613
525614
525615
525616
525617
525621
525622
525623
525624
525625
525626
525627
525631
525632
525633
525634
525635
525636
525637
525641
525642
525643
525644
525645
525646
525647
525655
525661
525662
525663
525664
525665
525666
525667
525671
525672
525673
525674
525675
525676
525677
525711
525712
525713
525714
525715
525716
525717
525721
525722
525723
525724
525725
525726
525727
525731
525732
525733
525734
525735
525736
525737
525741
525742
525743
525744
525745
525746
525747
525755
525761
525762
525763
525764
525765
525766
525767
525771
525772
525773
525774
525775
525776
525777
526111
526112
526115
526116
526117
526121
526122
526125
526126
526127
526134
526151
526152
526155
526156
526157
526161
526162
526165
526166
526167
526211
526213
526214
526215
526216
526217
526221
526222
526223
526224
526225
526226
526227
526234
526251
526253
526254
526255
526256
526257
526261
526263
526264
526265
526266
526267
526274
526311
526312
526313
526314
526315
526316
526317
526322
526323
526325
526326
526327
526332
526333
526335
526336
526337
526347
526352
526353
526355
526356
526357
526362
526363
526365
526366
526367
526411
526412
526413
526414
526415
526416
526417
526422
526424
526425
526426
526427
526431
526432
526433
526434
526435
526436
526437
526442
526444
526445
526446
526447
526452
526454
526455
526456
526457
526462
526464
526465
526466
526467
526472
526474
526475
526476
526477
526511
526512
526513
526514
526515
526516
526517
526521
526522
526523
526524
526525
526526
526527
526534
526551
526552
526553
526554
526555
526556
526557
526561
526562
526563
526564
526565
526566
526567
526574
526611
526612
526613
526614
526615
526616
526617
526621
526622
526623
526624
526625
526626
526627
526634
526651
526652
526653
526654
526655
526656
526657
526661
526662
526663
526664
526665
526666
526667
526674
526711
526712
526713
526714
526715
526716
526717
526721
526722
526723
526724
526725
526726
526727
526734
526743
526751
526752
526753
526754
526755
526756
526757
526761
526762
526763
526764
526765
526766
526767
526771
526772
526773
526774
526775
526776
526777
527111
527112
527115
527116
527117
527121
527122
527125
527126
527127
527131
527132
527133
527134
527135
527136
527137
527146
527151
527152
527155
527156
527157
527171
527172
527175
527176
527177
527211
527213
527214
527215
527216
527217
527221
527222
527223
527224
527225
527226
527227
527231
527233
527234
527235
527236
527237
527246
527251
527253
527254
527255
527256
527257
527264
527271
527273
527274
527275
527276
527277
527311
527312
527313
527314
527315
527316
527317
527322
527323
527325
527326
527327
527332
527333
527335
527336
527337
527346
527352
527353
527355
527356
527357
527372
527373
527375
527376
527377
527411
527412
527413
527414
527415
527416
527417
527422
527424
527425
527426
527427
527431
527432
527433
527434
527435
527436
527437
527442
527444
527445
527446
527447
527452
527454
527455
527456
527457
527462
527464
527465
527466
527467
527472
527474
527475
527476
527477
527511
527512
527513
527514
527515
527516
527517
527521
527522
527523
527524
527525
527526
527527
527531
527532
527533
527534
527535
527536
527537
527546
527551
527552
527553
527554
527555
527556
527557
527564
527571
527572
527573
527574
527575
527576
527577
527611
527612
527613
527614
527615
527616
527617
527621
527622
527623
527624
527625
527626
527627
527631
527632
527633
527634
527635
527636
527637
527641
527642
527643
527644
527645
527646
527647
527651
527652
527653
527654
527655
527656
527657
527661
527662
527663
527664
527665
527666
527667
527671
527672
527673
527674
527675
527676
527677
527711
527712
527713
527714
527715
527716
527717
527721
527722
527723
527724
527725
527726
527727
527731
527732
527733
527734
527735
527736
527737
527746
527751
527752
527753
527754
527755
527756
527757
527764
527771
527772
527773
527774
527775
527776
527777
531111
531112
531113
531114
531115
531116
531117
531121
531122
531123
531124
531125
531126
531127
531131
531132
531133
531134
531135
531136
531137
531141
531142
531143
531144
531145
531146
531147
531151
531152
531153
531154
531155
531156
531157
531161
531162
531163
531164
531165
531166
531167
531171
531172
531173
531174
531175
531176
531177
531211
531212
531213
531214
531215
531216
531217
531221
531222
531223
531224
531225
531226
531227
531231
531232
531233
531234
531235
531236
531237
531241
531242
531243
531244
531245
531246
531247
531251
531252
531253
531254
531255
531256
531257
531261
531262
531263
531264
531265
531266
531267
531271
531272
531273
531274
531275
531276
531277
531311
531312
531314
531315
531316
531317
531321
531322
531324
531325
531326
531327
531331
531332
531333
531334
531335
531336
531337
531341
531342
531344
531345
531346
531347
531351
531352
531354
531355
531356
531357
531361
531362
531364
531365
531366
531367
531371
531372
531374
531375
531376
531377
531411
531412
531413
531414
531415
531416
531417
531421
531422
531423
531424
531425
531426
531427
531431
531432
531433
531434
531435
531436
531437
531441
531442
531443
531444
531445
531446
531447
531451
531452
531453
531454
531455
531456
531457
531461
531462
531463
531464
531465
531466
531467
531471
531472
531473
531474
531475
531476
531477
531511
531512
531513
531514
531515
531516
531517
531521
531522
531523
531524
531525
531526
531527
531531
531532
531533
531534
531535
531536
531537
531541
531542
531543
531544
531545
531546
531547
531551
531552
531553
531554
531555
531556
531557
531561
531562
531563
531564
531565
531566
531567
531571
531572
531573
531574
531575
531576
531577
531611
531612
531613
531614
531615
531616
531617
531621
531622
531623
531624
531625
531626
531627
531631
531632
531633
531634
531635
531636
531637
531641
531642
531643
531644
531645
531646
531647
531651
531652
531653
531654
531655
531656
531657
531661
531662
531663
531664
531665
531666
531667
531671
531672
531673
531674
531675
531676
531677
531711
531712
531713
531714
531715
531716
531717
531721
531722
531723
531724
531725
531726
531727
531731
531732
531733
531734
531735
531736
531737
531741
531742
531743
531744
531745
531746
531747
531751
531752
531753
531754
531755
531756
531757
531761
531762
531763
531764
531765
531766
531767
531771
531772
531773
531774
531775
531776
531777
532111
532112
532113
532114
532115
532116
532117
532121
532122
532123
532124
532125
532126
532127
532131
532132
532133
532134
532135
532136
532137
532141
532142
532143
532144
532145
532146
532147
532151
532152
532153
532154
532155
532156
532157
532161
532162
532163
532164
532165
532166
532167
532171
532172
532173
532174
532175
532176
532177
532211
532212
532213
532214
532215
532216
532217
532221
532222
532223
532224
532225
532226
532227
532231
532232
532233
532234
532235
532236
532237
532241
532242
532243
532244
532245
532246
532247
532251
532252
532253
532254
532255
532256
532257
532261
532262
532263
532264
532265
532266
532267
532271
532272
532273
532274
532275
532276
532277
532311
532312
532314
532315
532316
532317
532321
532322
532324
532325
532326
532327
532331
532332
532333
532334
532335
532336
532337
532341
532342
532344
532345
532346
532347
532351
532352
532354
532355
532356
532357
532361
532362
532364
532365
532366
532367
532371
532372
532374
532375
532376
532377
532411
532412
532413
532414
532415
532416
532417
532421
532422
532423
532424
532425
532426
532427
532431
532432
532433
532434
532435
532436
532437
532441
532442
532443
532444
532445
532446
532447
532451
532452
532453
532454
532455
532456
532457
532461
532462
532463
532464
532465
532466
532467
532471
532472
532473
532474
532475
532476
532477
532511
532512
532513
532514
532515
532516
532517
532521
532522
532523
532524
532525
532526
532527
532531
532532
532533
532534
532535
532536
532537
532541
532542
532543
532544
532545
532546
532547
532551
532552
532553
532554
532555
532556
532557
532561
532562
532563
532564
532565
532566
532567
532571
532572
532573
532574
532575
532576
532577
532611
532612
532613
532614
532615
532616
532617
532621
532622
532623
532624
532625
532626
532627
532631
532632
532633
532634
532635
532636
532637
532641
532642
532643
532644
532645
532646
532647
532651
532652
532653
532654
532655
532656
532657
532661
532662
532663
532664
532665
532666
532667
532671
532672
532673
532674
532675
532676
532677
532711
532712
532713
532714
532715
532716
532717
532721
532722
532723
532724
532725
532726
532727
532731
532732
532733
532734
532735
532736
532737
532741
532742
532743
532744
532745
532746
532747
532751
532752
532753
532754
532755
532756
532757
532761
532762
532763
532764
532765
532766
532767
532771
532772
532773
532774
532775
532776
532777
533111
533113
533115
533116
533117
533121
533122
533123
533124
533125
533126
533127
533131
533133
533135
533136
533137
533141
533142
533143
533144
533145
533146
533147
533151
533153
533155
533156
533157
533161
533163
533165
533166
533167
533171
533173
533175
533176
533177
533211
533212
533213
533214
533215
533216
533217
533222
533223
533225
533226
533227
533232
533233
533235
533236
533237
533241
533242
533243
533244
533245
533246
533247
533252
533253
533255
533256
533257
533262
533263
533265
533266
533267
533272
533273
533275
533276
533277
533311
533312
533313
533314
533315
533316
533317
533321
533322
533323
533324
533325
533326
533327
533331
533332
533333
533334
533335
533336
533337
533341
533342
533343
533344
533345
533346
533347
533351
533352
533353
533354
533355
533356
533357
533361
533362
533363
533364
533365
533366
533367
533371
533372
533373
533374
533375
533376
533377
533411
533412
533413
533414
533415
533416
533417
533421
533422
533423
533424
533425
533426
533427
533433
533434
533435
533436
533437
533443
533444
533445
533446
533447
533453
533454
533455
533456
533457
533463
533464
533465
533466
533467
533473
533474
533475
533476
533477
533511
533512
533513
533514
533515
533516
533517
533521
533522
533523
533524
533525
533526
533527
533531
533532
533533
533534
533535
533536
533537
533541
533542
533543
533544
533545
533546
533547
533551
533552
533553
533554
533555
533556
533557
533561
533562
533563
533564
533565
533566
533567
533571
533572
533573
533574
533575
533576
533577
533611
533612
533613
533614
533615
533616
533617
533621
533622
533623
533624
533625
533626
533627
533631
533632
533633
533634
533635
533636
533637
533641
533642
533643
533644
533645
533646
533647
533651
533652
533653
533654
533655
533656
533657
533661
533662
533663
533664
533665
533666
533667
533671
533672
533673
533674
533675
533676
533677
533711
533712
533713
533714
533715
533716
533717
533721
533722
533723
533724
533725
533726
533727
533731
533732
533733
533734
533735
533736
533737
533741
533742
533743
533744
533745
533746
533747
533751
533752
533753
533754
533755
533756
533757
533761
533762
533763
533764
533765
533766
533767
533771
533772
533773
533774
533775
533776
533777
534111
534112
534113
534114
534115
534116
534117
534121
534122
534123
534124
534125
534126
534127
534131
534132
534133
534134
534135
534136
534137
534141
534142
534143
534144
534145
534146
534147
534151
534152
534153
534154
534155
534156
534157
534167
534176
534211
534212
534213
534214
534215
534216
534217
534221
534222
534223
534224
534225
534226
534227
534231
534232
534233
534234
534235
534236
534237
534241
534242
534243
534244
534245
534246
534247
534251
534252
534253
534254
534255
534256
534257
534267
534276
534311
534312
534314
534315
534316
534317
534321
534322
534324
534325
534326
534327
534331
534332
534333
534334
534335
534336
534337
534341
534342
534344
534345
534346
534347
534351
534352
534354
534355
534356
534357
534367
534376
534411
534412
534413
534414
534415
534416
534417
534421
534422
534423
534424
534425
534426
534427
534431
534432
534433
534434
534435
534436
534437
534441
534442
534443
534444
534445
534446
534447
534451
534452
534453
534454
534455
534456
534457
534467
534476
534511
534512
534513
534514
534515
534516
534517
534521
534522
534523
534524
534525
534526
534527
534531
534532
534533
534534
534535
534536
534537
534541
534542
534543
534544
534545
534546
534547
534551
534552
534553
534554
534555
534556
534557
534567
534576
534611
534612
534613
534614
534615
534616
534617
534621
534622
534623
534624
534625
534626
534627
534631
534632
534633
534634
534635
534636
534637
534641
534642
534643
534644
534645
534646
534647
534651
534652
534653
534654
534655
534656
534657
534661
534662
534663
534664
534665
534666
534667
534671
534672
534673
534674
534675
534676
534677
534711
534712
534713
534714
534715
534716
534717
534721
534722
534723
534724
534725
534726
534727
534731
534732
534733
534734
534735
534736
534737
534741
534742
534743
534744
534745
534746
534747
534751
534752
534753
534754
534755
534756
534757
534761
534762
534763
534764
534765
534766
534767
534771
534772
534773
534774
534775
534776
534777
535111
535113
535115
535116
535117
535121
535122
535123
535124
535125
535126
535127
535131
535133
535135
535136
535137
535141
535142
535143
535144
535145
535146
535147
535155
535161
535163
535165
535166
535167
535171
535173
535175
535176
535177
535211
535212
535213
535214
535215
535216
535217
535222
535223
535225
535226
535227
535232
535233
535235
535236
535237
535241
535242
535243
535244
535245
535246
535247
535255
535262
535263
535265
535266
535267
535272
535273
535275
535276
535277
535311
535312
535314
535315
535316
535317
535321
535322
535324
535325
535326
535327
535331
535332
535333
535334
535335
535336
535337
535341
535342
535344
535345
535346
535347
535355
535361
535362
535364
535365
535366
535367
535371
535372
535374
535375
535376
535377
535411
535412
535413
535414
535415
535416
535417
535421
535422
535423
535424
535425
535426
535427
535433
535434
535435
535436
535437
535443
535444
535445
535446
535447
535455
535463
535464
535465
535466
535467
535473
535474
535475
535476
535477
535511
535512
535513
535514
535515
535516
535517
535521
535522
535523
535524
535525
535526
535527
535531
535532
535533
535534
535535
535536
535537
535541
535542
535543
535544
535545
535546
535547
535551
535552
535553
535554
535555
535556
535557
535561
535562
535563
535564
535565
535566
535567
535571
535572
535573
535574
535575
535576
535577
535611
535612
535613
535614
535615
535616
535617
535621
535622
535623
535624
535625
535626
535627
535631
535632
535633
535634
535635
535636
535637
535641
535642
535643
535644
535645
535646
535647
535655
535661
535662
535663
535664
535665
535666
535667
535671
535672
535673
535674
535675
535676
535677
535711
535712
535713
535714
535715
535716
535717
535721
535722
535723
535724
535725
535726
535727
535731
535732
535733
535734
535735
535736
535737
535741
535742
535743
535744
535745
535746
535747
535755
535761
535762
535763
535764
535765
535766
535767
535771
535772
535773
535774
535775
535776
535777
536111
536113
536115
536116
536117
536121
536122
536123
536124
536125
536126
536127
536131
536133
536135
536136
536137
536147
536151
536153
536155
536156
536157
536161
536163
536165
536166
536167
536211
536212
536213
536214
536215
536216
536217
536222
536223
536225
536226
536227
536232
536233
536235
536236
536237
536247
536252
536253
536255
536256
536257
536262
536263
536265
536266
536267
536311
536312
536314
536315
536316
536317
536321
536322
536324
536325
536326
536327
536331
536332
536333
536334
536335
536336
536337
536347
536351
536352
536354
536355
536356
536357
536361
536362
536364
536365
536366
536367
536374
536411
536412
536413
536414
536415
536416
536417
536421
536422
536423
536424
536425
536426
536427
536433
536434
536435
536436
536437
536443
536444
536445
536446
536447
536453
536454
536455
536456
536457
536463
536464
536465
536466
536467
536473
536474
536475
536476
536477
536511
536512
536513
536514
536515
536516
536517
536521
536522
536523
536524
536525
536526
536527
536531
536532
536533
536534
536535
536536
536537
536547
536551
536552
536553
536554
536555
536556
536557
536561
536562
536563
536564
536565
536566
536567
536574
536611
536612
536613
536614
536615
536616
536617
536621
536622
536623
536624
536625
536626
536627
536631
536632
536633
536634
536635
536636
536637
536647
536651
536652
536653
536654
536655
536656
536657
536661
536662
536663
536664
536665
536666
536667
536674
536711
536712
536713
536714
536715
536716
536717
536721
536722
536723
536724
536725
536726
536727
536731
536732
536733
536734
536735
536736
536737
536741
536742
536743
536744
536745
536746
536747
536751
536752
536753
536754
536755
536756
536757
536761
536762
536763
536764
536765
536766
536767
536771
536772
536773
536774
536775
536776
536777
537111
537113
537115
537116
537117
537121
537122
537123
537124
537125
537126
537127
537131
537133
537135
537136
537137
537146
537151
537153
537155
537156
537157
537171
537173
537175
537176
537177
537211
537212
537213
537214
537215
537216
537217
537222
537223
537225
537226
537227
537232
537233
537235
537236
537237
537246
537252
537253
537255
537256
537257
537272
537273
537275
537276
537277
537311
537312
537314
537315
537316
537317
537321
537322
537324
537325
537326
537327
537331
537332
537333
537334
537335
537336
537337
537346
537351
537352
537354
537355
537356
537357
537364
537371
537372
537374
537375
537376
537377
537411
537412
537413
537414
537415
537416
537417
537421
537422
537423
537424
537425
537426
537427
537433
537434
537435
537436
537437
537443
537444
537445
537446
537447
537453
537454
537455
537456
537457
537463
537464
537465
537466
537467
537473
537474
537475
537476
537477
537511
537512
537513
537514
537515
537516
537517
537521
537522
537523
537524
537525
537526
537527
537531
537532
537533
537534
537535
537536
537537
537546
537551
537552
537553
537554
537555
537556
537557
537564
537571
537572
537573
537574
537575
537576
537577
537611
537612
537613
537614
537615
537616
537617
537621
537622
537623
537624
537625
537626
537627
537631
537632
537633
537634
537635
537636
537637
537641
537642
537643
537644
537645
537646
537647
537651
537652
537653
537654
537655
537656
537657
537661
537662
537663
537664
537665
537666
537667
537671
537672
537673
537674
537675
537676
537677
537711
537712
537713
537714
537715
537716
537717
537721
537722
537723
537724
537725
537726
537727
537731
537732
537733
537734
537735
537736
537737
537746
537751
537752
537753
537754
537755
537756
537757
537764
537771
537772
537773
537774
537775
537776
537777
541111
541112
541113
541114
541115
541116
541117
541121
541122
541123
541124
541125
541126
541127
541131
541132
541133
541134
541135
541136
541137
541141
541142
541143
541144
541145
541146
541147
541151
541152
541153
541154
541155
541156
541157
541161
541162
541163
541164
541165
541166
541167
541171
541172
541173
541174
541175
541176
541177
541211
541212
541213
541214
541215
541216
541217
541221
541222
541223
541224
541225
541226
541227
541231
541232
541233
541234
541235
541236
541237
541241
541242
541243
541244
541245
541246
541247
541251
541252
541253
541254
541255
541256
541257
541261
541262
541263
541264
541265
541266
541267
541271
541272
541273
541274
541275
541276
541277
541311
541312
541313
541314
541315
541316
541317
541321
541322
541323
541324
541325
541326
541327
541331
541332
541333
541334
541335
541336
541337
541341
541342
541343
541344
541345
541346
541347
541351
541352
541353
541354
541355
541356
541357
541361
541362
541363
541364
541365
541366
541367
541371
541372
541373
541374
541375
541376
541377
541411
541412
541413
541415
541416
541417
541421
541422
541423
541425
541426
541427
541431
541432
541433
541435
541436
541437
541441
541442
541443
541444
541445
541446
541447
541451
541452
541453
541455
541456
541457
541461
541462
541463
541465
541466
541467
541471
541472
541473
541475
541476
541477
541511
541512
541513
541514
541515
541516
541517
541521
541522
541523
541524
541525
541526
541527
541531
541532
541533
541534
541535
541536
541537
541541
541542
541543
541544
541545
541546
541547
541551
541552
541553
541554
541555
541556
541557
541561
541562
541563
541564
541565
541566
541567
541571
541572
541573
541574
541575
541576
541577
541611
541612
541613
541614
541615
541616
541617
541621
541622
541623
541624
541625
541626
541627
541631
541632
541633
541634
541635
541636
541637
541641
541642
541643
541644
541645
541646
541647
541651
541652
541653
541654
541655
541656
541657
541661
541662
541663
541664
541665
541666
541667
541671
541672
541673
541674
541675
541676
541677
541711
541712
541713
541714
541715
541716
541717
541721
541722
541723
541724
541725
541726
541727
541731
541732
541733
541734
541735
541736
541737
541741
541742
541743
541744
541745
541746
541747
541751
541752
541753
541754
541755
541756
541757
541761
541762
541763
541764
541765
541766
541767
541771
541772
541773
541774
541775
541776
541777
542111
542112
542113
542114
542115
542116
542117
542121
542122
542123
542124
542125
542126
542127
542131
542132
542133
542134
542135
542136
542137
542141
542142
542143
542144
542145
542146
542147
542151
542152
542153
542154
542155
542156
542157
542161
542162
542163
542164
542165
542166
542167
542171
542172
542173
542174
542175
542176
542177
542211
542212
542213
542214
542215
542216
542217
542221
542222
542223
542224
542225
542226
542227
542231
542232
542233
542234
542235
542236
542237
542241
542242
542243
542244
542245
542246
542247
542251
542252
542253
542254
542255
542256
542257
542261
542262
542263
542264
542265
542266
542267
542271
542272
542273
542274
542275
542276
542277
542311
542312
542313
542314
542315
542316
542317
542321
542322
542323
542324
542325
542326
542327
542331
542332
542333
542334
542335
542336
542337
542341
542342
542343
542344
542345
542346
542347
542351
542352
542353
542354
542355
542356
542357
542361
542362
542363
542364
542365
542366
542367
542371
542372
542373
542374
542375
542376
542377
542411
542412
542413
542415
542416
542417
542421
542422
542423
542425
542426
542427
542431
542432
542433
542435
542436
542437
542441
542442
542443
542444
542445
542446
542447
542451
542452
542453
542455
542456
542457
542461
542462
542463
542465
542466
542467
542471
542472
542473
542475
542476
542477
542511
542512
542513
542514
542515
542516
542517
542521
542522
542523
542524
542525
542526
542527
542531
542532
542533
542534
542535
542536
542537
542541
542542
542543
542544
542545
542546
542547
542551
542552
542553
542554
542555
542556
542557
542561
542562
542563
542564
542565
542566
542567
542571
542572
542573
542574
542575
542576
542577
542611
542612
542613
542614
542615
542616
542617
542621
542622
542623
542624
542625
542626
542627
542631
542632
542633
542634
542635
542636
542637
542641
542642
542643
542644
542645
542646
542647
542651
542652
542653
542654
542655
542656
542657
542661
542662
542663
542664
542665
542666
542667
542671
542672
542673
542674
542675
542676
542677
542711
542712
542713
542714
542715
542716
542717
542721
542722
542723
542724
542725
542726
542727
542731
542732
542733
542734
542735
542736
542737
542741
542742
542743
542744
542745
542746
542747
542751
542752
542753
542754
542755
542756
542757
542761
542762
542763
542764
542765
542766
542767
542771
542772
542773
542774
542775
542776
542777
543111
543112
543113
543114
543115
543116
543117
543121
543122
543123
543124
543125
543126
543127
543131
543132
543133
543134
543135
543136
543137
543141
543142
543143
543144
543145
543146
543147
543151
543152
543153
543154
543155
543156
543157
543161
543162
543163
543164
543165
543166
543167
543171
543172
543173
543174
543175
543176
543177
543211
543212
543213
543214
543215
543216
543217
543221
543222
543223
543224
543225
543226
543227
543231
543232
543233
543234
543235
543236
543237
543241
543242
543243
543244
543245
543246
543247
543251
543252
543253
543254
543255
543256
543257
543261
543262
543263
543264
543265
543266
543267
543271
543272
543273
543274
543275
543276
543277
543311
543312
543313
543314
543315
543316
543317
543321
543322
543323
543324
543325
543326
543327
543331
543332
543333
543334
543335
543336
543337
543341
543342
543343
543344
543345
543346
543347
543351
543352
543353
543354
543355
543356
543357
543361
543362
543363
543364
543365
543366
543367
543371
543372
543373
543374
543375
543376
543377
543411
543412
543413
543415
543416
543417
543421
543422
543423
543425
543426
543427
543431
543432
543433
543435
543436
543437
543441
543442
543443
543444
543445
543446
543447
543451
543452
543453
543455
543456
543457
543461
543462
543463
543465
543466
543467
543471
543472
543473
543475
543476
543477
543511
543512
543513
543514
543515
543516
543517
543521
543522
543523
543524
543525
543526
543527
543531
543532
543533
543534
543535
543536
543537
543541
543542
543543
543544
543545
543546
543547
543551
543552
543553
543554
543555
543556
543557
543561
543562
543563
543564
543565
543566
543567
543571
543572
543573
543574
543575
543576
543577
543611
543612
543613
543614
543615
543616
543617
543621
543622
543623
543624
543625
543626
543627
543631
543632
543633
543634
543635
543636
543637
543641
543642
543643
543644
543645
543646
543647
543651
543652
543653
543654
543655
543656
543657
543661
543662
543663
543664
543665
543666
543667
543671
543672
543673
543674
543675
543676
543677
543711
543712
543713
543714
543715
543716
543717
543721
543722
543723
543724
543725
543726
543727
543731
543732
543733
543734
543735
543736
543737
543741
543742
543743
543744
543745
543746
543747
543751
543752
543753
543754
543755
543756
543757
543761
543762
543763
543764
543765
543766
543767
543771
543772
543773
543774
543775
543776
543777
544111
544114
544115
544116
544117
544121
544122
544123
544124
544125
544126
544127
544131
544132
544133
544134
544135
544136
544137
544141
544144
544145
544146
544147
544151
544154
544155
544156
544157
544161
544164
544165
544166
544167
544171
544174
544175
544176
544177
544211
544212
544213
544214
544215
544216
544217
544222
544224
544225
544226
544227
544231
544232
544233
544234
544235
544236
544237
544242
544244
544245
544246
544247
544252
544254
544255
544256
544257
544262
544264
544265
544266
544267
544272
544274
544275
544276
544277
544311
544312
544313
544314
544315
544316
544317
544321
544322
544323
544324
544325
544326
544327
544333
544334
544335
544336
544337
544343
544344
544345
544346
544347
544353
544354
544355
544356
544357
544363
544364
544365
544366
544367
544373
544374
544375
544376
544377
544411
544412
544413
544414
544415
544416
544417
544421
544422
544423
544424
544425
544426
544427
544431
544432
544433
544434
544435
544436
544437
544441
544442
544443
544444
544445
544446
544447
544451
544452
544453
544454
544455
544456
544457
544461
544462
544463
544464
544465
544466
544467
544471
544472
544473
544474
544475
544476
544477
544511
544512
544513
544514
544515
544516
544517
544521
544522
544523
544524
544525
544526
544527
544531
544532
544533
544534
544535
544536
544537
544541
544542
544543
544544
544545
544546
544547
544551
544552
544553
544554
544555
544556
544557
544561
544562
544563
544564
544565
544566
544567
544571
544572
544573
544574
544575
544576
544577
544611
544612
544613
544614
544615
544616
544617
544621
544622
544623
544624
544625
544626
544627
544631
544632
544633
544634
544635
544636
544637
544641
544642
544643
544644
544645
544646
544647
544651
544652
544653
544654
544655
544656
544657
544661
544662
544663
544664
544665
544666
544667
544671
544672
544673
544674
544675
544676
544677
544711
544712
544713
544714
544715
544716
544717
544721
544722
544723
544724
544725
544726
544727
544731
544732
544733
544734
544735
544736
544737
544741
544742
544743
544744
544745
544746
544747
544751
544752
544753
544754
544755
544756
544757
544761
544762
544763
544764
544765
544766
544767
544771
544772
544773
544774
544775
544776
544777
545111
545114
545115
545116
545117
545121
545122
545123
545124
545125
545126
545127
545131
545132
545133
545134
545135
545136
545137
545141
545144
545145
545146
545147
545155
545161
545164
545165
545166
545167
545171
545174
545175
545176
545177
545211
545212
545213
545214
545215
545216
545217
545222
545224
545225
545226
545227
545231
545232
545233
545234
545235
545236
545237
545242
545244
545245
545246
545247
545255
545262
545264
545265
545266
545267
545272
545274
545275
545276
545277
545311
545312
545313
545314
545315
545316
545317
545321
545322
545323
545324
545325
545326
545327
545333
545334
545335
545336
545337
545343
545344
545345
545346
545347
545355
545363
545364
545365
545366
545367
545373
545374
545375
545376
545377
545411
545412
545413
545415
545416
545417
545421
545422
545423
545425
545426
545427
545431
545432
545433
545435
545436
545437
545441
545442
545443
545444
545445
545446
545447
545455
545461
545462
545463
545465
545466
545467
545471
545472
545473
545475
545476
545477
545511
545512
545513
545514
545515
545516
545517
545521
545522
545523
545524
545525
545526
545527
545531
545532
545533
545534
545535
545536
545537
545541
545542
545543
545544
545545
545546
545547
545551
545552
545553
545554
545555
545556
545557
545561
545562
545563
545564
545565
545566
545567
545571
545572
545573
545574
545575
545576
545577
545611
545612
545613
545614
545615
545616
545617
545621
545622
545623
545624
545625
545626
545627
545631
545632
545633
545634
545635
545636
545637
545641
545642
545643
545644
545645
545646
545647
545655
545661
545662
545663
545664
545665
545666
545667
545671
545672
545673
545674
545675
545676
545677
545711
545712
545713
545714
545715
545716
545717
545721
545722
545723
545724
545725
545726
545727
545731
545732
545733
545734
545735
545736
545737
545741
545742
545743
545744
545745
545746
545747
545755
545761
545762
545763
545764
545765
545766
545767
545771
545772
545773
545774
545775
545776
545777
546111
546114
546115
546116
546117
546121
546122
546123
546124
546125
546126
546127
546131
546132
546133
546134
546135
546136
546137
546141
546144
546145
546146
546147
546151
546154
546155
546156
546157
546161
546164
546165
546166
546167
546171
546174
546175
546176
546177
546211
546212
546213
546214
546215
546216
546217
546222
546224
546225
546226
546227
546231
546232
546233
546234
546235
546236
546237
546242
546244
546245
546246
546247
546252
546254
546255
546256
546257
546262
546264
546265
546266
546267
546272
546274
546275
546276
546277
546311
546312
546313
546314
546315
546316
546317
546321
546322
546323
546324
546325
546326
546327
546333
546334
546335
546336
546337
546343
546344
546345
546346
546347
546353
546354
546355
546356
546357
546363
546364
546365
546366
546367
546373
546374
546375
546376
546377
546411
546412
546413
546415
546416
546417
546421
546422
546423
546425
546426
546427
546431
546432
546433
546435
546436
546437
546441
546442
546443
546444
546445
546446
546447
546451
546452
546453
546455
546456
546457
546461
546462
546463
546465
546466
546467
546471
546472
546473
546475
546476
546477
546511
546512
546513
546514
546515
546516
546517
546521
546522
546523
546524
546525
546526
546527
546531
546532
546533
546534
546535
546536
546537
546541
546542
546543
546544
546545
546546
546547
546551
546552
546553
546554
546555
546556
546557
546561
546562
546563
546564
546565
546566
546567
546571
546572
546573
546574
546575
546576
546577
546611
546612
546613
546614
546615
546616
546617
546621
546622
546623
546624
546625
546626
546627
546631
546632
546633
546634
546635
546636
546637
546641
546642
546643
546644
546645
546646
546647
546651
546652
546653
546654
546655
546656
546657
546661
546662
546663
546664
546665
546666
546667
546671
546672
546673
546674
546675
546676
546677
546711
546712
546713
546714
546715
546716
546717
546721
546722
546723
546724
546725
546726
546727
546731
546732
546733
546734
546735
546736
546737
546741
546742
546743
546744
546745
546746
546747
546751
546752
546753
546754
546755
546756
546757
546761
546762
546763
546764
546765
546766
546767
546771
546772
546773
546774
546775
546776
546777
547111
547114
547115
547116
547117
547121
547122
547123
547124
547125
547126
547127
547131
547132
547133
547134
547135
547136
547137
547141
547144
547145
547146
547147
547151
547154
547155
547156
547157
547161
547164
547165
547166
547167
547171
547174
547175
547176
547177
547211
547212
547213
547214
547215
547216
547217
547222
547224
547225
547226
547227
547231
547232
547233
547234
547235
547236
547237
547242
547244
547245
547246
547247
547252
547254
547255
547256
547257
547262
547264
547265
547266
547267
547272
547274
547275
547276
547277
547311
547312
547313
547314
547315
547316
547317
547321
547322
547323
547324
547325
547326
547327
547333
547334
547335
547336
547337
547343
547344
547345
547346
547347
547353
547354
547355
547356
547357
547363
547364
547365
547366
547367
547373
547374
547375
547376
547377
547411
547412
547413
547415
547416
547417
547421
547422
547423
547425
547426
547427
547431
547432
547433
547435
547436
547437
547441
547442
547443
547444
547445
547446
547447
547451
547452
547453
547455
547456
547457
547461
547462
547463
547465
547466
547467
547471
547472
547473
547475
547476
547477
547511
547512
547513
547514
547515
547516
547517
547521
547522
547523
547524
547525
547526
547527
547531
547532
547533
547534
547535
547536
547537
547541
547542
547543
547544
547545
547546
547547
547551
547552
547553
547554
547555
547556
547557
547561
547562
547563
547564
547565
547566
547567
547571
547572
547573
547574
547575
547576
547577
547611
547612
547613
547614
547615
547616
547617
547621
547622
547623
547624
547625
547626
547627
547631
547632
547633
547634
547635
547636
547637
547641
547642
547643
547644
547645
547646
547647
547651
547652
547653
547654
547655
547656
547657
547661
547662
547663
547664
547665
547666
547667
547671
547672
547673
547674
547675
547676
547677
547711
547712
547713
547714
547715
547716
547717
547721
547722
547723
547724
547725
547726
547727
547731
547732
547733
547734
547735
547736
547737
547741
547742
547743
547744
547745
547746
547747
547751
547752
547753
547754
547755
547756
547757
547761
547762
547763
547764
547765
547766
547767
547771
547772
547773
547774
547775
547776
547777
551111
551112
551113
551114
551115
551116
551117
551121
551122
551123
551124
551125
551126
551127
551131
551132
551133
551134
551135
551136
551137
551141
551142
551143
551144
551145
551146
551147
551151
551152
551153
551154
551155
551156
551157
551161
551162
551163
551164
551165
551166
551167
551171
551172
551173
551174
551175
551176
551177
551211
551212
551213
551214
551215
551216
551217
551221
551222
551223
551224
551225
551226
551227
551231
551232
551233
551234
551235
551236
551237
551241
551242
551243
551244
551245
551246
551247
551251
551252
551253
551254
551255
551256
551257
551261
551262
551263
551264
551265
551266
551267
551271
551272
551273
551274
551275
551276
551277
551311
551312
551313
551314
551315
551316
551317
551321
551322
551323
551324
551325
551326
551327
551331
551332
551333
551334
551335
551336
551337
551341
551342
551343
551344
551345
551346
551347
551351
551352
551353
551354
551355
551356
551357
551361
551362
551363
551364
551365
551366
551367
551371
551372
551373
551374
551375
551376
551377
551411
551412
551413
551414
551415
551416
551417
551421
551422
551423
551424
551425
551426
551427
551431
551432
551433
551434
551435
551436
551437
551441
551442
551443
551444
551445
551446
551447
551451
551452
551453
551454
551455
551456
551457
551461
551462
551463
551464
551465
551466
551467
551471
551472
551473
551474
551475
551476
551477
551511
551512
551513
551514
551516
551517
551521
551522
551523
551524
551526
551527
551531
551532
551533
551534
551536
551537
551541
551542
551543
551544
551546
551547
551551
551552
551553
551554
551555
551556
551557
551561
551562
551563
551564
551566
551567
551571
551572
551573
551574
551576
551577
551611
551612
551613
551614
551615
551616
551617
551621
551622
551623
551624
551625
551626
551627
551631
551632
551633
551634
551635
551636
551637
551641
551642
551643
551644
551645
551646
551647
551651
551652
551653
551654
551655
551656
551657
551661
551662
551663
551664
551665
551666
551667
551671
551672
551673
551674
551675
551676
551677
551711
551712
551713
551714
551715
551716
551717
551721
551722
551723
551724
551725
551726
551727
551731
551732
551733
551734
551735
551736
551737
551741
551742
551743
551744
551745
551746
551747
551751
551752
551753
551754
551755
551756
551757
551761
551762
551763
551764
551765
551766
551767
551771
551772
551773
551774
551775
551776
551777
552111
552112
552113
552114
552115
552116
552117
552121
552122
552123
552124
552125
552126
552127
552134
552143
552151
552152
552153
552154
552155
552156
552157
552161
552162
552163
552164
552165
552166
552167
552171
552172
552173
552174
552175
552176
552177
552211
552212
552213
552214
552215
552216
552217
552221
552222
552223
552224
552225
552226
552227
552234
552243
552251
552252
552253
552254
552255
552256
552257
552261
552262
552263
552264
552265
552266
552267
552271
552272
552273
552274
552275
552276
552277
552311
552312
552313
552314
552315
552316
552317
552321
552322
552323
552324
552325
552326
552327
552331
552332
552333
552334
552335
552336
552337
552341
552342
552343
552344
552345
552346
552347
552351
552352
552353
552354
552355
552356
552357
552361
552362
552363
552364
552365
552366
552367
552371
552372
552373
552374
552375
552376
552377
552411
552412
552413
552414
552415
552416
552417
552421
552422
552423
552424
552425
552426
552427
552431
552432
552433
552434
552435
552436
552437
552441
552442
552443
552444
552445
552446
552447
552451
552452
552453
552454
552455
552456
552457
552461
552462
552463
552464
552465
552466
552467
552471
552472
552473
552474
552475
552476
552477
552511
552512
552513
552514
552516
552517
552521
552522
552523
552524
552526
552527
552534
552543
552551
552552
552553
552554
552555
552556
552557
552561
552562
552563
552564
552566
552567
552571
552572
552573
552574
552576
552577
552611
552612
552613
552614
552615
552616
552617
552621
552622
552623
552624
552625
552626
552627
552634
552643
552651
552652
552653
552654
552655
552656
552657
552661
552662
552663
552664
552665
552666
552667
552671
552672
552673
552674
552675
552676
552677
552711
552712
552713
552714
552715
552716
552717
552721
552722
552723
552724
552725
552726
552727
552734
552743
552751
552752
552753
552754
552755
552756
552757
552761
552762
552763
552764
552765
552766
552767
552771
552772
552773
552774
552775
552776
552777
553111
553112
553113
553114
553115
553116
553117
553124
553131
553132
553133
553134
553135
553136
553137
553151
553152
553153
553154
553155
553156
553157
553164
553171
553172
553173
553174
553175
553176
553177
553211
553212
553213
553214
553215
553216
553217
553221
553222
553223
553224
553225
553226
553227
553231
553232
553233
553234
553235
553236
553237
553246
553251
553252
553253
553254
553255
553256
553257
553264
553271
553272
553273
553274
553275
553276
553277
553311
553312
553313
553314
553315
553316
553317
553324
553331
553332
553333
553334
553335
553336
553337
553351
553352
553353
553354
553355
553356
553357
553364
553371
553372
553373
553374
553375
553376
553377
553411
553412
553413
553414
553415
553416
553417
553421
553422
553423
553424
553425
553426
553427
553431
553432
553433
553434
553435
553436
553437
553441
553442
553443
553444
553445
553446
553447
553451
553452
553453
553454
553455
553456
553457
553461
553462
553463
553464
553465
553466
553467
553471
553472
553473
553474
553475
553476
553477
553511
553512
553513
553514
553516
553517
553524
553531
553532
553533
553534
553536
553537
553551
553552
553553
553554
553555
553556
553557
553564
553571
553572
553573
553574
553576
553577
553611
553612
553613
553614
553615
553616
553617
553624
553631
553632
553633
553634
553635
553636
553637
553642
553651
553652
553653
553654
553655
553656
553657
553661
553662
553663
553664
553665
553666
553667
553671
553672
553673
553674
553675
553676
553677
553711
553712
553713
553714
553715
553716
553717
553724
553731
553732
553733
553734
553735
553736
553737
553751
553752
553753
553754
553755
553756
553757
553764
553771
553772
553773
553774
553775
553776
553777
554111
554112
554113
554114
554115
554116
554117
554123
554141
554142
554143
554144
554145
554146
554147
554151
554152
554153
554154
554155
554156
554157
554176
554211
554212
554213
554214
554215
554216
554217
554221
554222
554223
554224
554225
554226
554227
554236
554241
554242
554243
554244
554245
554246
554247
554251
554252
554253
554254
554255
554256
554257
554276
554311
554312
554313
554314
554315
554316
554317
554321
554322
554323
554324
554325
554326
554327
554331
554332
554333
554334
554335
554336
554337
554341
554342
554343
554344
554345
554346
554347
554351
554352
554353
554354
554355
554356
554357
554367
554376
554411
554412
554413
554414
554415
554416
554417
554423
554441
554442
554443
554444
554445
554446
554447
554451
554452
554453
554454
554455
554456
554457
554476
554511
554512
554513
554514
554516
554517
554523
554541
554542
554543
554544
554546
554547
554551
554552
554553
554554
554555
554556
554557
554576
554611
554612
554613
554614
554615
554616
554617
554623
554632
554641
554642
554643
554644
554645
554646
554647
554651
554652
554653
554654
554655
554656
554657
554661
554662
554663
554664
554665
554666
554667
554671
554672
554673
554674
554675
554676
554677
554711
554712
554713
554714
554715
554716
554717
554723
554741
554742
554743
554744
554745
554746
554747
554751
554752
554753
554754
554755
554756
554757
554763
554771
554772
554773
554774
554775
554776
554777
555111
555112
555113
555114
555115
555116
555117
555121
555122
555123
555124
555125
555126
555127
555131
555132
555133
555134
555135
555136
555137
555141
555142
555143
555144
555145
555146
555147
555151
555152
555153
555154
555155
555156
555157
555161
555162
555163
555164
555165
555166
555167
555171
555172
555173
555174
555175
555176
555177
555211
555212
555213
555214
555215
555216
555217
555221
555222
555223
555224
555225
555226
555227
555231
555232
555233
555234
555235
555236
555237
555241
555242
555243
555244
555245
555246
555247
555251
555252
555253
555254
555255
555256
555257
555261
555262
555263
555264
555265
555266
555267
555271
555272
555273
555274
555275
555276
555277
555311
555312
555313
555314
555315
555316
555317
555321
555322
555323
555324
555325
555326
555327
555331
555332
555333
555334
555335
555336
555337
555341
555342
555343
555344
555345
555346
555347
555351
555352
555353
555354
555355
555356
555357
555361
555362
555363
555364
555365
555366
555367
555371
555372
555373
555374
555375
555376
555377
555411
555412
555413
555414
555415
555416
555417
555421
555422
555423
555424
555425
555426
555427
555431
555432
555433
555434
555435
555436
555437
555441
555442
555443
555444
555445
555446
555447
555451
555452
555453
555454
555455
555456
555457
555461
555462
555463
555464
555465
555466
555467
555471
555472
555473
555474
555475
555476
555477
555511
555512
555513
555514
555515
555516
555517
555521
555522
555523
555524
555525
555526
555527
555531
555532
555533
555534
555535
555536
555537
555541
555542
555543
555544
555545
555546
555547
555551
555552
555553
555554
555555
555556
555557
555561
555562
555563
555564
555565
555566
555567
555571
555572
555573
555574
555575
555576
555577
555611
555612
555613
555614
555615
555616
555617
555621
555622
555623
555624
555625
555626
555627
555631
555632
555633
555634
555635
555636
555637
555641
555642
555643
555644
555645
555646
555647
555651
555652
555653
555654
555655
555656
555657
555661
555662
555663
555664
555665
555666
555667
555671
555672
555673
555674
555675
555676
555677
555711
555712
555713
555714
555715
555716
555717
555721
555722
555723
555724
555725
555726
555727
555731
555732
555733
555734
555735
555736
555737
555741
555742
555743
555744
555745
555746
555747
555751
555752
555753
555754
555755
555756
555757
555761
555762
555763
555764
555765
555766
555767
555771
555772
555773
555774
555775
555776
555777
556111
556112
556113
556114
556115
556116
556117
556121
556122
556123
556124
556125
556126
556127
556134
556151
556152
556153
556154
556155
556156
556157
556161
556162
556163
556164
556165
556166
556167
556174
556211
556212
556213
556214
556215
556216
556217
556221
556222
556223
556224
556225
556226
556227
556234
556251
556252
556253
556254
556255
556256
556257
556261
556262
556263
556264
556265
556266
556267
556274
556311
556312
556313
556314
556315
556316
556317
556321
556322
556323
556324
556325
556326
556327
556331
556332
556333
556334
556335
556336
556337
556347
556351
556352
556353
556354
556355
556356
556357
556361
556362
556363
556364
556365
556366
556367
556374
556411
556412
556413
556414
556415
556416
556417
556421
556422
556423
556424
556425
556426
556427
556431
556432
556433
556434
556435
556436
556437
556441
556442
556443
556444
556445
556446
556447
556451
556452
556453
556454
556455
556456
556457
556461
556462
556463
556464
556465
556466
556467
556471
556472
556473
556474
556475
556476
556477
556511
556512
556513
556514
556516
556517
556521
556522
556523
556524
556526
556527
556534
556551
556552
556553
556554
556555
556556
556557
556561
556562
556563
556564
556566
556567
556574
556611
556612
556613
556614
556615
556616
556617
556621
556622
556623
556624
556625
556626
556627
556634
556651
556652
556653
556654
556655
556656
556657
556661
556662
556663
556664
556665
556666
556667
556674
556711
556712
556713
556714
556715
556716
556717
556721
556722
556723
556724
556725
556726
556727
556734
556743
556751
556752
556753
556754
556755
556756
556757
556761
556762
556763
556764
556765
556766
556767
556771
556772
556773
556774
556775
556776
556777
557111
557112
557113
557114
557115
557116
557117
557121
557122
557123
557124
557125
557126
557127
557131
557132
557133
557134
557135
557136
557137
557146
557151
557152
557153
557154
557155
557156
557157
557164
557171
557172
557173
557174
557175
557176
557177
557211
557212
557213
557214
557215
557216
557217
557221
557222
557223
557224
557225
557226
557227
557231
557232
557233
557234
557235
557236
557237
557246
557251
557252
557253
557254
557255
557256
557257
557264
557271
557272
557273
557274
557275
557276
557277
557311
557312
557313
557314
557315
557316
557317
557321
557322
557323
557324
557325
557326
557327
557331
557332
557333
557334
557335
557336
557337
557346
557351
557352
557353
557354
557355
557356
557357
557364
557371
557372
557373
557374
557375
557376
557377
557411
557412
557413
557414
557415
557416
557417
557421
557422
557423
557424
557425
557426
557427
557431
557432
557433
557434
557435
557436
557437
557441
557442
557443
557444
557445
557446
557447
557451
557452
557453
557454
557455
557456
557457
557461
557462
557463
557464
557465
557466
557467
557471
557472
557473
557474
557475
557476
557477
557511
557512
557513
557514
557516
557517
557521
557522
557523
557524
557526
557527
557531
557532
557533
557534
557536
557537
557546
557551
557552
557553
557554
557555
557556
557557
557564
557571
557572
557573
557574
557576
557577
557611
557612
557613
557614
557615
557616
557617
557621
557622
557623
557624
557625
557626
557627
557631
557632
557633
557634
557635
557636
557637
557641
557642
557643
557644
557645
557646
557647
557651
557652
557653
557654
557655
557656
557657
557661
557662
557663
557664
557665
557666
557667
557671
557672
557673
557674
557675
557676
557677
557711
557712
557713
557714
557715
557716
557717
557721
557722
557723
557724
557725
557726
557727
557731
557732
557733
557734
557735
557736
557737
557746
557751
557752
557753
557754
557755
557756
557757
557764
557771
557772
557773
557774
557775
557776
557777
561111
561112
561113
561114
561115
561116
561117
561121
561122
561123
561124
561125
561126
561127
561131
561132
561133
561134
561135
561136
561137
561141
561142
561143
561144
561145
561146
561147
561151
561152
561153
561154
561155
561156
561157
561161
561162
561163
561164
561165
561166
561167
561171
561172
561173
561174
561175
561176
561177
561211
561212
561213
561214
561215
561216
561217
561221
561222
561223
561224
561225
561226
561227
561231
561232
561233
561234
561235
561236
561237
561241
561242
561243
561244
561245
561246
561247
561251
561252
561253
561254
561255
561256
561257
561261
561262
561263
561264
561265
561266
561267
561271
561272
561273
561274
561275
561276
561277
561311
561312
561313
561314
561315
561316
561317
561321
561322
561323
561324
561325
561326
561327
561331
561332
561333
561334
561335
561336
561337
561341
561342
561343
561344
561345
561346
561347
561351
561352
561353
561354
561355
561356
561357
561361
561362
561363
561364
561365
561366
561367
561371
561372
561373
561374
561375
561376
561377
561411
561412
561413
561414
561415
561416
561417
561421
561422
561423
561424
561425
561426
561427
561431
561432
561433
561434
561435
561436
561437
561441
561442
561443
561444
561445
561446
561447
561451
561452
561453
561454
561455
561456
561457
561461
561462
561463
561464
561465
561466
561467
561471
561472
561473
561474
561475
561476
561477
561511
561512
561513
561514
561515
561516
561517
561521
561522
561523
561524
561525
561526
561527
561531
561532
561533
561534
561535
561536
561537
561541
561542
561543
561544
561545
561546
561547
561551
561552
561553
561554
561555
561556
561557
561561
561562
561563
561564
561565
561566
561567
561571
561572
561573
561574
561575
561576
561577
561611
561612
561613
561614
561615
561617
561621
561622
561623
561624
561625
561627
561631
561632
561633
561634
561635
561637
561641
561642
561643
561644
561645
561647
561651
561652
561653
561654
561655
561657
561661
561662
561663
561664
561665
561666
561667
561671
561672
561673
561674
561675
561677
561711
561712
561713
561714
561715
561716
561717
561721
561722
561723
561724
561725
561726
561727
561731
561732
561733
561734
561735
561736
561737
561741
561742
561743
561744
561745
561746
561747
561751
561752
561753
561754
561755
561756
561757
561761
561762
561763
561764
561765
561766
561767
561771
561772
561773
561774
561775
561776
561777
562111
562112
562113
562114
562115
562116
562117
562121
562122
562123
562124
562125
562126
562127
562134
562143
562151
562152
562153
562154
562155
562156
562157
562161
562162
562163
562164
562165
562166
562167
562171
562172
562173
562174
562175
562176
562177
562211
562212
562213
562214
562215
562216
562217
562221
562222
562223
562224
562225
562226
562227
562234
562243
562251
562252
562253
562254
562255
562256
562257
562261
562262
562263
562264
562265
562266
562267
562271
562272
562273
562274
562275
562276
562277
562311
562312
562313
562314
562315
562316
562317
562321
562322
562323
562324
562325
562326
562327
562331
562332
562333
562334
562335
562336
562337
562341
562342
562343
562344
562345
562346
562347
562351
562352
562353
562354
562355
562356
562357
562361
562362
562363
562364
562365
562366
562367
562371
562372
562373
562374
562375
562376
562377
562411
562412
562413
562414
562415
562416
562417
562421
562422
562423
562424
562425
562426
562427
562431
562432
562433
562434
562435
562436
562437
562441
562442
562443
562444
562445
562446
562447
562451
562452
562453
562454
562455
562456
562457
562461
562462
562463
562464
562465
562466
562467
562471
562472
562473
562474
562475
562476
562477
562511
562512
562513
562514
562515
562516
562517
562521
562522
562523
562524
562525
562526
562527
562534
562543
562551
562552
562553
562554
562555
562556
562557
562561
562562
562563
562564
562565
562566
562567
562571
562572
562573
562574
562575
562576
562577
562611
562612
562613
562614
562615
562617
562621
562622
562623
562624
562625
562627
562634
562643
562651
562652
562653
562654
562655
562657
562661
562662
562663
562664
562665
562666
562667
562671
562672
562673
562674
562675
562677
562711
562712
562713
562714
562715
562716
562717
562721
562722
562723
562724
562725
562726
562727
562734
562743
562751
562752
562753
562754
562755
562756
562757
562761
562762
562763
562764
562765
562766
562767
562771
562772
562773
562774
562775
562776
562777
563111
563112
563113
563114
563115
563116
563117
563124
563131
563132
563133
563134
563135
563136
563137
563142
563151
563152
563153
563154
563155
563156
563157
563161
563162
563163
563164
563165
563166
563167
563171
563172
563173
563174
563175
563176
563177
563211
563212
563213
563214
563215
563216
563217
563221
563222
563223
563224
563225
563226
563227
563231
563232
563233
563234
563235
563236
563237
563241
563242
563243
563244
563245
563246
563247
563251
563252
563253
563254
563255
563256
563257
563261
563262
563263
563264
563265
563266
563267
563271
563272
563273
563274
563275
563276
563277
563311
563312
563313
563314
563315
563316
563317
563324
563331
563332
563333
563334
563335
563336
563337
563342
563351
563352
563353
563354
563355
563356
563357
563361
563362
563363
563364
563365
563366
563367
563371
563372
563373
563374
563375
563376
563377
563411
563412
563413
563414
563415
563416
563417
563421
563422
563423
563424
563425
563426
563427
563431
563432
563433
563434
563435
563436
563437
563441
563442
563443
563444
563445
563446
563447
563451
563452
563453
563454
563455
563456
563457
563461
563462
563463
563464
563465
563466
563467
563471
563472
563473
563474
563475
563476
563477
563511
563512
563513
563514
563515
563516
563517
563524
563531
563532
563533
563534
563535
563536
563537
563542
563551
563552
563553
563554
563555
563556
563557
563561
563562
563563
563564
563565
563566
563567
563571
563572
563573
563574
563575
563576
563577
563611
563612
563613
563614
563615
563617
563624
563631
563632
563633
563634
563635
563637
563642
563651
563652
563653
563654
563655
563657
563661
563662
563663
563664
563665
563666
563667
563671
563672
563673
563674
563675
563677
563711
563712
563713
563714
563715
563716
563717
563724
563731
563732
563733
563734
563735
563736
563737
563742
563751
563752
563753
563754
563755
563756
563757
563761
563762
563763
563764
563765
563766
563767
563771
563772
563773
563774
563775
563776
563777
564111
564112
564113
564114
564115
564116
564117
564123
564132
564141
564142
564143
564144
564145
564146
564147
564151
564152
564153
564154
564155
564156
564157
564161
564162
564163
564164
564165
564166
564167
564171
564172
564173
564174
564175
564176
564177
564211
564212
564213
564214
564215
564216
564217
564221
564222
564223
564224
564225
564226
564227
564231
564232
564233
564234
564235
564236
564237
564241
564242
564243
564244
564245
564246
564247
564251
564252
564253
564254
564255
564256
564257
564261
564262
564263
564264
564265
564266
564267
564271
564272
564273
564274
564275
564276
564277
564311
564312
564313
564314
564315
564316
564317
564321
564322
564323
564324
564325
564326
564327
564331
564332
564333
564334
564335
564336
564337
564341
564342
564343
564344
564345
564346
564347
564351
564352
564353
564354
564355
564356
564357
564361
564362
564363
564364
564365
564366
564367
564371
564372
564373
564374
564375
564376
564377
564411
564412
564413
564414
564415
564416
564417
564423
564432
564441
564442
564443
564444
564445
564446
564447
564451
564452
564453
564454
564455
564456
564457
564461
564462
564463
564464
564465
564466
564467
564471
564472
564473
564474
564475
564476
564477
564511
564512
564513
564514
564515
564516
564517
564523
564532
564541
564542
564543
564544
564545
564546
564547
564551
564552
564553
564554
564555
564556
564557
564561
564562
564563
564564
564565
564566
564567
564571
564572
564573
564574
564575
564576
564577
564611
564612
564613
564614
564615
564617
564623
564632
564641
564642
564643
564644
564645
564647
564651
564652
564653
564654
564655
564657
564661
564662
564663
564664
564665
564666
564667
564671
564672
564673
564674
564675
564677
564711
564712
564713
564714
564715
564716
564717
564723
564732
564741
564742
564743
564744
564745
564746
564747
564751
564752
564753
564754
564755
564756
564757
564761
564762
564763
564764
564765
564766
564767
564771
564772
564773
564774
564775
564776
564777
565111
565112
565113
565114
565115
565116
565117
565121
565122
565123
565124
565125
565126
565127
565131
565132
565133
565134
565135
565136
565137
565141
565142
565143
565144
565145
565146
565147
565155
565161
565162
565163
565164
565165
565166
565167
565171
565172
565173
565174
565175
565176
565177
565211
565212
565213
565214
565215
565216
565217
565221
565222
565223
565224
565225
565226
565227
565231
565232
565233
565234
565235
565236
565237
565241
565242
565243
565244
565245
565246
565247
565255
565261
565262
565263
565264
565265
565266
565267
565271
565272
565273
565274
565275
565276
565277
565311
565312
565313
565314
565315
565316
565317
565321
565322
565323
565324
565325
565326
565327
565331
565332
565333
565334
565335
565336
565337
565341
565342
565343
565344
565345
565346
565347
565355
565361
565362
565363
565364
565365
565366
565367
565371
565372
565373
565374
565375
565376
565377
565411
565412
565413
565414
565415
565416
565417
565421
565422
565423
565424
565425
565426
565427
565431
565432
565433
565434
565435
565436
565437
565441
565442
565443
565444
565445
565446
565447
565455
565461
565462
565463
565464
565465
565466
565467
565471
565472
565473
565474
565475
565476
565477
565511
565512
565513
565514
565515
565516
565517
565521
565522
565523
565524
565525
565526
565527
565531
565532
565533
565534
565535
565536
565537
565541
565542
565543
565544
565545
565546
565547
565551
565552
565553
565554
565555
565556
565557
565561
565562
565563
565564
565565
565566
565567
565571
565572
565573
565574
565575
565576
565577
565611
565612
565613
565614
565615
565617
565621
565622
565623
565624
565625
565627
565631
565632
565633
565634
565635
565637
565641
565642
565643
565644
565645
565647
565655
565661
565662
565663
565664
565665
565666
565667
565671
565672
565673
565674
565675
565677
565711
565712
565713
565714
565715
565716
565717
565721
565722
565723
565724
565725
565726
565727
565731
565732
565733
565734
565735
565736
565737
565741
565742
565743
565744
565745
565746
565747
565755
565761
565762
565763
565764
565765
565766
565767
565771
565772
565773
565774
565775
565776
565777
566111
566112
566113
566114
566115
566116
566117
566121
566122
566123
566124
566125
566126
566127
566131
566132
566133
566134
566135
566136
566137
566141
566142
566143
566144
566145
566146
566147
566151
566152
566153
566154
566155
566156
566157
566161
566162
566163
566164
566165
566166
566167
566171
566172
566173
566174
566175
566176
566177
566211
566212
566213
566214
566215
566216
566217
566221
566222
566223
566224
566225
566226
566227
566231
566232
566233
566234
566235
566236
566237
566241
566242
566243
566244
566245
566246
566247
566251
566252
566253
566254
566255
566256
566257
566261
566262
566263
566264
566265
566266
566267
566271
566272
566273
566274
566275
566276
566277
566311
566312
566313
566314
566315
566316
566317
566321
566322
566323
566324
566325
566326
566327
566331
566332
566333
566334
566335
566336
566337
566341
566342
566343
566344
566345
566346
566347
566351
566352
566353
566354
566355
566356
566357
566361
566362
566363
566364
566365
566366
566367
566371
566372
566373
566374
566375
566376
566377
566411
566412
566413
566414
566415
566416
566417
566421
566422
566423
566424
566425
566426
566427
566431
566432
566433
566434
566435
566436
566437
566441
566442
566443
566444
566445
566446
566447
566451
566452
566453
566454
566455
566456
566457
566461
566462
566463
566464
566465
566466
566467
566471
566472
566473
566474
566475
566476
566477
566511
566512
566513
566514
566515
566516
566517
566521
566522
566523
566524
566525
566526
566527
566531
566532
566533
566534
566535
566536
566537
566541
566542
566543
566544
566545
566546
566547
566551
566552
566553
566554
566555
566556
566557
566561
566562
566563
566564
566565
566566
566567
566571
566572
566573
566574
566575
566576
566577
566611
566612
566613
566614
566615
566616
566617
566621
566622
566623
566624
566625
566626
566627
566631
566632
566633
566634
566635
566636
566637
566641
566642
566643
566644
566645
566646
566647
566651
566652
566653
566654
566655
566656
566657
566661
566662
566663
566664
566665
566666
566667
566671
566672
566673
566674
566675
566676
566677
566711
566712
566713
566714
566715
566716
566717
566721
566722
566723
566724
566725
566726
566727
566731
566732
566733
566734
566735
566736
566737
566741
566742
566743
566744
566745
566746
566747
566751
566752
566753
566754
566755
566756
566757
566761
566762
566763
566764
566765
566766
566767
566771
566772
566773
566774
566775
566776
566777
567111
567112
567113
567114
567115
567116
567117
567121
567122
567123
567124
567125
567126
567127
567131
567132
567133
567134
567135
567136
567137
567141
567142
567143
567144
567145
567146
567147
567151
567152
567153
567154
567155
567156
567157
567161
567162
567163
567164
567165
567166
567167
567171
567172
567173
567174
567175
567176
567177
567211
567212
567213
567214
567215
567216
567217
567221
567222
567223
567224
567225
567226
567227
567231
567232
567233
567234
567235
567236
567237
567241
567242
567243
567244
567245
567246
567247
567251
567252
567253
567254
567255
567256
567257
567261
567262
567263
567264
567265
567266
567267
567271
567272
567273
567274
567275
567276
567277
567311
567312
567313
567314
567315
567316
567317
567321
567322
567323
567324
567325
567326
567327
567331
567332
567333
567334
567335
567336
567337
567341
567342
567343
567344
567345
567346
567347
567351
567352
567353
567354
567355
567356
567357
567361
567362
567363
567364
567365
567366
567367
567371
567372
567373
567374
567375
567376
567377
567411
567412
567413
567414
567415
567416
567417
567421
567422
567423
567424
567425
567426
567427
567431
567432
567433
567434
567435
567436
567437
567441
567442
567443
567444
567445
567446
567447
567451
567452
567453
567454
567455
567456
567457
567461
567462
567463
567464
567465
567466
567467
567471
567472
567473
567474
567475
567476
567477
567511
567512
567513
567514
567515
567516
567517
567521
567522
567523
567524
567525
567526
567527
567531
567532
567533
567534
567535
567536
567537
567541
567542
567543
567544
567545
567546
567547
567551
567552
567553
567554
567555
567556
567557
567561
567562
567563
567564
567565
567566
567567
567571
567572
567573
567574
567575
567576
567577
567611
567612
567613
567614
567615
567617
567621
567622
567623
567624
567625
567627
567631
567632
567633
567634
567635
567637
567641
567642
567643
567644
567645
567647
567651
567652
567653
567654
567655
567657
567661
567662
567663
567664
567665
567666
567667
567671
567672
567673
567674
567675
567677
567711
567712
567713
567714
567715
567716
567717
567721
567722
567723
567724
567725
567726
567727
567731
567732
567733
567734
567735
567736
567737
567741
567742
567743
567744
567745
567746
567747
567751
567752
567753
567754
567755
567756
567757
567761
567762
567763
567764
567765
567766
567767
567771
567772
567773
567774
567775
567776
567777
571111
571112
571113
571114
571115
571116
571117
571121
571122
571123
571124
571125
571126
571127
571131
571132
571133
571134
571135
571136
571137
571141
571142
571143
571144
571145
571146
571147
571151
571152
571153
571154
571155
571156
571157
571161
571162
571163
571164
571165
571166
571167
571171
571172
571173
571174
571175
571176
571177
571211
571212
571213
571214
571215
571216
571217
571221
571222
571223
571224
571225
571226
571227
571231
571232
571233
571234
571235
571236
571237
571241
571242
571243
571244
571245
571246
571247
571251
571252
571253
571254
571255
571256
571257
571261
571262
571263
571264
571265
571266
571267
571271
571272
571273
571274
571275
571276
571277
571311
571312
571313
571314
571315
571316
571317
571321
571322
571323
571324
571325
571326
571327
571331
571332
571333
571334
571335
571336
571337
571341
571342
571343
571344
571345
571346
571347
571351
571352
571353
571354
571355
571356
571357
571361
571362
571363
571364
571365
571366
571367
571371
571372
571373
571374
571375
571376
571377
571411
571412
571413
571414
571415
571416
571417
571421
571422
571423
571424
571425
571426
571427
571431
571432
571433
571434
571435
571436
571437
571441
571442
571443
571444
571445
571446
571447
571451
571452
571453
571454
571455
571456
571457
571461
571462
571463
571464
571465
571466
571467
571471
571472
571473
571474
571475
571476
571477
571511
571512
571513
571514
571515
571516
571517
571521
571522
571523
571524
571525
571526
571527
571531
571532
571533
571534
571535
571536
571537
571541
571542
571543
571544
571545
571546
571547
571551
571552
571553
571554
571555
571556
571557
571561
571562
571563
571564
571565
571566
571567
571571
571572
571573
571574
571575
571576
571577
571611
571612
571613
571614
571615
571616
571617
571621
571622
571623
571624
571625
571626
571627
571631
571632
571633
571634
571635
571636
571637
571641
571642
571643
571644
571645
571646
571647
571651
571652
571653
571654
571655
571656
571657
571661
571662
571663
571664
571665
571666
571667
571671
571672
571673
571674
571675
571676
571677
571711
571712
571713
571714
571715
571716
571721
571722
571723
571724
571725
571726
571731
571732
571733
571734
571735
571736
571741
571742
571743
571744
571745
571746
571751
571752
571753
571754
571755
571756
571761
571762
571763
571764
571765
571766
571771
571772
571773
571774
571775
571776
571777
572111
572112
572113
572114
572115
572116
572117
572121
572122
572123
572124
572125
572126
572127
572134
572143
572151
572152
572153
572154
572155
572156
572157
572161
572162
572163
572164
572165
572166
572167
572171
572172
572173
572174
572175
572176
572177
572211
572212
572213
572214
572215
572216
572217
572221
572222
572223
572224
572225
572226
572227
572234
572243
572251
572252
572253
572254
572255
572256
572257
572261
572262
572263
572264
572265
572266
572267
572271
572272
572273
572274
572275
572276
572277
572311
572312
572313
572314
572315
572316
572317
572321
572322
572323
572324
572325
572326
572327
572331
572332
572333
572334
572335
572336
572337
572341
572342
572343
572344
572345
572346
572347
572351
572352
572353
572354
572355
572356
572357
572361
572362
572363
572364
572365
572366
572367
572371
572372
572373
572374
572375
572376
572377
572411
572412
572413
572414
572415
572416
572417
572421
572422
572423
572424
572425
572426
572427
572431
572432
572433
572434
572435
572436
572437
572441
572442
572443
572444
572445
572446
572447
572451
572452
572453
572454
572455
572456
572457
572461
572462
572463
572464
572465
572466
572467
572471
572472
572473
572474
572475
572476
572477
572511
572512
572513
572514
572515
572516
572517
572521
572522
572523
572524
572525
572526
572527
572534
572543
572551
572552
572553
572554
572555
572556
572557
572561
572562
572563
572564
572565
572566
572567
572571
572572
572573
572574
572575
572576
572577
572611
572612
572613
572614
572615
572616
572617
572621
572622
572623
572624
572625
572626
572627
572634
572643
572651
572652
572653
572654
572655
572656
572657
572661
572662
572663
572664
572665
572666
572667
572671
572672
572673
572674
572675
572676
572677
572711
572712
572713
572714
572715
572716
572721
572722
572723
572724
572725
572726
572734
572743
572751
572752
572753
572754
572755
572756
572761
572762
572763
572764
572765
572766
572771
572772
572773
572774
572775
572776
572777
573111
573112
573113
573114
573115
573116
573117
573124
573131
573132
573133
573134
573135
573136
573137
573151
573152
573153
573154
573155
573156
573157
573164
573171
573172
573173
573174
573175
573176
573177
573211
573212
573213
573214
573215
573216
573217
573221
573222
573223
573224
573225
573226
573227
573231
573232
573233
573234
573235
573236
573237
573246
573251
573252
573253
573254
573255
573256
573257
573264
573271
573272
573273
573274
573275
573276
573277
573311
573312
573313
573314
573315
573316
573317
573324
573331
573332
573333
573334
573335
573336
573337
573351
573352
573353
573354
573355
573356
573357
573364
573371
573372
573373
573374
573375
573376
573377
573411
573412
573413
573414
573415
573416
573417
573421
573422
573423
573424
573425
573426
573427
573431
573432
573433
573434
573435
573436
573437
573441
573442
573443
573444
573445
573446
573447
573451
573452
573453
573454
573455
573456
573457
573461
573462
573463
573464
573465
573466
573467
573471
573472
573473
573474
573475
573476
573477
573511
573512
573513
573514
573515
573516
573517
573524
573531
573532
573533
573534
573535
573536
573537
573551
573552
573553
573554
573555
573556
573557
573564
573571
573572
573573
573574
573575
573576
573577
573611
573612
573613
573614
573615
573616
573617
573624
573631
573632
573633
573634
573635
573636
573637
573642
573651
573652
573653
573654
573655
573656
573657
573661
573662
573663
573664
573665
573666
573667
573671
573672
573673
573674
573675
573676
573677
573711
573712
573713
573714
573715
573716
573724
573731
573732
573733
573734
573735
573736
573751
573752
573753
573754
573755
573756
573764
573771
573772
573773
573774
573775
573776
573777
574111
574112
574113
574114
574115
574116
574117
574123
574141
574142
574143
574144
574145
574146
574147
574151
574152
574153
574154
574155
574156
574157
574163
574171
574172
574173
574174
574175
574176
574177
574211
574212
574213
574214
574215
574216
574217
574221
574222
574223
574224
574225
574226
574227
574236
574241
574242
574243
574244
574245
574246
574247
574251
574252
574253
574254
574255
574256
574257
574263
574271
574272
574273
574274
574275
574276
574277
574311
574312
574313
574314
574315
574316
574317
574321
574322
574323
574324
574325
574326
574327
574331
574332
574333
574334
574335
574336
574337
574341
574342
574343
574344
574345
574346
574347
574351
574352
574353
574354
574355
574356
574357
574361
574362
574363
574364
574365
574366
574367
574371
574372
574373
574374
574375
574376
574377
574411
574412
574413
574414
574415
574416
574417
574423
574441
574442
574443
574444
574445
574446
574447
574451
574452
574453
574454
574455
574456
574457
574463
574471
574472
574473
574474
574475
574476
574477
574511
574512
574513
574514
574515
574516
574517
574523
574541
574542
574543
574544
574545
574546
574547
574551
574552
574553
574554
574555
574556
574557
574563
574571
574572
574573
574574
574575
574576
574577
574611
574612
574613
574614
574615
574616
574617
574623
574632
574641
574642
574643
574644
574645
574646
574647
574651
574652
574653
574654
574655
574656
574657
574661
574662
574663
574664
574665
574666
574667
574671
574672
574673
574674
574675
574676
574677
574711
574712
574713
574714
574715
574716
574723
574741
574742
574743
574744
574745
574746
574751
574752
574753
574754
574755
574756
574763
574771
574772
574773
574774
574775
574776
574777
575111
575112
575113
575114
575115
575116
575117
575121
575122
575123
575124
575125
575126
575127
575131
575132
575133
575134
575135
575136
575137
575141
575142
575143
575144
575145
575146
575147
575155
575161
575162
575163
575164
575165
575166
575167
575171
575172
575173
575174
575175
575176
575177
575211
575212
575213
575214
575215
575216
575217
575221
575222
575223
575224
575225
575226
575227
575231
575232
575233
575234
575235
575236
575237
575241
575242
575243
575244
575245
575246
575247
575255
575261
575262
575263
575264
575265
575266
575267
575271
575272
575273
575274
575275
575276
575277
575311
575312
575313
575314
575315
575316
575317
575321
575322
575323
575324
575325
575326
575327
575331
575332
575333
575334
575335
575336
575337
575341
575342
575343
575344
575345
575346
575347
575355
575361
575362
575363
575364
575365
575366
575367
575371
575372
575373
575374
575375
575376
575377
575411
575412
575413
575414
575415
575416
575417
575421
575422
575423
575424
575425
575426
575427
575431
575432
575433
575434
575435
575436
575437
575441
575442
575443
575444
575445
575446
575447
575455
575461
575462
575463
575464
575465
575466
575467
575471
575472
575473
575474
575475
575476
575477
575511
575512
575513
575514
575515
575516
575517
575521
575522
575523
575524
575525
575526
575527
575531
575532
575533
575534
575535
575536
575537
575541
575542
575543
575544
575545
575546
575547
575551
575552
575553
575554
575555
575556
575557
575561
575562
575563
575564
575565
575566
575567
575571
575572
575573
575574
575575
575576
575577
575611
575612
575613
575614
575615
575616
575617
575621
575622
575623
575624
575625
575626
575627
575631
575632
575633
575634
575635
575636
575637
575641
575642
575643
575644
575645
575646
575647
575655
575661
575662
575663
575664
575665
575666
575667
575671
575672
575673
575674
575675
575676
575677
575711
575712
575713
575714
575715
575716
575721
575722
575723
575724
575725
575726
575731
575732
575733
575734
575735
575736
575741
575742
575743
575744
575745
575746
575755
575761
575762
575763
575764
575765
575766
575771
575772
575773
575774
575775
575776
575777
576111
576112
576113
576114
576115
576116
576117
576121
576122
576123
576124
576125
576126
576127
576134
576143
576151
576152
576153
576154
576155
576156
576157
576161
576162
576163
576164
576165
576166
576167
576171
576172
576173
576174
576175
576176
576177
576211
576212
576213
576214
576215
576216
576217
576221
576222
576223
576224
576225
576226
576227
576234
576243
576251
576252
576253
576254
576255
576256
576257
576261
576262
576263
576264
576265
576266
576267
576271
576272
576273
576274
576275
576276
576277
576311
576312
576313
576314
576315
576316
576317
576321
576322
576323
576324
576325
576326
576327
576331
576332
576333
576334
576335
576336
576337
576341
576342
576343
576344
576345
576346
576347
576351
576352
576353
576354
576355
576356
576357
576361
576362
576363
576364
576365
576366
576367
576371
576372
576373
576374
576375
576376
576377
576411
576412
576413
576414
576415
576416
576417
576421
576422
576423
576424
576425
576426
576427
576431
576432
576433
576434
576435
576436
576437
576441
576442
576443
576444
576445
576446
576447
576451
576452
576453
576454
576455
576456
576457
576461
576462
576463
576464
576465
576466
576467
576471
576472
576473
576474
576475
576476
576477
576511
576512
576513
576514
576515
576516
576517
576521
576522
576523
576524
576525
576526
576527
576534
576543
576551
576552
576553
576554
576555
576556
576557
576561
576562
576563
576564
576565
576566
576567
576571
576572
576573
576574
576575
576576
576577
576611
576612
576613
576614
576615
576616
576617
576621
576622
576623
576624
576625
576626
576627
576634
576643
576651
576652
576653
576654
576655
576656
576657
576661
576662
576663
576664
576665
576666
576667
576671
576672
576673
576674
576675
576676
576677
576711
576712
576713
576714
576715
576716
576721
576722
576723
576724
576725
576726
576734
576743
576751
576752
576753
576754
576755
576756
576761
576762
576763
576764
576765
576766
576771
576772
576773
576774
576775
576776
576777
577111
577112
577113
577114
577115
577116
577117
577121
577122
577123
577124
577125
577126
577127
577131
577132
577133
577134
577135
577136
577137
577141
577142
577143
577144
577145
577146
577147
577151
577152
577153
577154
577155
577156
577157
577161
577162
577163
577164
577165
577166
577167
577171
577172
577173
577174
577175
577176
577177
577211
577212
577213
577214
577215
577216
577217
577221
577222
577223
577224
577225
577226
577227
577231
577232
577233
577234
577235
577236
577237
577241
577242
577243
577244
577245
577246
577247
577251
577252
577253
577254
577255
577256
577257
577261
577262
577263
577264
577265
577266
577267
577271
577272
577273
577274
577275
577276
577277
577311
577312
577313
577314
577315
577316
577317
577321
577322
577323
577324
577325
577326
577327
577331
577332
577333
577334
577335
577336
577337
577341
577342
577343
577344
577345
577346
577347
577351
577352
577353
577354
577355
577356
577357
577361
577362
577363
577364
577365
577366
577367
577371
577372
577373
577374
577375
577376
577377
577411
577412
577413
577414
577415
577416
577417
577421
577422
577423
577424
577425
577426
577427
577431
577432
577433
577434
577435
577436
577437
577441
577442
577443
577444
577445
577446
577447
577451
577452
577453
577454
577455
577456
577457
577461
577462
577463
577464
577465
577466
577467
577471
577472
577473
577474
577475
577476
577477
577511
577512
577513
577514
577515
577516
577517
577521
577522
577523
577524
577525
577526
577527
577531
577532
577533
577534
577535
577536
577537
577541
577542
577543
577544
577545
577546
577547
577551
577552
577553
577554
577555
577556
577557
577561
577562
577563
577564
577565
577566
577567
577571
577572
577573
577574
577575
577576
577577
577611
577612
577613
577614
577615
577616
577617
577621
577622
577623
577624
577625
577626
577627
577631
577632
577633
577634
577635
577636
577637
577641
577642
577643
577644
577645
577646
577647
577651
577652
577653
577654
577655
577656
577657
577661
577662
577663
577664
577665
577666
577667
577671
577672
577673
577674
577675
577676
577677
577711
577712
577713
577714
577715
577716
577717
577721
577722
577723
577724
577725
577726
577727
577731
577732
577733
577734
577735
577736
577737
577741
577742
577743
577744
577745
577746
577747
577751
577752
577753
577754
577755
577756
577757
577761
577762
577763
577764
577765
577766
577767
577771
577772
577773
577774
577775
577776
577777
611111
611112
611113
611114
611115
611116
611117
611121
611122
611123
611124
611125
611126
611127
611131
611132
611133
611134
611135
611136
611137
611141
611142
611143
611144
611145
611146
611147
611151
611152
611153
611154
611155
611156
611157
611161
611162
611163
611164
611165
611166
611167
611171
611172
611173
611174
611175
611176
611177
611211
611212
611215
611216
611217
611221
611222
611225
611226
611227
611231
611232
611233
611234
611235
611236
611237
611241
611242
611243
611244
611245
611246
611247
611251
611252
611255
611256
611257
611261
611262
611265
611266
611267
611271
611272
611275
611276
611277
611311
611313
611315
611316
611317
611321
611322
611323
611324
611325
611326
611327
611331
611333
611335
611336
611337
611341
611342
611343
611344
611345
611346
611347
611351
611353
611355
611356
611357
611361
611363
611365
611366
611367
611371
611373
611375
611376
611377
611411
611414
611415
611416
611417
611421
611422
611423
611424
611425
611426
611427
611431
611432
611433
611434
611435
611436
611437
611441
611444
611445
611446
611447
611451
611454
611455
611456
611457
611461
611464
611465
611466
611467
611471
611474
611475
611476
611477
611511
611512
611513
611514
611515
611516
611517
611521
611522
611523
611524
611525
611526
611527
611531
611532
611533
611534
611535
611536
611537
611541
611542
611543
611544
611545
611546
611547
611551
611552
611553
611554
611555
611556
611557
611561
611562
611563
611564
611565
611566
611567
611571
611572
611573
611574
611575
611576
611577
611611
611612
611613
611614
611615
611616
611617
611621
611622
611623
611624
611625
611626
611627
611631
611632
611633
611634
611635
611636
611637
611641
611642
611643
611644
611645
611646
611647
611651
611652
611653
611654
611655
611656
611657
611661
611662
611663
611664
611665
611666
611667
611671
611672
611673
611674
611675
611676
611677
611711
611712
611713
611714
611715
611716
611717
611721
611722
611723
611724
611725
611726
611727
611731
611732
611733
611734
611735
611736
611737
611741
611742
611743
611744
611745
611746
611747
611751
611752
611753
611754
611755
611756
611757
611761
611762
611763
611764
611765
611766
611767
611771
611772
611773
611774
611775
611776
611777
612111
612112
612113
612114
612115
612116
612117
612122
612123
612124
612125
612126
612127
612132
612133
612134
612135
612136
612137
612142
612143
612144
612145
612146
612147
612152
612153
612154
612155
612156
612157
612162
612163
612164
612165
612166
612167
612172
612173
612174
612175
612176
612177
612211
612212
612213
612214
612215
612216
612217
612221
612222
612223
612224
612225
612226
612227
612231
612232
612233
612234
612235
612236
612237
612241
612242
612243
612244
612245
612246
612247
612251
612252
612253
612254
612255
612256
612257
612261
612262
612263
612264
612265
612266
612267
612271
612272
612273
612274
612275
612276
612277
612311
612312
612313
612314
612315
612316
612317
612321
612322
612323
612324
612325
612326
612327
612331
612332
612333
612334
612335
612336
612337
612341
612342
612343
612344
612345
612346
612347
612351
612352
612353
612354
612355
612356
612357
612361
612362
612363
612364
612365
612366
612367
612371
612372
612373
612374
612375
612376
612377
612411
612412
612413
612414
612415
612416
612417
612421
612422
612423
612424
612425
612426
612427
612431
612432
612433
612434
612435
612436
612437
612441
612442
612443
612444
612445
612446
612447
612451
612452
612453
612454
612455
612456
612457
612461
612462
612463
612464
612465
612466
612467
612471
612472
612473
612474
612475
612476
612477
612511
612512
612513
612514
612515
612516
612517
612521
612522
612523
612524
612525
612526
612527
612531
612532
612533
612534
612535
612536
612537
612541
612542
612543
612544
612545
612546
612547
612551
612552
612553
612554
612555
612556
612557
612561
612562
612563
612564
612565
612566
612567
612571
612572
612573
612574
612575
612576
612577
612611
612612
612613
612614
612615
612616
612617
612621
612622
612623
612624
612625
612626
612627
612631
612632
612633
612634
612635
612636
612637
612641
612642
612643
612644
612645
612646
612647
612651
612652
612653
612654
612655
612656
612657
612661
612662
612663
612664
612665
612666
612667
612671
612672
612673
612674
612675
612676
612677
612711
612712
612713
612714
612715
612716
612717
612721
612722
612723
612724
612725
612726
612727
612731
612732
612733
612734
612735
612736
612737
612741
612742
612743
612744
612745
612746
612747
612751
612752
612753
612754
612755
612756
612757
612761
612762
612763
612764
612765
612766
612767
612771
612772
612773
612774
612775
612776
612777
613111
613112
613113
613114
613115
613116
613117
613122
613123
613124
613125
613126
613127
613132
613133
613134
613135
613136
613137
613145
613154
613162
613163
613164
613165
613166
613167
613172
613173
613174
613175
613176
613177
613211
613212
613213
613214
613215
613216
613217
613221
613222
613223
613224
613225
613226
613227
613231
613232
613233
613234
613235
613236
613237
613245
613254
613261
613262
613263
613264
613265
613266
613267
613271
613272
613273
613274
613275
613276
613277
613311
613312
613313
613314
613315
613316
613317
613321
613322
613323
613324
613325
613326
613327
613331
613332
613333
613334
613335
613336
613337
613345
613354
613361
613362
613363
613364
613365
613366
613367
613371
613372
613373
613374
613375
613376
613377
613411
613412
613413
613414
613415
613416
613417
613421
613422
613423
613424
613425
613426
613427
613431
613432
613433
613434
613435
613436
613437
613441
613442
613443
613444
613445
613446
613447
613451
613452
613453
613454
613455
613456
613457
613461
613462
613463
613464
613465
613466
613467
613471
613472
613473
613474
613475
613476
613477
613511
613512
613513
613514
613515
613516
613517
613521
613522
613523
613524
613525
613526
613527
613531
613532
613533
613534
613535
613536
613537
613541
613542
613543
613544
613545
613546
613547
613551
613552
613553
613554
613555
613556
613557
613561
613562
613563
613564
613565
613566
613567
613571
613572
613573
613574
613575
613576
613577
613611
613612
613613
613614
613615
613616
613617
613621
613622
613623
613624
613625
613626
613627
613631
613632
613633
613634
613635
613636
613637
613645
613654
613661
613662
613663
613664
613665
613666
613667
613671
613672
613673
613674
613675
613676
613677
613711
613712
613713
613714
613715
613716
613717
613721
613722
613723
613724
613725
613726
613727
613731
613732
613733
613734
613735
613736
613737
613745
613754
613761
613762
613763
613764
613765
613766
613767
613771
613772
613773
613774
613775
613776
613777
614111
614112
614113
614114
614115
614116
614117
614122
614123
614124
614125
614126
614127
614135
614142
614143
614144
614145
614146
614147
614162
614163
614164
614165
614166
614167
614175
614211
614212
614213
614214
614215
614216
614217
614221
614222
614223
614224
614225
614226
614227
614235
614241
614242
614243
614244
614245
614246
614247
614261
614262
614263
614264
614265
614266
614267
614275
614311
614312
614313
614314
614315
614316
614317
614321
614322
614323
614324
614325
614326
614327
614331
614332
614333
614334
614335
614336
614337
614341
614342
614343
614344
614345
614346
614347
614357
614361
614362
614363
614364
614365
614366
614367
614375
614411
614412
614413
614414
614415
614416
614417
614421
614422
614423
614424
614425
614426
614427
614435
614441
614442
614443
614444
614445
614446
614447
614461
614462
614463
614464
614465
614466
614467
614475
614511
614512
614513
614514
614515
614516
614517
614521
614522
614523
614524
614525
614526
614527
614531
614532
614533
614534
614535
614536
614537
614541
614542
614543
614544
614545
614546
614547
614551
614552
614553
614554
614555
614556
614557
614561
614562
614563
614564
614565
614566
614567
614571
614572
614573
614574
614575
614576
614577
614611
614612
614613
614614
614615
614616
614617
614621
614622
614623
614624
614625
614626
614627
614635
614641
614642
614643
614644
614645
614646
614647
614661
614662
614663
614664
614665
614666
614667
614675
614711
614712
614713
614714
614715
614716
614717
614721
614722
614723
614724
614725
614726
614727
614735
614741
614742
614743
614744
614745
614746
614747
614753
614761
614762
614763
614764
614765
614766
614767
614771
614772
614773
614774
614775
614776
614777
615111
615112
615113
615114
615115
615116
615117
615122
615123
615124
615125
615126
615127
615134
615152
615153
615154
615155
615156
615157
615162
615163
615164
615165
615166
615167
615174
615211
615212
615215
615216
615217
615221
615222
615225
615226
615227
615234
615251
615252
615255
615256
615257
615261
615262
615265
615266
615267
615311
615313
615315
615316
615317
615321
615322
615323
615324
615325
615326
615327
615331
615333
615335
615336
615337
615347
615351
615353
615355
615356
615357
615361
615363
615365
615366
615367
615411
615414
615415
615416
615417
615421
615422
615423
615424
615425
615426
615427
615431
615432
615433
615434
615435
615436
615437
615441
615444
615445
615446
615447
615451
615454
615455
615456
615457
615461
615464
615465
615466
615467
615471
615474
615475
615476
615477
615511
615512
615513
615514
615515
615516
615517
615521
615522
615523
615524
615525
615526
615527
615534
615551
615552
615553
615554
615555
615556
615557
615561
615562
615563
615564
615565
615566
615567
615574
615611
615612
615613
615614
615615
615616
615617
615621
615622
615623
615624
615625
615626
615627
615634
615651
615652
615653
615654
615655
615656
615657
615661
615662
615663
615664
615665
615666
615667
615674
615711
615712
615713
615714
615715
615716
615717
615721
615722
615723
615724
615725
615726
615727
615734
615743
615751
615752
615753
615754
615755
615756
615757
615761
615762
615763
615764
615765
615766
615767
615771
615772
615773
615774
615775
615776
615777
616111
616112
616113
616114
616115
616116
616117
616122
616123
616124
616125
616126
616127
616132
616133
616134
616135
616136
616137
616142
616143
616144
616145
616146
616147
616152
616153
616154
616155
616156
616157
616166
616172
616173
616174
616175
616176
616177
616211
616212
616215
616216
616217
616221
616222
616225
616226
616227
616231
616232
616233
616234
616235
616236
616237
616241
616242
616243
616244
616245
616246
616247
616251
616252
616255
616256
616257
616266
616271
616272
616275
616276
616277
616311
616313
616315
616316
616317
616321
616322
616323
616324
616325
616326
616327
616331
616333
616335
616336
616337
616341
616342
616343
616344
616345
616346
616347
616351
616353
616355
616356
616357
616366
616371
616373
616375
616376
616377
616411
616414
616415
616416
616417
616421
616422
616423
616424
616425
616426
616427
616431
616432
616433
616434
616435
616436
616437
616441
616444
616445
616446
616447
616451
616454
616455
616456
616457
616466
616471
616474
616475
616476
616477
616511
616512
616513
616514
616515
616516
616517
616521
616522
616523
616524
616525
616526
616527
616531
616532
616533
616534
616535
616536
616537
616541
616542
616543
616544
616545
616546
616547
616551
616552
616553
616554
616555
616556
616557
616566
616571
616572
616573
616574
616575
616576
616577
616611
616612
616613
616614
616615
616616
616617
616621
616622
616623
616624
616625
616626
616627
616631
616632
616633
616634
616635
616636
616637
616641
616642
616643
616644
616645
616646
616647
616651
616652
616653
616654
616655
616656
616657
616661
616662
616663
616664
616665
616666
616667
616671
616672
616673
616674
616675
616676
616677
616711
616712
616713
616714
616715
616716
616717
616721
616722
616723
616724
616725
616726
616727
616731
616732
616733
616734
616735
616736
616737
616741
616742
616743
616744
616745
616746
616747
616751
616752
616753
616754
616755
616756
616757
616766
616771
616772
616773
616774
616775
616776
616777
617111
617112
617113
617114
617115
617116
617117
617122
617123
617124
617125
617126
617127
617132
617133
617134
617135
617136
617137
617145
617154
617162
617163
617164
617165
617166
617167
617172
617173
617174
617175
617176
617177
617211
617212
617215
617216
617217
617221
617222
617225
617226
617227
617231
617232
617233
617234
617235
617236
617237
617245
617261
617262
617265
617266
617267
617271
617272
617275
617276
617277
617311
617313
617315
617316
617317
617321
617322
617323
617324
617325
617326
617327
617331
617333
617335
617336
617337
617345
617361
617363
617365
617366
617367
617371
617373
617375
617376
617377
617411
617414
617415
617416
617417
617421
617422
617423
617424
617425
617426
617427
617431
617432
617433
617434
617435
617436
617437
617441
617444
617445
617446
617447
617451
617454
617455
617456
617457
617461
617464
617465
617466
617467
617471
617474
617475
617476
617477
617511
617512
617513
617514
617515
617516
617517
617521
617522
617523
617524
617525
617526
617527
617531
617532
617533
617534
617535
617536
617537
617541
617542
617543
617544
617545
617546
617547
617551
617552
617553
617554
617555
617556
617557
617561
617562
617563
617564
617565
617566
617567
617571
617572
617573
617574
617575
617576
617577
617611
617612
617613
617614
617615
617616
617617
617621
617622
617623
617624
617625
617626
617627
617631
617632
617633
617634
617635
617636
617637
617645
617654
617661
617662
617663
617664
617665
617666
617667
617671
617672
617673
617674
617675
617676
617677
617711
617712
617713
617714
617715
617716
617717
617721
617722
617723
617724
617725
617726
617727
617731
617732
617733
617734
617735
617736
617737
617745
617754
617761
617762
617763
617764
617765
617766
617767
617771
617772
617773
617774
617775
617776
617777
621111
621112
621113
621114
621115
621116
621117
621121
621122
621123
621124
621125
621126
621127
621131
621132
621133
621134
621135
621136
621137
621141
621142
621143
621144
621145
621146
621147
621151
621152
621153
621154
621155
621156
621157
621161
621162
621163
621164
621165
621166
621167
621171
621172
621173
621174
621175
621176
621177
621211
621213
621214
621215
621216
621217
621221
621222
621223
621224
621225
621226
621227
621231
621233
621234
621235
621236
621237
621241
621243
621244
621245
621246
621247
621251
621253
621254
621255
621256
621257
621261
621263
621264
621265
621266
621267
621271
621273
621274
621275
621276
621277
621311
621312
621313
621316
621317
621321
621322
621323
621326
621327
621331
621332
621333
621336
621337
621341
621342
621343
621344
621345
621346
621347
621351
621352
621353
621354
621355
621356
621357
621361
621362
621363
621366
621367
621371
621372
621373
621376
621377
621411
621412
621414
621416
621417
621421
621422
621424
621426
621427
621431
621432
621433
621434
621435
621436
621437
621441
621442
621444
621446
621447
621451
621452
621453
621454
621455
621456
621457
621461
621462
621464
621466
621467
621471
621472
621474
621476
621477
621511
621512
621515
621516
621517
621521
621522
621525
621526
621527
621531
621532
621533
621534
621535
621536
621537
621541
621542
621543
621544
621545
621546
621547
621551
621552
621555
621556
621557
621561
621562
621565
621566
621567
621571
621572
621575
621576
621577
621611
621612
621613
621614
621615
621616
621617
621621
621622
621623
621624
621625
621626
621627
621631
621632
621633
621634
621635
621636
621637
621641
621642
621643
621644
621645
621646
621647
621651
621652
621653
621654
621655
621656
621657
621661
621662
621663
621664
621665
621666
621667
621671
621672
621673
621674
621675
621676
621677
621711
621712
621713
621714
621715
621716
621717
621721
621722
621723
621724
621725
621726
621727
621731
621732
621733
621734
621735
621736
621737
621741
621742
621743
621744
621745
621746
621747
621751
621752
621753
621754
621755
621756
621757
621761
621762
621763
621764
621765
621766
621767
621771
621772
621773
621774
621775
621776
621777
622111
622112
622115
622116
622117
622121
622122
622125
622126
622127
622131
622132
622133
622134
622135
622136
622137
622141
622142
622143
622144
622145
622146
622147
622151
622152
622155
622156
622157
622161
622162
622165
622166
622167
622171
622172
622175
622176
622177
622211
622212
622213
622214
622215
622216
622217
622221
622222
622223
622224
622225
622226
622227
622231
622232
622233
622234
622235
622236
622237
622241
622242
622243
622244
622245
622246
622247
622251
622252
622253
622254
622255
622256
622257
622261
622262
622263
622264
622265
622266
622267
622271
622272
622273
622274
622275
622276
622277
622311
622312
622313
622316
622317
622322
622323
622326
622327
622332
622333
622336
622337
622341
622342
622343
622344
622345
622346
622347
622352
622353
622355
622356
622357
622362
622363
622366
622367
622372
622373
622376
622377
622411
622412
622414
622416
622417
622422
622424
622426
622427
622431
622432
622433
622434
622435
622436
622437
622442
622444
622446
622447
622452
622454
622455
622456
622457
622462
622464
622466
622467
622472
622474
622476
622477
622511
622512
622515
622516
622517
622521
622522
622525
622526
622527
622531
622532
622533
622534
622535
622536
622537
622541
622542
622543
622544
622545
622546
622547
622551
622552
622555
622556
622557
622561
622562
622565
622566
622567
622571
622572
622575
622576
622577
622611
622612
622613
622614
622615
622616
622617
622621
622622
622623
622624
622625
622626
622627
622631
622632
622633
622634
622635
622636
622637
622641
622642
622643
622644
622645
622646
622647
622651
622652
622653
622654
622655
622656
622657
622661
622662
622663
622664
622665
622666
622667
622671
622672
622673
622674
622675
622676
622677
622711
622712
622713
622714
622715
622716
622717
622721
622722
622723
622724
622725
622726
622727
622731
622732
622733
622734
622735
622736
622737
622741
622742
622743
622744
622745
622746
622747
622751
622752
622753
622754
622755
622756
622757
622761
622762
622763
622764
622765
622766
622767
622771
622772
622773
622774
622775
622776
622777
623111
623112
623113
623114
623115
623116
623117
623121
623122
623123
623124
623125
623126
623127
623131
623132
623133
623134
623135
623136
623137
623145
623154
623161
623162
623163
623164
623165
623166
623167
623171
623172
623173
623174
623175
623176
623177
623211
623213
623214
623215
623216
623217
623221
623222
623223
623224
623225
623226
623227
623231
623233
623234
623235
623236
623237
623245
623254
623261
623263
623264
623265
623266
623267
623271
623273
623274
623275
623276
623277
623311
623312
623313
623314
623315
623316
623317
623321
623322
623323
623324
623325
623326
623327
623331
623332
623333
623334
623335
623336
623337
623345
623354
623361
623362
623363
623364
623365
623366
623367
623371
623372
623373
623374
623375
623376
623377
623411
623412
623413
623414
623415
623416
623417
623421
623422
623423
623424
623425
623426
623427
623431
623432
623433
623434
623435
623436
623437
623441
623442
623443
623444
623445
623446
623447
623451
623452
623453
623454
623455
623456
623457
623461
623462
623463
623464
623465
623466
623467
623471
623472
623473
623474
623475
623476
623477
623511
623512
623513
623514
623515
623516
623517
623521
623522
623523
623524
623525
623526
623527
623531
623532
623533
623534
623535
623536
623537
623541
623542
623543
623544
623545
623546
623547
623551
623552
623553
623554
623555
623556
623557
623561
623562
623563
623564
623565
623566
623567
623571
623572
623573
623574
623575
623576
623577
623611
623612
623613
623614
623615
623616
623617
623621
623622
623623
623624
623625
623626
623627
623631
623632
623633
623634
623635
623636
623637
623645
623654
623661
623662
623663
623664
623665
623666
623667
623671
623672
623673
623674
623675
623676
623677
623711
623712
623713
623714
623715
623716
623717
623721
623722
623723
623724
623725
623726
623727
623731
623732
623733
623734
623735
623736
623737
623745
623754
623761
623762
623763
623764
623765
623766
623767
623771
623772
623773
623774
623775
623776
623777
624111
624112
624113
624114
624115
624116
624117
624121
624122
624123
624124
624125
624126
624127
624135
624141
624142
624143
624144
624145
624146
624147
624161
624162
624163
624164
624165
624166
624167
624175
624211
624213
624214
624215
624216
624217
624221
624222
624223
624224
624225
624226
624227
624235
624241
624243
624244
624245
624246
624247
624261
624263
624264
624265
624266
624267
624275
624311
624312
624313
624314
624315
624316
624317
624321
624322
624323
624324
624325
624326
624327
624331
624332
624333
624334
624335
624336
624337
624341
624342
624343
624344
624345
624346
624347
624357
624361
624362
624363
624364
624365
624366
624367
624375
624411
624412
624413
624414
624415
624416
624417
624421
624422
624423
624424
624425
624426
624427
624435
624441
624442
624443
624444
624445
624446
624447
624461
624462
624463
624464
624465
624466
624467
624475
624511
624512
624513
624514
624515
624516
624517
624521
624522
624523
624524
624525
624526
624527
624531
624532
624533
624534
624535
624536
624537
624541
624542
624543
624544
624545
624546
624547
624551
624552
624553
624554
624555
624556
624557
624561
624562
624563
624564
624565
624566
624567
624571
624572
624573
624574
624575
624576
624577
624611
624612
624613
624614
624615
624616
624617
624621
624622
624623
624624
624625
624626
624627
624635
624641
624642
624643
624644
624645
624646
624647
624661
624662
624663
624664
624665
624666
624667
624675
624711
624712
624713
624714
624715
624716
624717
624721
624722
624723
624724
624725
624726
624727
624735
624741
624742
624743
624744
624745
624746
624747
624753
624761
624762
624763
624764
624765
624766
624767
624771
624772
624773
624774
624775
624776
624777
625111
625112
625115
625116
625117
625121
625122
625125
625126
625127
625134
625151
625152
625155
625156
625157
625161
625162
625165
625166
625167
625211
625213
625214
625215
625216
625217
625221
625222
625223
625224
625225
625226
625227
625234
625251
625253
625254
625255
625256
625257
625261
625263
625264
625265
625266
625267
625274
625311
625312
625313
625314
625315
625316
625317
625322
625323
625325
625326
625327
625332
625333
625335
625336
625337
625347
625352
625353
625355
625356
625357
625362
625363
625365
625366
625367
625411
625412
625413
625414
625415
625416
625417
625422
625424
625425
625426
625427
625431
625432
625433
625434
625435
625436
625437
625442
625444
625445
625446
625447
625452
625454
625455
625456
625457
625462
625464
625465
625466
625467
625472
625474
625475
625476
625477
625511
625512
625513
625514
625515
625516
625517
625521
625522
625523
625524
625525
625526
625527
625534
625551
625552
625553
625554
625555
625556
625557
625561
625562
625563
625564
625565
625566
625567
625574
625611
625612
625613
625614
625615
625616
625617
625621
625622
625623
625624
625625
625626
625627
625634
625651
625652
625653
625654
625655
625656
625657
625661
625662
625663
625664
625665
625666
625667
625674
625711
625712
625713
625714
625715
625716
625717
625721
625722
625723
625724
625725
625726
625727
625734
625743
625751
625752
625753
625754
625755
625756
625757
625761
625762
625763
625764
625765
625766
625767
625771
625772
625773
625774
625775
625776
625777
626111
626112
626115
626116
626117
626121
626122
626125
626126
626127
626131
626132
626133
626134
626135
626136
626137
626141
626142
626143
626144
626145
626146
626147
626151
626152
626155
626156
626157
626166
626171
626172
626175
626176
626177
626211
626213
626214
626215
626216
626217
626221
626222
626223
626224
626225
626226
626227
626231
626233
626234
626235
626236
626237
626241
626243
626244
626245
626246
626247
626251
626253
626254
626255
626256
626257
626266
626271
626273
626274
626275
626276
626277
626311
626312
626313
626316
626317
626322
626323
626326
626327
626332
626333
626336
626337
626341
626342
626343
626344
626345
626346
626347
626352
626353
626355
626356
626357
626366
626372
626373
626376
626377
626411
626412
626414
626416
626417
626422
626424
626426
626427
626431
626432
626433
626434
626435
626436
626437
626442
626444
626446
626447
626452
626454
626455
626456
626457
626466
626472
626474
626476
626477
626511
626512
626515
626516
626517
626521
626522
626525
626526
626527
626531
626532
626533
626534
626535
626536
626537
626541
626542
626543
626544
626545
626546
626547
626551
626552
626555
626556
626557
626566
626571
626572
626575
626576
626577
626611
626612
626613
626614
626615
626616
626617
626621
626622
626623
626624
626625
626626
626627
626631
626632
626633
626634
626635
626636
626637
626641
626642
626643
626644
626645
626646
626647
626651
626652
626653
626654
626655
626656
626657
626661
626662
626663
626664
626665
626666
626667
626671
626672
626673
626674
626675
626676
626677
626711
626712
626713
626714
626715
626716
626717
626721
626722
626723
626724
626725
626726
626727
626731
626732
626733
626734
626735
626736
626737
626741
626742
626743
626744
626745
626746
626747
626751
626752
626753
626754
626755
626756
626757
626766
626771
626772
626773
626774
626775
626776
626777
627111
627112
627115
627116
627117
627121
627122
627125
627126
627127
627131
627132
627133
627134
627135
627136
627137
627145
627161
627162
627165
627166
627167
627171
627172
627175
627176
627177
627211
627213
627214
627215
627216
627217
627221
627222
627223
627224
627225
627226
627227
627231
627233
627234
627235
627236
627237
627245
627254
627261
627263
627264
627265
627266
627267
627271
627273
627274
627275
627276
627277
627311
627312
627313
627316
627317
627322
627323
627326
627327
627332
627333
627336
627337
627345
627362
627363
627366
627367
627372
627373
627376
627377
627411
627412
627414
627416
627417
627422
627424
627426
627427
627431
627432
627433
627434
627435
627436
627437
627442
627444
627446
627447
627452
627454
627455
627456
627457
627462
627464
627466
627467
627472
627474
627476
627477
627511
627512
627515
627516
627517
627521
627522
627525
627526
627527
627531
627532
627533
627534
627535
627536
627537
627541
627542
627543
627544
627545
627546
627547
627551
627552
627555
627556
627557
627561
627562
627565
627566
627567
627571
627572
627575
627576
627577
627611
627612
627613
627614
627615
627616
627617
627621
627622
627623
627624
627625
627626
627627
627631
627632
627633
627634
627635
627636
627637
627645
627654
627661
627662
627663
627664
627665
627666
627667
627671
627672
627673
627674
627675
627676
627677
627711
627712
627713
627714
627715
627716
627717
627721
627722
627723
627724
627725
627726
627727
627731
627732
627733
627734
627735
627736
627737
627745
627754
627761
627762
627763
627764
627765
627766
627767
627771
627772
627773
627774
627775
627776
627777
631111
631112
631113
631114
631115
631116
631117
631121
631122
631123
631124
631125
631126
631127
631131
631132
631133
631134
631135
631136
631137
631141
631142
631143
631144
631145
631146
631147
631151
631152
631153
631154
631155
631156
631157
631161
631162
631163
631164
631165
631166
631167
631171
631172
631173
631174
631175
631176
631177
631211
631212
631213
631216
631217
631221
631222
631223
631226
631227
631231
631232
631233
631236
631237
631241
631242
631243
631244
631245
631246
631247
631251
631252
631253
631254
631255
631256
631257
631261
631262
631263
631266
631267
631271
631272
631273
631276
631277
631311
631312
631314
631315
631316
631317
631321
631322
631324
631325
631326
631327
631331
631332
631333
631334
631335
631336
631337
631341
631342
631344
631345
631346
631347
631351
631352
631354
631355
631356
631357
631361
631362
631364
631365
631366
631367
631371
631372
631374
631375
631376
631377
631411
631413
631414
631416
631417
631421
631422
631423
631424
631425
631426
631427
631431
631433
631434
631436
631437
631441
631443
631444
631446
631447
631451
631452
631453
631454
631455
631456
631457
631461
631463
631464
631466
631467
631471
631473
631474
631476
631477
631511
631513
631515
631516
631517
631521
631522
631523
631524
631525
631526
631527
631531
631533
631535
631536
631537
631541
631542
631543
631544
631545
631546
631547
631551
631553
631555
631556
631557
631561
631563
631565
631566
631567
631571
631573
631575
631576
631577
631611
631612
631613
631614
631615
631616
631617
631621
631622
631623
631624
631625
631626
631627
631631
631632
631633
631634
631635
631636
631637
631641
631642
631643
631644
631645
631646
631647
631651
631652
631653
631654
631655
631656
631657
631661
631662
631663
631664
631665
631666
631667
631671
631672
631673
631674
631675
631676
631677
631711
631712
631713
631714
631715
631716
631717
631721
631722
631723
631724
631725
631726
631727
631731
631732
631733
631734
631735
631736
631737
631741
631742
631743
631744
631745
631746
631747
631751
631752
631753
631754
631755
631756
631757
631761
631762
631763
631764
631765
631766
631767
631771
631772
631773
631774
631775
631776
631777
632111
632112
632113
632114
632115
632116
632117
632121
632122
632123
632124
632125
632126
632127
632131
632132
632133
632134
632135
632136
632137
632141
632142
632143
632144
632145
632146
632147
632151
632152
632153
632154
632155
632156
632157
632161
632162
632163
632164
632165
632166
632167
632171
632172
632173
632174
632175
632176
632177
632211
632212
632213
632214
632215
632216
632217
632221
632222
632223
632224
632225
632226
632227
632231
632232
632233
632234
632235
632236
632237
632241
632242
632243
632244
632245
632246
632247
632251
632252
632253
632254
632255
632256
632257
632261
632262
632263
632264
632265
632266
632267
632271
632272
632273
632274
632275
632276
632277
632311
632312
632314
632315
632316
632317
632321
632322
632324
632325
632326
632327
632331
632332
632333
632334
632335
632336
632337
632341
632342
632344
632345
632346
632347
632351
632352
632354
632355
632356
632357
632361
632362
632364
632365
632366
632367
632371
632372
632374
632375
632376
632377
632411
632412
632413
632414
632415
632416
632417
632421
632422
632423
632424
632425
632426
632427
632431
632432
632433
632434
632435
632436
632437
632441
632442
632443
632444
632445
632446
632447
632451
632452
632453
632454
632455
632456
632457
632461
632462
632463
632464
632465
632466
632467
632471
632472
632473
632474
632475
632476
632477
632511
632512
632513
632514
632515
632516
632517
632521
632522
632523
632524
632525
632526
632527
632531
632532
632533
632534
632535
632536
632537
632541
632542
632543
632544
632545
632546
632547
632551
632552
632553
632554
632555
632556
632557
632561
632562
632563
632564
632565
632566
632567
632571
632572
632573
632574
632575
632576
632577
632611
632612
632613
632614
632615
632616
632617
632621
632622
632623
632624
632625
632626
632627
632631
632632
632633
632634
632635
632636
632637
632641
632642
632643
632644
632645
632646
632647
632651
632652
632653
632654
632655
632656
632657
632661
632662
632663
632664
632665
632666
632667
632671
632672
632673
632674
632675
632676
632677
632711
632712
632713
632714
632715
632716
632717
632721
632722
632723
632724
632725
632726
632727
632731
632732
632733
632734
632735
632736
632737
632741
632742
632743
632744
632745
632746
632747
632751
632752
632753
632754
632755
632756
632757
632761
632762
632763
632764
632765
632766
632767
632771
632772
632773
632774
632775
632776
632777
633111
633113
633115
633116
633117
633121
633122
633123
633124
633125
633126
633127
633131
633133
633135
633136
633137
633141
633142
633143
633144
633145
633146
633147
633151
633153
633155
633156
633157
633161
633163
633165
633166
633167
633171
633173
633175
633176
633177
633211
633212
633213
633216
633217
633222
633223
633226
633227
633232
633233
633236
633237
633241
633242
633243
633244
633245
633246
633247
633252
633253
633255
633256
633257
633262
633263
633266
633267
633272
633273
633276
633277
633311
633312
633313
633314
633315
633316
633317
633321
633322
633323
633324
633325
633326
633327
633331
633332
633333
633334
633335
633336
633337
633341
633342
633343
633344
633345
633346
633347
633351
633352
633353
633354
633355
633356
633357
633361
633362
633363
633364
633365
633366
633367
633371
633372
633373
633374
633375
633376
633377
633411
633413
633414
633416
633417
633421
633422
633423
633424
633425
633426
633427
633433
633434
633436
633437
633443
633444
633446
633447
633453
633454
633455
633456
633457
633463
633464
633466
633467
633473
633474
633476
633477
633511
633513
633515
633516
633517
633521
633522
633523
633524
633525
633526
633527
633531
633533
633535
633536
633537
633541
633542
633543
633544
633545
633546
633547
633551
633553
633555
633556
633557
633561
633563
633565
633566
633567
633571
633573
633575
633576
633577
633611
633612
633613
633614
633615
633616
633617
633621
633622
633623
633624
633625
633626
633627
633631
633632
633633
633634
633635
633636
633637
633641
633642
633643
633644
633645
633646
633647
633651
633652
633653
633654
633655
633656
633657
633661
633662
633663
633664
633665
633666
633667
633671
633672
633673
633674
633675
633676
633677
633711
633712
633713
633714
633715
633716
633717
633721
633722
633723
633724
633725
633726
633727
633731
633732
633733
633734
633735
633736
633737
633741
633742
633743
633744
633745
633746
633747
633751
633752
633753
633754
633755
633756
633757
633761
633762
633763
633764
633765
633766
633767
633771
633772
633773
633774
633775
633776
633777
634111
634112
634113
634114
634115
634116
634117
634121
634122
634123
634124
634125
634126
634127
634131
634132
634133
634134
634135
634136
634137
634141
634142
634143
634144
634145
634146
634147
634157
634161
634162
634163
634164
634165
634166
634167
634175
634211
634212
634213
634214
634215
634216
634217
634221
634222
634223
634224
634225
634226
634227
634231
634232
634233
634234
634235
634236
634237
634241
634242
634243
634244
634245
634246
634247
634257
634261
634262
634263
634264
634265
634266
634267
634275
634311
634312
634314
634315
634316
634317
634321
634322
634324
634325
634326
634327
634331
634332
634333
634334
634335
634336
634337
634341
634342
634344
634345
634346
634347
634357
634361
634362
634364
634365
634366
634367
634375
634411
634412
634413
634414
634415
634416
634417
634421
634422
634423
634424
634425
634426
634427
634431
634432
634433
634434
634435
634436
634437
634441
634442
634443
634444
634445
634446
634447
634457
634461
634462
634463
634464
634465
634466
634467
634475
634511
634512
634513
634514
634515
634516
634517
634521
634522
634523
634524
634525
634526
634527
634531
634532
634533
634534
634535
634536
634537
634541
634542
634543
634544
634545
634546
634547
634551
634552
634553
634554
634555
634556
634557
634561
634562
634563
634564
634565
634566
634567
634571
634572
634573
634574
634575
634576
634577
634611
634612
634613
634614
634615
634616
634617
634621
634622
634623
634624
634625
634626
634627
634631
634632
634633
634634
634635
634636
634637
634641
634642
634643
634644
634645
634646
634647
634657
634661
634662
634663
634664
634665
634666
634667
634675
634711
634712
634713
634714
634715
634716
634717
634721
634722
634723
634724
634725
634726
634727
634731
634732
634733
634734
634735
634736
634737
634741
634742
634743
634744
634745
634746
634747
634751
634752
634753
634754
634755
634756
634757
634761
634762
634763
634764
634765
634766
634767
634771
634772
634773
634774
634775
634776
634777
635111
635113
635115
635116
635117
635121
635122
635123
635124
635125
635126
635127
635131
635133
635135
635136
635137
635147
635151
635153
635155
635156
635157
635161
635163
635165
635166
635167
635211
635212
635213
635214
635215
635216
635217
635222
635223
635225
635226
635227
635232
635233
635235
635236
635237
635247
635252
635253
635255
635256
635257
635262
635263
635265
635266
635267
635311
635312
635314
635315
635316
635317
635321
635322
635324
635325
635326
635327
635331
635332
635333
635334
635335
635336
635337
635347
635351
635352
635354
635355
635356
635357
635361
635362
635364
635365
635366
635367
635374
635411
635412
635413
635414
635415
635416
635417
635421
635422
635423
635424
635425
635426
635427
635433
635434
635435
635436
635437
635443
635444
635445
635446
635447
635453
635454
635455
635456
635457
635463
635464
635465
635466
635467
635473
635474
635475
635476
635477
635511
635512
635513
635514
635515
635516
635517
635521
635522
635523
635524
635525
635526
635527
635531
635532
635533
635534
635535
635536
635537
635547
635551
635552
635553
635554
635555
635556
635557
635561
635562
635563
635564
635565
635566
635567
635574
635611
635612
635613
635614
635615
635616
635617
635621
635622
635623
635624
635625
635626
635627
635631
635632
635633
635634
635635
635636
635637
635647
635651
635652
635653
635654
635655
635656
635657
635661
635662
635663
635664
635665
635666
635667
635674
635711
635712
635713
635714
635715
635716
635717
635721
635722
635723
635724
635725
635726
635727
635731
635732
635733
635734
635735
635736
635737
635741
635742
635743
635744
635745
635746
635747
635751
635752
635753
635754
635755
635756
635757
635761
635762
635763
635764
635765
635766
635767
635771
635772
635773
635774
635775
635776
635777
636111
636113
636115
636116
636117
636121
636122
636123
636124
636125
636126
636127
636131
636133
636135
636136
636137
636141
636142
636143
636144
636145
636146
636147
636151
636153
636155
636156
636157
636166
636171
636173
636175
636176
636177
636211
636212
636213
636216
636217
636222
636223
636226
636227
636232
636233
636236
636237
636241
636242
636243
636244
636245
636246
636247
636252
636253
636255
636256
636257
636266
636272
636273
636276
636277
636311
636312
636314
636315
636316
636317
636321
636322
636324
636325
636326
636327
636331
636332
636333
636334
636335
636336
636337
636341
636342
636344
636345
636346
636347
636351
636352
636354
636355
636356
636357
636366
636371
636372
636374
636375
636376
636377
636411
636413
636414
636416
636417
636421
636422
636423
636424
636425
636426
636427
636433
636434
636436
636437
636443
636444
636446
636447
636453
636454
636455
636456
636457
636466
636473
636474
636476
636477
636511
636513
636515
636516
636517
636521
636522
636523
636524
636525
636526
636527
636531
636533
636535
636536
636537
636541
636542
636543
636544
636545
636546
636547
636551
636553
636555
636556
636557
636566
636571
636573
636575
636576
636577
636611
636612
636613
636614
636615
636616
636617
636621
636622
636623
636624
636625
636626
636627
636631
636632
636633
636634
636635
636636
636637
636641
636642
636643
636644
636645
636646
636647
636651
636652
636653
636654
636655
636656
636657
636661
636662
636663
636664
636665
636666
636667
636671
636672
636673
636674
636675
636676
636677
636711
636712
636713
636714
636715
636716
636717
636721
636722
636723
636724
636725
636726
636727
636731
636732
636733
636734
636735
636736
636737
636741
636742
636743
636744
636745
636746
636747
636751
636752
636753
636754
636755
636756
636757
636766
636771
636772
636773
636774
636775
636776
636777
637111
637113
637115
637116
637117
637121
637122
637123
637124
637125
637126
637127
637131
637133
637135
637136
637137
637145
637161
637163
637165
637166
637167
637171
637173
637175
637176
637177
637211
637212
637213
637216
637217
637222
637223
637226
637227
637232
637233
637236
637237
637245
637262
637263
637266
637267
637272
637273
637276
637277
637311
637312
637314
637315
637316
637317
637321
637322
637324
637325
637326
637327
637331
637332
637333
637334
637335
637336
637337
637345
637354
637361
637362
637364
637365
637366
637367
637371
637372
637374
637375
637376
637377
637411
637413
637414
637416
637417
637421
637422
637423
637424
637425
637426
637427
637433
637434
637436
637437
637443
637444
637446
637447
637453
637454
637455
637456
637457
637463
637464
637466
637467
637473
637474
637476
637477
637511
637513
637515
637516
637517
637521
637522
637523
637524
637525
637526
637527
637531
637533
637535
637536
637537
637541
637542
637543
637544
637545
637546
637547
637551
637553
637555
637556
637557
637561
637563
637565
637566
637567
637571
637573
637575
637576
637577
637611
637612
637613
637614
637615
637616
637617
637621
637622
637623
637624
637625
637626
637627
637631
637632
637633
637634
637635
637636
637637
637645
637654
637661
637662
637663
637664
637665
637666
637667
637671
637672
637673
637674
637675
637676
637677
637711
637712
637713
637714
637715
637716
637717
637721
637722
637723
637724
637725
637726
637727
637731
637732
637733
637734
637735
637736
637737
637745
637754
637761
637762
637763
637764
637765
637766
637767
637771
637772
637773
637774
637775
637776
637777
641111
641112
641113
641114
641115
641116
641117
641121
641122
641123
641124
641125
641126
641127
641131
641132
641133
641134
641135
641136
641137
641141
641142
641143
641144
641145
641146
641147
641151
641152
641153
641154
641155
641156
641157
641161
641162
641163
641164
641165
641166
641167
641171
641172
641173
641174
641175
641176
641177
641211
641212
641214
641216
641217
641221
641222
641224
641226
641227
641231
641232
641233
641234
641235
641236
641237
641241
641242
641244
641246
641247
641251
641252
641253
641254
641255
641256
641257
641261
641262
641264
641266
641267
641271
641272
641274
641276
641277
641311
641313
641314
641316
641317
641321
641322
641323
641324
641325
641326
641327
641331
641333
641334
641336
641337
641341
641343
641344
641346
641347
641351
641352
641353
641354
641355
641356
641357
641361
641363
641364
641366
641367
641371
641373
641374
641376
641377
641411
641412
641413
641415
641416
641417
641421
641422
641423
641425
641426
641427
641431
641432
641433
641435
641436
641437
641441
641442
641443
641444
641445
641446
641447
641451
641452
641453
641455
641456
641457
641461
641462
641463
641465
641466
641467
641471
641472
641473
641475
641476
641477
641511
641514
641515
641516
641517
641521
641522
641523
641524
641525
641526
641527
641531
641532
641533
641534
641535
641536
641537
641541
641544
641545
641546
641547
641551
641554
641555
641556
641557
641561
641564
641565
641566
641567
641571
641574
641575
641576
641577
641611
641612
641613
641614
641615
641616
641617
641621
641622
641623
641624
641625
641626
641627
641631
641632
641633
641634
641635
641636
641637
641641
641642
641643
641644
641645
641646
641647
641651
641652
641653
641654
641655
641656
641657
641661
641662
641663
641664
641665
641666
641667
641671
641672
641673
641674
641675
641676
641677
641711
641712
641713
641714
641715
641716
641717
641721
641722
641723
641724
641725
641726
641727
641731
641732
641733
641734
641735
641736
641737
641741
641742
641743
641744
641745
641746
641747
641751
641752
641753
641754
641755
641756
641757
641761
641762
641763
641764
641765
641766
641767
641771
641772
641773
641774
641775
641776
641777
642111
642112
642113
642114
642115
642116
642117
642121
642122
642123
642124
642125
642126
642127
642131
642132
642133
642134
642135
642136
642137
642141
642142
642143
642144
642145
642146
642147
642151
642152
642153
642154
642155
642156
642157
642161
642162
642163
642164
642165
642166
642167
642171
642172
642173
642174
642175
642176
642177
642211
642212
642213
642214
642215
642216
642217
642221
642222
642223
642224
642225
642226
642227
642231
642232
642233
642234
642235
642236
642237
642241
642242
642243
642244
642245
642246
642247
642251
642252
642253
642254
642255
642256
642257
642261
642262
642263
642264
642265
642266
642267
642271
642272
642273
642274
642275
642276
642277
642311
642312
642313
642314
642315
642316
642317
642321
642322
642323
642324
642325
642326
642327
642331
642332
642333
642334
642335
642336
642337
642341
642342
642343
642344
642345
642346
642347
642351
642352
642353
642354
642355
642356
642357
642361
642362
642363
642364
642365
642366
642367
642371
642372
642373
642374
642375
642376
642377
642411
642412
642413
642415
642416
642417
642421
642422
642423
642425
642426
642427
642431
642432
642433
642435
642436
642437
642441
642442
642443
642444
642445
642446
642447
642451
642452
642453
642455
642456
642457
642461
642462
642463
642465
642466
642467
642471
642472
642473
642475
642476
642477
642511
642512
642513
642514
642515
642516
642517
642521
642522
642523
642524
642525
642526
642527
642531
642532
642533
642534
642535
642536
642537
642541
642542
642543
642544
642545
642546
642547
642551
642552
642553
642554
642555
642556
642557
642561
642562
642563
642564
642565
642566
642567
642571
642572
642573
642574
642575
642576
642577
642611
642612
642613
642614
642615
642616
642617
642621
642622
642623
642624
642625
642626
642627
642631
642632
642633
642634
642635
642636
642637
642641
642642
642643
642644
642645
642646
642647
642651
642652
642653
642654
642655
642656
642657
642661
642662
642663
642664
642665
642666
642667
642671
642672
642673
642674
642675
642676
642677
642711
642712
642713
642714
642715
642716
642717
642721
642722
642723
642724
642725
642726
642727
642731
642732
642733
642734
642735
642736
642737
642741
642742
642743
642744
642745
642746
642747
642751
642752
642753
642754
642755
642756
642757
642761
642762
642763
642764
642765
642766
642767
642771
642772
642773
642774
642775
642776
642777
643111
643112
643113
643114
643115
643116
643117
643121
643122
643123
643124
643125
643126
643127
643131
643132
643133
643134
643135
643136
643137
643141
643142
643143
643144
643145
643146
643147
643151
643152
643153
643154
643155
643156
643157
643161
643162
643163
643164
643165
643166
643167
643171
643172
643173
643174
643175
643176
643177
643211
643212
643213
643214
643215
643216
643217
643221
643222
643223
643224
643225
643226
643227
643231
643232
643233
643234
643235
643236
643237
643241
643242
643243
643244
643245
643246
643247
643251
643252
643253
643254
643255
643256
643257
643261
643262
643263
643264
643265
643266
643267
643271
643272
643273
643274
643275
643276
643277
643311
643312
643313
643314
643315
643316
643317
643321
643322
643323
643324
643325
643326
643327
643331
643332
643333
643334
643335
643336
643337
643341
643342
643343
643344
643345
643346
643347
643351
643352
643353
643354
643355
643356
643357
643361
643362
643363
643364
643365
643366
643367
643371
643372
643373
643374
643375
643376
643377
643411
643412
643413
643415
643416
643417
643421
643422
643423
643425
643426
643427
643431
643432
643433
643435
643436
643437
643441
643442
643443
643444
643445
643446
643447
643451
643452
643453
643455
643456
643457
643461
643462
643463
643465
643466
643467
643471
643472
643473
643475
643476
643477
643511
643512
643513
643514
643515
643516
643517
643521
643522
643523
643524
643525
643526
643527
643531
643532
643533
643534
643535
643536
643537
643541
643542
643543
643544
643545
643546
643547
643551
643552
643553
643554
643555
643556
643557
643561
643562
643563
643564
643565
643566
643567
643571
643572
643573
643574
643575
643576
643577
643611
643612
643613
643614
643615
643616
643617
643621
643622
643623
643624
643625
643626
643627
643631
643632
643633
643634
643635
643636
643637
643641
643642
643643
643644
643645
643646
643647
643651
643652
643653
643654
643655
643656
643657
643661
643662
643663
643664
643665
643666
643667
643671
643672
643673
643674
643675
643676
643677
643711
643712
643713
643714
643715
643716
643717
643721
643722
643723
643724
643725
643726
643727
643731
643732
643733
643734
643735
643736
643737
643741
643742
643743
643744
643745
643746
643747
643751
643752
643753
643754
643755
643756
643757
643761
643762
643763
643764
643765
643766
643767
643771
643772
643773
643774
643775
643776
643777
644111
644114
644115
644116
644117
644121
644122
644123
644124
644125
644126
644127
644131
644132
644133
644134
644135
644136
644137
644141
644144
644145
644146
644147
644151
644154
644155
644156
644157
644161
644164
644165
644166
644167
644171
644174
644175
644176
644177
644211
644212
644214
644216
644217
644222
644224
644226
644227
644231
644232
644233
644234
644235
644236
644237
644242
644244
644246
644247
644252
644254
644255
644256
644257
644262
644264
644266
644267
644272
644274
644276
644277
644311
644313
644314
644316
644317
644321
644322
644323
644324
644325
644326
644327
644333
644334
644336
644337
644343
644344
644346
644347
644353
644354
644355
644356
644357
644363
644364
644366
644367
644373
644374
644376
644377
644411
644412
644413
644414
644415
644416
644417
644421
644422
644423
644424
644425
644426
644427
644431
644432
644433
644434
644435
644436
644437
644441
644442
644443
644444
644445
644446
644447
644451
644452
644453
644454
644455
644456
644457
644461
644462
644463
644464
644465
644466
644467
644471
644472
644473
644474
644475
644476
644477
644511
644514
644515
644516
644517
644521
644522
644523
644524
644525
644526
644527
644531
644532
644533
644534
644535
644536
644537
644541
644544
644545
644546
644547
644551
644554
644555
644556
644557
644561
644564
644565
644566
644567
644571
644574
644575
644576
644577
644611
644612
644613
644614
644615
644616
644617
644621
644622
644623
644624
644625
644626
644627
644631
644632
644633
644634
644635
644636
644637
644641
644642
644643
644644
644645
644646
644647
644651
644652
644653
644654
644655
644656
644657
644661
644662
644663
644664
644665
644666
644667
644671
644672
644673
644674
644675
644676
644677
644711
644712
644713
644714
644715
644716
644717
644721
644722
644723
644724
644725
644726
644727
644731
644732
644733
644734
644735
644736
644737
644741
644742
644743
644744
644745
644746
644747
644751
644752
644753
644754
644755
644756
644757
644761
644762
644763
644764
644765
644766
644767
644771
644772
644773
644774
644775
644776
644777
645111
645114
645115
645116
645117
645121
645122
645123
645124
645125
645126
645127
645131
645132
645133
645134
645135
645136
645137
645141
645144
645145
645146
645147
645151
645154
645155
645156
645157
645161
645164
645165
645166
645167
645171
645174
645175
645176
645177
645211
645212
645213
645214
645215
645216
645217
645222
645224
645225
645226
645227
645231
645232
645233
645234
645235
645236
645237
645242
645244
645245
645246
645247
645252
645254
645255
645256
645257
645262
645264
645265
645266
645267
645272
645274
645275
645276
645277
645311
645312
645313
645314
645315
645316
645317
645321
645322
645323
645324
645325
645326
645327
645333
645334
645335
645336
645337
645343
645344
645345
645346
645347
645353
645354
645355
645356
645357
645363
645364
645365
645366
645367
645373
645374
645375
645376
645377
645411
645412
645413
645415
645416
645417
645421
645422
645423
645425
645426
645427
645431
645432
645433
645435
645436
645437
645441
645442
645443
645444
645445
645446
645447
645451
645452
645453
645455
645456
645457
645461
645462
645463
645465
645466
645467
645471
645472
645473
645475
645476
645477
645511
645512
645513
645514
645515
645516
645517
645521
645522
645523
645524
645525
645526
645527
645531
645532
645533
645534
645535
645536
645537
645541
645542
645543
645544
645545
645546
645547
645551
645552
645553
645554
645555
645556
645557
645561
645562
645563
645564
645565
645566
645567
645571
645572
645573
645574
645575
645576
645577
645611
645612
645613
645614
645615
645616
645617
645621
645622
645623
645624
645625
645626
645627
645631
645632
645633
645634
645635
645636
645637
645641
645642
645643
645644
645645
645646
645647
645651
645652
645653
645654
645655
645656
645657
645661
645662
645663
645664
645665
645666
645667
645671
645672
645673
645674
645675
645676
645677
645711
645712
645713
645714
645715
645716
645717
645721
645722
645723
645724
645725
645726
645727
645731
645732
645733
645734
645735
645736
645737
645741
645742
645743
645744
645745
645746
645747
645751
645752
645753
645754
645755
645756
645757
645761
645762
645763
645764
645765
645766
645767
645771
645772
645773
645774
645775
645776
645777
646111
646114
646115
646116
646117
646121
646122
646123
646124
646125
646126
646127
646131
646132
646133
646134
646135
646136
646137
646141
646144
646145
646146
646147
646151
646154
646155
646156
646157
646166
646171
646174
646175
646176
646177
646211
646212
646214
646216
646217
646222
646224
646226
646227
646231
646232
646233
646234
646235
646236
646237
646242
646244
646246
646247
646252
646254
646255
646256
646257
646266
646272
646274
646276
646277
646311
646313
646314
646316
646317
646321
646322
646323
646324
646325
646326
646327
646333
646334
646336
646337
646343
646344
646346
646347
646353
646354
646355
646356
646357
646366
646373
646374
646376
646377
646411
646412
646413
646415
646416
646417
646421
646422
646423
646425
646426
646427
646431
646432
646433
646435
646436
646437
646441
646442
646443
646444
646445
646446
646447
646451
646452
646453
646455
646456
646457
646466
646471
646472
646473
646475
646476
646477
646511
646514
646515
646516
646517
646521
646522
646523
646524
646525
646526
646527
646531
646532
646533
646534
646535
646536
646537
646541
646544
646545
646546
646547
646551
646554
646555
646556
646557
646566
646571
646574
646575
646576
646577
646611
646612
646613
646614
646615
646616
646617
646621
646622
646623
646624
646625
646626
646627
646631
646632
646633
646634
646635
646636
646637
646641
646642
646643
646644
646645
646646
646647
646651
646652
646653
646654
646655
646656
646657
646661
646662
646663
646664
646665
646666
646667
646671
646672
646673
646674
646675
646676
646677
646711
646712
646713
646714
646715
646716
646717
646721
646722
646723
646724
646725
646726
646727
646731
646732
646733
646734
646735
646736
646737
646741
646742
646743
646744
646745
646746
646747
646751
646752
646753
646754
646755
646756
646757
646766
646771
646772
646773
646774
646775
646776
646777
647111
647114
647115
647116
647117
647121
647122
647123
647124
647125
647126
647127
647131
647132
647133
647134
647135
647136
647137
647141
647144
647145
647146
647147
647151
647154
647155
647156
647157
647161
647164
647165
647166
647167
647171
647174
647175
647176
647177
647211
647212
647214
647216
647217
647222
647224
647226
647227
647231
647232
647233
647234
647235
647236
647237
647242
647244
647246
647247
647252
647254
647255
647256
647257
647262
647264
647266
647267
647272
647274
647276
647277
647311
647313
647314
647316
647317
647321
647322
647323
647324
647325
647326
647327
647333
647334
647336
647337
647343
647344
647346
647347
647353
647354
647355
647356
647357
647363
647364
647366
647367
647373
647374
647376
647377
647411
647412
647413
647415
647416
647417
647421
647422
647423
647425
647426
647427
647431
647432
647433
647435
647436
647437
647441
647442
647443
647444
647445
647446
647447
647451
647452
647453
647455
647456
647457
647461
647462
647463
647465
647466
647467
647471
647472
647473
647475
647476
647477
647511
647514
647515
647516
647517
647521
647522
647523
647524
647525
647526
647527
647531
647532
647533
647534
647535
647536
647537
647541
647544
647545
647546
647547
647551
647554
647555
647556
647557
647561
647564
647565
647566
647567
647571
647574
647575
647576
647577
647611
647612
647613
647614
647615
647616
647617
647621
647622
647623
647624
647625
647626
647627
647631
647632
647633
647634
647635
647636
647637
647641
647642
647643
647644
647645
647646
647647
647651
647652
647653
647654
647655
647656
647657
647661
647662
647663
647664
647665
647666
647667
647671
647672
647673
647674
647675
647676
647677
647711
647712
647713
647714
647715
647716
647717
647721
647722
647723
647724
647725
647726
647727
647731
647732
647733
647734
647735
647736
647737
647741
647742
647743
647744
647745
647746
647747
647751
647752
647753
647754
647755
647756
647757
647761
647762
647763
647764
647765
647766
647767
647771
647772
647773
647774
647775
647776
647777
651111
651112
651113
651114
651115
651116
651117
651121
651122
651123
651124
651125
651126
651127
651131
651132
651133
651134
651135
651136
651137
651141
651142
651143
651144
651145
651146
651147
651151
651152
651153
651154
651155
651156
651157
651161
651162
651163
651164
651165
651166
651167
651171
651172
651173
651174
651175
651176
651177
651211
651212
651215
651216
651217
651221
651222
651225
651226
651227
651231
651232
651233
651234
651235
651236
651237
651241
651242
651243
651244
651245
651246
651247
651251
651252
651255
651256
651257
651261
651262
651265
651266
651267
651271
651272
651275
651276
651277
651311
651313
651315
651316
651317
651321
651322
651323
651324
651325
651326
651327
651331
651333
651335
651336
651337
651341
651342
651343
651344
651345
651346
651347
651351
651353
651355
651356
651357
651361
651363
651365
651366
651367
651371
651373
651375
651376
651377
651411
651414
651415
651416
651417
651421
651422
651423
651424
651425
651426
651427
651431
651432
651433
651434
651435
651436
651437
651441
651444
651445
651446
651447
651451
651454
651455
651456
651457
651461
651464
651465
651466
651467
651471
651474
651475
651476
651477
651511
651512
651513
651514
651516
651517
651521
651522
651523
651524
651526
651527
651531
651532
651533
651534
651536
651537
651541
651542
651543
651544
651546
651547
651551
651552
651553
651554
651555
651556
651557
651561
651562
651563
651564
651566
651567
651571
651572
651573
651574
651576
651577
651611
651612
651613
651614
651615
651616
651617
651621
651622
651623
651624
651625
651626
651627
651631
651632
651633
651634
651635
651636
651637
651641
651642
651643
651644
651645
651646
651647
651651
651652
651653
651654
651655
651656
651657
651661
651662
651663
651664
651665
651666
651667
651671
651672
651673
651674
651675
651676
651677
651711
651712
651713
651714
651715
651716
651717
651721
651722
651723
651724
651725
651726
651727
651731
651732
651733
651734
651735
651736
651737
651741
651742
651743
651744
651745
651746
651747
651751
651752
651753
651754
651755
651756
651757
651761
651762
651763
651764
651765
651766
651767
651771
651772
651773
651774
651775
651776
651777
652111
652112
652113
652114
652115
652116
652117
652121
652122
652123
652124
652125
652126
652127
652131
652132
652133
652134
652135
652136
652137
652141
652142
652143
652144
652145
652146
652147
652151
652152
652153
652154
652155
652156
652157
652161
652162
652163
652164
652165
652166
652167
652171
652172
652173
652174
652175
652176
652177
652211
652212
652213
652214
652215
652216
652217
652221
652222
652223
652224
652225
652226
652227
652231
652232
652233
652234
652235
652236
652237
652241
652242
652243
652244
652245
652246
652247
652251
652252
652253
652254
652255
652256
652257
652261
652262
652263
652264
652265
652266
652267
652271
652272
652273
652274
652275
652276
652277
652311
652312
652313
652314
652315
652316
652317
652321
652322
652323
652324
652325
652326
652327
652331
652332
652333
652334
652335
652336
652337
652341
652342
652343
652344
652345
652346
652347
652351
652352
652353
652354
652355
652356
652357
652361
652362
652363
652364
652365
652366
652367
652371
652372
652373
652374
652375
652376
652377
652411
652412
652413
652414
652415
652416
652417
652421
652422
652423
652424
652425
652426
652427
652431
652432
652433
652434
652435
652436
652437
652441
652442
652443
652444
652445
652446
652447
652451
652452
652453
652454
652455
652456
652457
652461
652462
652463
652464
652465
652466
652467
652471
652472
652473
652474
652475
652476
652477
652511
652512
652513
652514
652516
652517
652521
652522
652523
652524
652526
652527
652531
652532
652533
652534
652536
652537
652541
652542
652543
652544
652546
652547
652551
652552
652553
652554
652555
652556
652557
652561
652562
652563
652564
652566
652567
652571
652572
652573
652574
652576
652577
652611
652612
652613
652614
652615
652616
652617
652621
652622
652623
652624
652625
652626
652627
652631
652632
652633
652634
652635
652636
652637
652641
652642
652643
652644
652645
652646
652647
652651
652652
652653
652654
652655
652656
652657
652661
652662
652663
652664
652665
652666
652667
652671
652672
652673
652674
652675
652676
652677
652711
652712
652713
652714
652715
652716
652717
652721
652722
652723
652724
652725
652726
652727
652731
652732
652733
652734
652735
652736
652737
652741
652742
652743
652744
652745
652746
652747
652751
652752
652753
652754
652755
652756
652757
652761
652762
652763
652764
652765
652766
652767
652771
652772
652773
652774
652775
652776
652777
653111
653112
653113
653114
653115
653116
653117
653121
653122
653123
653124
653125
653126
653127
653131
653132
653133
653134
653135
653136
653137
653141
653142
653143
653144
653145
653146
653147
653151
653152
653153
653154
653155
653156
653157
653161
653162
653163
653164
653165
653166
653167
653171
653172
653173
653174
653175
653176
653177
653211
653212
653213
653214
653215
653216
653217
653221
653222
653223
653224
653225
653226
653227
653231
653232
653233
653234
653235
653236
653237
653241
653242
653243
653244
653245
653246
653247
653251
653252
653253
653254
653255
653256
653257
653261
653262
653263
653264
653265
653266
653267
653271
653272
653273
653274
653275
653276
653277
653311
653312
653313
653314
653315
653316
653317
653321
653322
653323
653324
653325
653326
653327
653331
653332
653333
653334
653335
653336
653337
653341
653342
653343
653344
653345
653346
653347
653351
653352
653353
653354
653355
653356
653357
653361
653362
653363
653364
653365
653366
653367
653371
653372
653373
653374
653375
653376
653377
653411
653412
653413
653414
653415
653416
653417
653421
653422
653423
653424
653425
653426
653427
653431
653432
653433
653434
653435
653436
653437
653441
653442
653443
653444
653445
653446
653447
653451
653452
653453
653454
653455
653456
653457
653461
653462
653463
653464
653465
653466
653467
653471
653472
653473
653474
653475
653476
653477
653511
653512
653513
653514
653516
653517
653521
653522
653523
653524
653526
653527
653531
653532
653533
653534
653536
653537
653541
653542
653543
653544
653546
653547
653551
653552
653553
653554
653555
653556
653557
653561
653562
653563
653564
653566
653567
653571
653572
653573
653574
653576
653577
653611
653612
653613
653614
653615
653616
653617
653621
653622
653623
653624
653625
653626
653627
653631
653632
653633
653634
653635
653636
653637
653641
653642
653643
653644
653645
653646
653647
653651
653652
653653
653654
653655
653656
653657
653661
653662
653663
653664
653665
653666
653667
653671
653672
653673
653674
653675
653676
653677
653711
653712
653713
653714
653715
653716
653717
653721
653722
653723
653724
653725
653726
653727
653731
653732
653733
653734
653735
653736
653737
653741
653742
653743
653744
653745
653746
653747
653751
653752
653753
653754
653755
653756
653757
653761
653762
653763
653764
653765
653766
653767
653771
653772
653773
653774
653775
653776
653777
654111
654112
654113
654114
654115
654116
654117
654121
654122
654123
654124
654125
654126
654127
654131
654132
654133
654134
654135
654136
654137
654141
654142
654143
654144
654145
654146
654147
654151
654152
654153
654154
654155
654156
654157
654161
654162
654163
654164
654165
654166
654167
654171
654172
654173
654174
654175
654176
654177
654211
654212
654213
654214
654215
654216
654217
654221
654222
654223
654224
654225
654226
654227
654231
654232
654233
654234
654235
654236
654237
654241
654242
654243
654244
654245
654246
654247
654251
654252
654253
654254
654255
654256
654257
654261
654262
654263
654264
654265
654266
654267
654271
654272
654273
654274
654275
654276
654277
654311
654312
654313
654314
654315
654316
654317
654321
654322
654323
654324
654325
654326
654327
654331
654332
654333
654334
654335
654336
654337
654341
654342
654343
654344
654345
654346
654347
654351
654352
654353
654354
654355
654356
654357
654361
654362
654363
654364
654365
654366
654367
654371
654372
654373
654374
654375
654376
654377
654411
654412
654413
654414
654415
654416
654417
654421
654422
654423
654424
654425
654426
654427
654431
654432
654433
654434
654435
654436
654437
654441
654442
654443
654444
654445
654446
654447
654451
654452
654453
654454
654455
654456
654457
654461
654462
654463
654464
654465
654466
654467
654471
654472
654473
654474
654475
654476
654477
654511
654512
654513
654514
654516
654517
654521
654522
654523
654524
654526
654527
654531
654532
654533
654534
654536
654537
654541
654542
654543
654544
654546
654547
654551
654552
654553
654554
654555
654556
654557
654561
654562
654563
654564
654566
654567
654571
654572
654573
654574
654576
654577
654611
654612
654613
654614
654615
654616
654617
654621
654622
654623
654624
654625
654626
654627
654631
654632
654633
654634
654635
654636
654637
654641
654642
654643
654644
654645
654646
654647
654651
654652
654653
654654
654655
654656
654657
654661
654662
654663
654664
654665
654666
654667
654671
654672
654673
654674
654675
654676
654677
654711
654712
654713
654714
654715
654716
654717
654721
654722
654723
654724
654725
654726
654727
654731
654732
654733
654734
654735
654736
654737
654741
654742
654743
654744
654745
654746
654747
654751
654752
654753
654754
654755
654756
654757
654761
654762
654763
654764
654765
654766
654767
654771
654772
654773
654774
654775
654776
654777
655111
655112
655113
655114
655115
655116
655117
655121
655122
655123
655124
655125
655126
655127
655131
655132
655133
655134
655135
655136
655137
655141
655142
655143
655144
655145
655146
655147
655151
655152
655153
655154
655155
655156
655157
655161
655162
655163
655164
655165
655166
655167
655171
655172
655173
655174
655175
655176
655177
655211
655212
655215
655216
655217
655221
655222
655225
655226
655227
655231
655232
655233
655234
655235
655236
655237
655241
655242
655243
655244
655245
655246
655247
655251
655252
655255
655256
655257
655261
655262
655265
655266
655267
655271
655272
655275
655276
655277
655311
655313
655315
655316
655317
655321
655322
655323
655324
655325
655326
655327
655331
655333
655335
655336
655337
655341
655342
655343
655344
655345
655346
655347
655351
655353
655355
655356
655357
655361
655363
655365
655366
655367
655371
655373
655375
655376
655377
655411
655414
655415
655416
655417
655421
655422
655423
655424
655425
655426
655427
655431
655432
655433
655434
655435
655436
655437
655441
655444
655445
655446
655447
655451
655454
655455
655456
655457
655461
655464
655465
655466
655467
655471
655474
655475
655476
655477
655511
655512
655513
655514
655515
655516
655517
655521
655522
655523
655524
655525
655526
655527
655531
655532
655533
655534
655535
655536
655537
655541
655542
655543
655544
655545
655546
655547
655551
655552
655553
655554
655555
655556
655557
655561
655562
655563
655564
655565
655566
655567
655571
655572
655573
655574
655575
655576
655577
655611
655612
655613
655614
655615
655616
655617
655621
655622
655623
655624
655625
655626
655627
655631
655632
655633
655634
655635
655636
655637
655641
655642
655643
655644
655645
655646
655647
655651
655652
655653
655654
655655
655656
655657
655661
655662
655663
655664
655665
655666
655667
655671
655672
655673
655674
655675
655676
655677
655711
655712
655713
655714
655715
655716
655717
655721
655722
655723
655724
655725
655726
655727
655731
655732
655733
655734
655735
655736
655737
655741
655742
655743
655744
655745
655746
655747
655751
655752
655753
655754
655755
655756
655757
655761
655762
655763
655764
655765
655766
655767
655771
655772
655773
655774
655775
655776
655777
656111
656112
656113
656114
656115
656116
656117
656121
656122
656123
656124
656125
656126
656127
656131
656132
656133
656134
656135
656136
656137
656141
656142
656143
656144
656145
656146
656147
656151
656152
656153
656154
656155
656156
656157
656166
656171
656172
656173
656174
656175
656176
656177
656211
656212
656215
656216
656217
656221
656222
656225
656226
656227
656231
656232
656233
656234
656235
656236
656237
656241
656242
656243
656244
656245
656246
656247
656251
656252
656255
656256
656257
656266
656271
656272
656275
656276
656277
656311
656313
656315
656316
656317
656321
656322
656323
656324
656325
656326
656327
656331
656333
656335
656336
656337
656341
656342
656343
656344
656345
656346
656347
656351
656353
656355
656356
656357
656366
656371
656373
656375
656376
656377
656411
656414
656415
656416
656417
656421
656422
656423
656424
656425
656426
656427
656431
656432
656433
656434
656435
656436
656437
656441
656444
656445
656446
656447
656451
656454
656455
656456
656457
656466
656471
656474
656475
656476
656477
656511
656512
656513
656514
656516
656517
656521
656522
656523
656524
656526
656527
656531
656532
656533
656534
656536
656537
656541
656542
656543
656544
656546
656547
656551
656552
656553
656554
656555
656556
656557
656566
656571
656572
656573
656574
656576
656577
656611
656612
656613
656614
656615
656616
656617
656621
656622
656623
656624
656625
656626
656627
656631
656632
656633
656634
656635
656636
656637
656641
656642
656643
656644
656645
656646
656647
656651
656652
656653
656654
656655
656656
656657
656661
656662
656663
656664
656665
656666
656667
656671
656672
656673
656674
656675
656676
656677
656711
656712
656713
656714
656715
656716
656717
656721
656722
656723
656724
656725
656726
656727
656731
656732
656733
656734
656735
656736
656737
656741
656742
656743
656744
656745
656746
656747
656751
656752
656753
656754
656755
656756
656757
656766
656771
656772
656773
656774
656775
656776
656777
657111
657112
657113
657114
657115
657116
657117
657121
657122
657123
657124
657125
657126
657127
657131
657132
657133
657134
657135
657136
657137
657141
657142
657143
657144
657145
657146
657147
657151
657152
657153
657154
657155
657156
657157
657161
657162
657163
657164
657165
657166
657167
657171
657172
657173
657174
657175
657176
657177
657211
657212
657215
657216
657217
657221
657222
657225
657226
657227
657231
657232
657233
657234
657235
657236
657237
657241
657242
657243
657244
657245
657246
657247
657251
657252
657255
657256
657257
657261
657262
657265
657266
657267
657271
657272
657275
657276
657277
657311
657313
657315
657316
657317
657321
657322
657323
657324
657325
657326
657327
657331
657333
657335
657336
657337
657341
657342
657343
657344
657345
657346
657347
657351
657353
657355
657356
657357
657361
657363
657365
657366
657367
657371
657373
657375
657376
657377
657411
657414
657415
657416
657417
657421
657422
657423
657424
657425
657426
657427
657431
657432
657433
657434
657435
657436
657437
657441
657444
657445
657446
657447
657451
657454
657455
657456
657457
657461
657464
657465
657466
657467
657471
657474
657475
657476
657477
657511
657512
657513
657514
657516
657517
657521
657522
657523
657524
657526
657527
657531
657532
657533
657534
657536
657537
657541
657542
657543
657544
657546
657547
657551
657552
657553
657554
657555
657556
657557
657561
657562
657563
657564
657566
657567
657571
657572
657573
657574
657576
657577
657611
657612
657613
657614
657615
657616
657617
657621
657622
657623
657624
657625
657626
657627
657631
657632
657633
657634
657635
657636
657637
657641
657642
657643
657644
657645
657646
657647
657651
657652
657653
657654
657655
657656
657657
657661
657662
657663
657664
657665
657666
657667
657671
657672
657673
657674
657675
657676
657677
657711
657712
657713
657714
657715
657716
657717
657721
657722
657723
657724
657725
657726
657727
657731
657732
657733
657734
657735
657736
657737
657741
657742
657743
657744
657745
657746
657747
657751
657752
657753
657754
657755
657756
657757
657761
657762
657763
657764
657765
657766
657767
657771
657772
657773
657774
657775
657776
657777
661111
661112
661113
661114
661115
661116
661117
661121
661122
661123
661124
661125
661126
661127
661131
661132
661133
661134
661135
661136
661137
661141
661142
661143
661144
661145
661146
661147
661151
661152
661153
661154
661155
661156
661157
661161
661162
661163
661164
661165
661166
661167
661171
661172
661173
661174
661175
661176
661177
661211
661212
661213
661214
661215
661216
661217
661221
661222
661223
661224
661225
661226
661227
661231
661232
661233
661234
661235
661236
661237
661241
661242
661243
661244
661245
661246
661247
661251
661252
661253
661254
661255
661256
661257
661261
661262
661263
661264
661265
661266
661267
661271
661272
661273
661274
661275
661276
661277
661311
661312
661313
661314
661315
661316
661317
661321
661322
661323
661324
661325
661326
661327
661331
661332
661333
661334
661335
661336
661337
661341
661342
661343
661344
661345
661346
661347
661351
661352
661353
661354
661355
661356
661357
661361
661362
661363
661364
661365
661366
661367
661371
661372
661373
661374
661375
661376
661377
661411
661412
661413
661414
661415
661416
661417
661421
661422
661423
661424
661425
661426
661427
661431
661432
661433
661434
661435
661436
661437
661441
661442
661443
661444
661445
661446
661447
661451
661452
661453
661454
661455
661456
661457
661461
661462
661463
661464
661465
661466
661467
661471
661472
661473
661474
661475
661476
661477
661511
661512
661513
661514
661515
661516
661517
661521
661522
661523
661524
661525
661526
661527
661531
661532
661533
661534
661535
661536
661537
661541
661542
661543
661544
661545
661546
661547
661551
661552
661553
661554
661555
661556
661557
661561
661562
661563
661564
661565
661566
661567
661571
661572
661573
661574
661575
661576
661577
661611
661612
661613
661614
661615
661617
661621
661622
661623
661624
661625
661627
661631
661632
661633
661634
661635
661637
661641
661642
661643
661644
661645
661647
661651
661652
661653
661654
661655
661657
661661
661662
661663
661664
661665
661666
661667
661671
661672
661673
661674
661675
661677
661711
661712
661713
661714
661715
661716
661717
661721
661722
661723
661724
661725
661726
661727
661731
661732
661733
661734
661735
661736
661737
661741
661742
661743
661744
661745
661746
661747
661751
661752
661753
661754
661755
661756
661757
661761
661762
661763
661764
661765
661766
661767
661771
661772
661773
661774
661775
661776
661777
662111
662112
662113
662114
662115
662116
662117
662121
662122
662123
662124
662125
662126
662127
662131
662132
662133
662134
662135
662136
662137
662141
662142
662143
662144
662145
662146
662147
662151
662152
662153
662154
662155
662156
662157
662161
662162
662163
662164
662165
662166
662167
662171
662172
662173
662174
662175
662176
662177
662211
662212
662213
662214
662215
662216
662217
662221
662222
662223
662224
662225
662226
662227
662231
662232
662233
662234
662235
662236
662237
662241
662242
662243
662244
662245
662246
662247
662251
662252
662253
662254
662255
662256
662257
662261
662262
662263
662264
662265
662266
662267
662271
662272
662273
662274
662275
662276
662277
662311
662312
662313
662314
662315
662316
662317
662321
662322
662323
662324
662325
662326
662327
662331
662332
662333
662334
662335
662336
662337
662341
662342
662343
662344
662345
662346
662347
662351
662352
662353
662354
662355
662356
662357
662361
662362
662363
662364
662365
662366
662367
662371
662372
662373
662374
662375
662376
662377
662411
662412
662413
662414
662415
662416
662417
662421
662422
662423
662424
662425
662426
662427
662431
662432
662433
662434
662435
662436
662437
662441
662442
662443
662444
662445
662446
662447
662451
662452
662453
662454
662455
662456
662457
662461
662462
662463
662464
662465
662466
662467
662471
662472
662473
662474
662475
662476
662477
662511
662512
662513
662514
662515
662516
662517
662521
662522
662523
662524
662525
662526
662527
662531
662532
662533
662534
662535
662536
662537
662541
662542
662543
662544
662545
662546
662547
662551
662552
662553
662554
662555
662556
662557
662561
662562
662563
662564
662565
662566
662567
662571
662572
662573
662574
662575
662576
662577
662611
662612
662613
662614
662615
662617
662621
662622
662623
662624
662625
662627
662631
662632
662633
662634
662635
662637
662641
662642
662643
662644
662645
662647
662651
662652
662653
662654
662655
662657
662661
662662
662663
662664
662665
662666
662667
662671
662672
662673
662674
662675
662677
662711
662712
662713
662714
662715
662716
662717
662721
662722
662723
662724
662725
662726
662727
662731
662732
662733
662734
662735
662736
662737
662741
662742
662743
662744
662745
662746
662747
662751
662752
662753
662754
662755
662756
662757
662761
662762
662763
662764
662765
662766
662767
662771
662772
662773
662774
662775
662776
662777
663111
663112
663113
663114
663115
663116
663117
663121
663122
663123
663124
663125
663126
663127
663131
663132
663133
663134
663135
663136
663137
663145
663154
663161
663162
663163
663164
663165
663166
663167
663171
663172
663173
663174
663175
663176
663177
663211
663212
663213
663214
663215
663216
663217
663221
663222
663223
663224
663225
663226
663227
663231
663232
663233
663234
663235
663236
663237
663245
663254
663261
663262
663263
663264
663265
663266
663267
663271
663272
663273
663274
663275
663276
663277
663311
663312
663313
663314
663315
663316
663317
663321
663322
663323
663324
663325
663326
663327
663331
663332
663333
663334
663335
663336
663337
663345
663354
663361
663362
663363
663364
663365
663366
663367
663371
663372
663373
663374
663375
663376
663377
663411
663412
663413
663414
663415
663416
663417
663421
663422
663423
663424
663425
663426
663427
663431
663432
663433
663434
663435
663436
663437
663441
663442
663443
663444
663445
663446
663447
663451
663452
663453
663454
663455
663456
663457
663461
663462
663463
663464
663465
663466
663467
663471
663472
663473
663474
663475
663476
663477
663511
663512
663513
663514
663515
663516
663517
663521
663522
663523
663524
663525
663526
663527
663531
663532
663533
663534
663535
663536
663537
663541
663542
663543
663544
663545
663546
663547
663551
663552
663553
663554
663555
663556
663557
663561
663562
663563
663564
663565
663566
663567
663571
663572
663573
663574
663575
663576
663577
663611
663612
663613
663614
663615
663617
663621
663622
663623
663624
663625
663627
663631
663632
663633
663634
663635
663637
663645
663654
663661
663662
663663
663664
663665
663666
663667
663671
663672
663673
663674
663675
663677
663711
663712
663713
663714
663715
663716
663717
663721
663722
663723
663724
663725
663726
663727
663731
663732
663733
663734
663735
663736
663737
663745
663754
663761
663762
663763
663764
663765
663766
663767
663771
663772
663773
663774
663775
663776
663777
664111
664112
664113
664114
664115
664116
664117
664121
664122
664123
664124
664125
664126
664127
664135
664141
664142
664143
664144
664145
664146
664147
664161
664162
664163
664164
664165
664166
664167
664175
664211
664212
664213
664214
664215
664216
664217
664221
664222
664223
664224
664225
664226
664227
664235
664241
664242
664243
664244
664245
664246
664247
664261
664262
664263
664264
664265
664266
664267
664275
664311
664312
664313
664314
664315
664316
664317
664321
664322
664323
664324
664325
664326
664327
664331
664332
664333
664334
664335
664336
664337
664341
664342
664343
664344
664345
664346
664347
664357
664361
664362
664363
664364
664365
664366
664367
664375
664411
664412
664413
664414
664415
664416
664417
664421
664422
664423
664424
664425
664426
664427
664435
664441
664442
664443
664444
664445
664446
664447
664461
664462
664463
664464
664465
664466
664467
664475
664511
664512
664513
664514
664515
664516
664517
664521
664522
664523
664524
664525
664526
664527
664531
664532
664533
664534
664535
664536
664537
664541
664542
664543
664544
664545
664546
664547
664551
664552
664553
664554
664555
664556
664557
664561
664562
664563
664564
664565
664566
664567
664571
664572
664573
664574
664575
664576
664577
664611
664612
664613
664614
664615
664617
664621
664622
664623
664624
664625
664627
664635
664641
664642
664643
664644
664645
664647
664661
664662
664663
664664
664665
664666
664667
664675
664711
664712
664713
664714
664715
664716
664717
664721
664722
664723
664724
664725
664726
664727
664735
664741
664742
664743
664744
664745
664746
664747
664753
664761
664762
664763
664764
664765
664766
664767
664771
664772
664773
664774
664775
664776
664777
665111
665112
665113
665114
665115
665116
665117
665121
665122
665123
665124
665125
665126
665127
665134
665151
665152
665153
665154
665155
665156
665157
665161
665162
665163
665164
665165
665166
665167
665174
665211
665212
665213
665214
665215
665216
665217
665221
665222
665223
665224
665225
665226
665227
665234
665251
665252
665253
665254
665255
665256
665257
665261
665262
665263
665264
665265
665266
665267
665274
665311
665312
665313
665314
665315
665316
665317
665321
665322
665323
665324
665325
665326
665327
665331
665332
665333
665334
665335
665336
665337
665347
665351
665352
665353
665354
665355
665356
665357
665361
665362
665363
665364
665365
665366
665367
665374
665411
665412
665413
665414
665415
665416
665417
665421
665422
665423
665424
665425
665426
665427
665431
665432
665433
665434
665435
665436
665437
665441
665442
665443
665444
665445
665446
665447
665451
665452
665453
665454
665455
665456
665457
665461
665462
665463
665464
665465
665466
665467
665471
665472
665473
665474
665475
665476
665477
665511
665512
665513
665514
665515
665516
665517
665521
665522
665523
665524
665525
665526
665527
665534
665551
665552
665553
665554
665555
665556
665557
665561
665562
665563
665564
665565
665566
665567
665574
665611
665612
665613
665614
665615
665617
665621
665622
665623
665624
665625
665627
665634
665651
665652
665653
665654
665655
665657
665661
665662
665663
665664
665665
665666
665667
665674
665711
665712
665713
665714
665715
665716
665717
665721
665722
665723
665724
665725
665726
665727
665734
665743
665751
665752
665753
665754
665755
665756
665757
665761
665762
665763
665764
665765
665766
665767
665771
665772
665773
665774
665775
665776
665777
666111
666112
666113
666114
666115
666116
666117
666121
666122
666123
666124
666125
666126
666127
666131
666132
666133
666134
666135
666136
666137
666141
666142
666143
666144
666145
666146
666147
666151
666152
666153
666154
666155
666156
666157
666161
666162
666163
666164
666165
666166
666167
666171
666172
666173
666174
666175
666176
666177
666211
666212
666213
666214
666215
666216
666217
666221
666222
666223
666224
666225
666226
666227
666231
666232
666233
666234
666235
666236
666237
666241
666242
666243
666244
666245
666246
666247
666251
666252
666253
666254
666255
666256
666257
666261
666262
666263
666264
666265
666266
666267
666271
666272
666273
666274
666275
666276
666277
666311
666312
666313
666314
666315
666316
666317
666321
666322
666323
666324
666325
666326
666327
666331
666332
666333
666334
666335
666336
666337
666341
666342
666343
666344
666345
666346
666347
666351
666352
666353
666354
666355
666356
666357
666361
666362
666363
666364
666365
666366
666367
666371
666372
666373
666374
666375
666376
666377
666411
666412
666413
666414
666415
666416
666417
666421
666422
666423
666424
666425
666426
666427
666431
666432
666433
666434
666435
666436
666437
666441
666442
666443
666444
666445
666446
666447
666451
666452
666453
666454
666455
666456
666457
666461
666462
666463
666464
666465
666466
666467
666471
666472
666473
666474
666475
666476
666477
666511
666512
666513
666514
666515
666516
666517
666521
666522
666523
666524
666525
666526
666527
666531
666532
666533
666534
666535
666536
666537
666541
666542
666543
666544
666545
666546
666547
666551
666552
666553
666554
666555
666556
666557
666561
666562
666563
666564
666565
666566
666567
666571
666572
666573
666574
666575
666576
666577
666611
666612
666613
666614
666615
666616
666617
666621
666622
666623
666624
666625
666626
666627
666631
666632
666633
666634
666635
666636
666637
666641
666642
666643
666644
666645
666646
666647
666651
666652
666653
666654
666655
666656
666657
666661
666662
666663
666664
666665
666666
666667
666671
666672
666673
666674
666675
666676
666677
666711
666712
666713
666714
666715
666716
666717
666721
666722
666723
666724
666725
666726
666727
666731
666732
666733
666734
666735
666736
666737
666741
666742
666743
666744
666745
666746
666747
666751
666752
666753
666754
666755
666756
666757
666761
666762
666763
666764
666765
666766
666767
666771
666772
666773
666774
666775
666776
666777
667111
667112
667113
667114
667115
667116
667117
667121
667122
667123
667124
667125
667126
667127
667131
667132
667133
667134
667135
667136
667137
667145
667154
667161
667162
667163
667164
667165
667166
667167
667171
667172
667173
667174
667175
667176
667177
667211
667212
667213
667214
667215
667216
667217
667221
667222
667223
667224
667225
667226
667227
667231
667232
667233
667234
667235
667236
667237
667245
667254
667261
667262
667263
667264
667265
667266
667267
667271
667272
667273
667274
667275
667276
667277
667311
667312
667313
667314
667315
667316
667317
667321
667322
667323
667324
667325
667326
667327
667331
667332
667333
667334
667335
667336
667337
667345
667354
667361
667362
667363
667364
667365
667366
667367
667371
667372
667373
667374
667375
667376
667377
667411
667412
667413
667414
667415
667416
667417
667421
667422
667423
667424
667425
667426
667427
667431
667432
667433
667434
667435
667436
667437
667441
667442
667443
667444
667445
667446
667447
667451
667452
667453
667454
667455
667456
667457
667461
667462
667463
667464
667465
667466
667467
667471
667472
667473
667474
667475
667476
667477
667511
667512
667513
667514
667515
667516
667517
667521
667522
667523
667524
667525
667526
667527
667531
667532
667533
667534
667535
667536
667537
667541
667542
667543
667544
667545
667546
667547
667551
667552
667553
667554
667555
667556
667557
667561
667562
667563
667564
667565
667566
667567
667571
667572
667573
667574
667575
667576
667577
667611
667612
667613
667614
667615
667617
667621
667622
667623
667624
667625
667627
667631
667632
667633
667634
667635
667637
667645
667654
667661
667662
667663
667664
667665
667666
667667
667671
667672
667673
667674
667675
667677
667711
667712
667713
667714
667715
667716
667717
667721
667722
667723
667724
667725
667726
667727
667731
667732
667733
667734
667735
667736
667737
667745
667754
667761
667762
667763
667764
667765
667766
667767
667771
667772
667773
667774
667775
667776
667777
671111
671112
671113
671114
671115
671116
671117
671121
671122
671123
671124
671125
671126
671127
671131
671132
671133
671134
671135
671136
671137
671141
671142
671143
671144
671145
671146
671147
671151
671152
671153
671154
671155
671156
671157
671161
671162
671163
671164
671165
671166
671167
671171
671172
671173
671174
671175
671176
671177
671211
671212
671213
671214
671215
671216
671217
671221
671222
671223
671224
671225
671226
671227
671231
671232
671233
671234
671235
671236
671237
671241
671242
671243
671244
671245
671246
671247
671251
671252
671253
671254
671255
671256
671257
671261
671262
671263
671264
671265
671266
671267
671271
671272
671273
671274
671275
671276
671277
671311
671312
671313
671314
671315
671316
671317
671321
671322
671323
671324
671325
671326
671327
671331
671332
671333
671334
671335
671336
671337
671341
671342
671343
671344
671345
671346
671347
671351
671352
671353
671354
671355
671356
671357
671361
671362
671363
671364
671365
671366
671367
671371
671372
671373
671374
671375
671376
671377
671411
671412
671413
671414
671415
671416
671417
671421
671422
671423
671424
671425
671426
671427
671431
671432
671433
671434
671435
671436
671437
671441
671442
671443
671444
671445
671446
671447
671451
671452
671453
671454
671455
671456
671457
671461
671462
671463
671464
671465
671466
671467
671471
671472
671473
671474
671475
671476
671477
671511
671512
671513
671514
671515
671516
671517
671521
671522
671523
671524
671525
671526
671527
671531
671532
671533
671534
671535
671536
671537
671541
671542
671543
671544
671545
671546
671547
671551
671552
671553
671554
671555
671556
671557
671561
671562
671563
671564
671565
671566
671567
671571
671572
671573
671574
671575
671576
671577
671611
671612
671613
671614
671615
671616
671617
671621
671622
671623
671624
671625
671626
671627
671631
671632
671633
671634
671635
671636
671637
671641
671642
671643
671644
671645
671646
671647
671651
671652
671653
671654
671655
671656
671657
671661
671662
671663
671664
671665
671666
671667
671671
671672
671673
671674
671675
671676
671677
671711
671712
671713
671714
671715
671716
671721
671722
671723
671724
671725
671726
671731
671732
671733
671734
671735
671736
671741
671742
671743
671744
671745
671746
671751
671752
671753
671754
671755
671756
671761
671762
671763
671764
671765
671766
671771
671772
671773
671774
671775
671776
671777
672111
672112
672113
672114
672115
672116
672117
672121
672122
672123
672124
672125
672126
672127
672131
672132
672133
672134
672135
672136
672137
672141
672142
672143
672144
672145
672146
672147
672151
672152
672153
672154
672155
672156
672157
672161
672162
672163
672164
672165
672166
672167
672171
672172
672173
672174
672175
672176
672177
672211
672212
672213
672214
672215
672216
672217
672221
672222
672223
672224
672225
672226
672227
672231
672232
672233
672234
672235
672236
672237
672241
672242
672243
672244
672245
672246
672247
672251
672252
672253
672254
672255
672256
672257
672261
672262
672263
672264
672265
672266
672267
672271
672272
672273
672274
672275
672276
672277
672311
672312
672313
672314
672315
672316
672317
672321
672322
672323
672324
672325
672326
672327
672331
672332
672333
672334
672335
672336
672337
672341
672342
672343
672344
672345
672346
672347
672351
672352
672353
672354
672355
672356
672357
672361
672362
672363
672364
672365
672366
672367
672371
672372
672373
672374
672375
672376
672377
672411
672412
672413
672414
672415
672416
672417
672421
672422
672423
672424
672425
672426
672427
672431
672432
672433
672434
672435
672436
672437
672441
672442
672443
672444
672445
672446
672447
672451
672452
672453
672454
672455
672456
672457
672461
672462
672463
672464
672465
672466
672467
672471
672472
672473
672474
672475
672476
672477
672511
672512
672513
672514
672515
672516
672517
672521
672522
672523
672524
672525
672526
672527
672531
672532
672533
672534
672535
672536
672537
672541
672542
672543
672544
672545
672546
672547
672551
672552
672553
672554
672555
672556
672557
672561
672562
672563
672564
672565
672566
672567
672571
672572
672573
672574
672575
672576
672577
672611
672612
672613
672614
672615
672616
672617
672621
672622
672623
672624
672625
672626
672627
672631
672632
672633
672634
672635
672636
672637
672641
672642
672643
672644
672645
672646
672647
672651
672652
672653
672654
672655
672656
672657
672661
672662
672663
672664
672665
672666
672667
672671
672672
672673
672674
672675
672676
672677
672711
672712
672713
672714
672715
672716
672721
672722
672723
672724
672725
672726
672731
672732
672733
672734
672735
672736
672741
672742
672743
672744
672745
672746
672751
672752
672753
672754
672755
672756
672761
672762
672763
672764
672765
672766
672771
672772
672773
672774
672775
672776
672777
673111
673112
673113
673114
673115
673116
673117
673121
673122
673123
673124
673125
673126
673127
673131
673132
673133
673134
673135
673136
673137
673145
673154
673161
673162
673163
673164
673165
673166
673167
673171
673172
673173
673174
673175
673176
673177
673211
673212
673213
673214
673215
673216
673217
673221
673222
673223
673224
673225
673226
673227
673231
673232
673233
673234
673235
673236
673237
673245
673254
673261
673262
673263
673264
673265
673266
673267
673271
673272
673273
673274
673275
673276
673277
673311
673312
673313
673314
673315
673316
673317
673321
673322
673323
673324
673325
673326
673327
673331
673332
673333
673334
673335
673336
673337
673345
673354
673361
673362
673363
673364
673365
673366
673367
673371
673372
673373
673374
673375
673376
673377
673411
673412
673413
673414
673415
673416
673417
673421
673422
673423
673424
673425
673426
673427
673431
673432
673433
673434
673435
673436
673437
673441
673442
673443
673444
673445
673446
673447
673451
673452
673453
673454
673455
673456
673457
673461
673462
673463
673464
673465
673466
673467
673471
673472
673473
673474
673475
673476
673477
673511
673512
673513
673514
673515
673516
673517
673521
673522
673523
673524
673525
673526
673527
673531
673532
673533
673534
673535
673536
673537
673541
673542
673543
673544
673545
673546
673547
673551
673552
673553
673554
673555
673556
673557
673561
673562
673563
673564
673565
673566
673567
673571
673572
673573
673574
673575
673576
673577
673611
673612
673613
673614
673615
673616
673617
673621
673622
673623
673624
673625
673626
673627
673631
673632
673633
673634
673635
673636
673637
673645
673654
673661
673662
673663
673664
673665
673666
673667
673671
673672
673673
673674
673675
673676
673677
673711
673712
673713
673714
673715
673716
673721
673722
673723
673724
673725
673726
673731
673732
673733
673734
673735
673736
673745
673754
673761
673762
673763
673764
673765
673766
673771
673772
673773
673774
673775
673776
673777
674111
674112
674113
674114
674115
674116
674117
674121
674122
674123
674124
674125
674126
674127
674135
674141
674142
674143
674144
674145
674146
674147
674153
674161
674162
674163
674164
674165
674166
674167
674171
674172
674173
674174
674175
674176
674177
674211
674212
674213
674214
674215
674216
674217
674221
674222
674223
674224
674225
674226
674227
674235
674241
674242
674243
674244
674245
674246
674247
674253
674261
674262
674263
674264
674265
674266
674267
674271
674272
674273
674274
674275
674276
674277
674311
674312
674313
674314
674315
674316
674317
674321
674322
674323
674324
674325
674326
674327
674331
674332
674333
674334
674335
674336
674337
674341
674342
674343
674344
674345
674346
674347
674351
674352
674353
674354
674355
674356
674357
674361
674362
674363
674364
674365
674366
674367
674371
674372
674373
674374
674375
674376
674377
674411
674412
674413
674414
674415
674416
674417
674421
674422
674423
674424
674425
674426
674427
674435
674441
674442
674443
674444
674445
674446
674447
674453
674461
674462
674463
674464
674465
674466
674467
674471
674472
674473
674474
674475
674476
674477
674511
674512
674513
674514
674515
674516
674517
674521
674522
674523
674524
674525
674526
674527
674531
674532
674533
674534
674535
674536
674537
674541
674542
674543
674544
674545
674546
674547
674551
674552
674553
674554
674555
674556
674557
674561
674562
674563
674564
674565
674566
674567
674571
674572
674573
674574
674575
674576
674577
674611
674612
674613
674614
674615
674616
674617
674621
674622
674623
674624
674625
674626
674627
674635
674641
674642
674643
674644
674645
674646
674647
674653
674661
674662
674663
674664
674665
674666
674667
674671
674672
674673
674674
674675
674676
674677
674711
674712
674713
674714
674715
674716
674721
674722
674723
674724
674725
674726
674735
674741
674742
674743
674744
674745
674746
674753
674761
674762
674763
674764
674765
674766
674771
674772
674773
674774
674775
674776
674777
675111
675112
675113
675114
675115
675116
675117
675121
675122
675123
675124
675125
675126
675127
675134
675143
675151
675152
675153
675154
675155
675156
675157
675161
675162
675163
675164
675165
675166
675167
675171
675172
675173
675174
675175
675176
675177
675211
675212
675213
675214
675215
675216
675217
675221
675222
675223
675224
675225
675226
675227
675234
675243
675251
675252
675253
675254
675255
675256
675257
675261
675262
675263
675264
675265
675266
675267
675271
675272
675273
675274
675275
675276
675277
675311
675312
675313
675314
675315
675316
675317
675321
675322
675323
675324
675325
675326
675327
675331
675332
675333
675334
675335
675336
675337
675341
675342
675343
675344
675345
675346
675347
675351
675352
675353
675354
675355
675356
675357
675361
675362
675363
675364
675365
675366
675367
675371
675372
675373
675374
675375
675376
675377
675411
675412
675413
675414
675415
675416
675417
675421
675422
675423
675424
675425
675426
675427
675431
675432
675433
675434
675435
675436
675437
675441
675442
675443
675444
675445
675446
675447
675451
675452
675453
675454
675455
675456
675457
675461
675462
675463
675464
675465
675466
675467
675471
675472
675473
675474
675475
675476
675477
675511
675512
675513
675514
675515
675516
675517
675521
675522
675523
675524
675525
675526
675527
675534
675543
675551
675552
675553
675554
675555
675556
675557
675561
675562
675563
675564
675565
675566
675567
675571
675572
675573
675574
675575
675576
675577
675611
675612
675613
675614
675615
675616
675617
675621
675622
675623
675624
675625
675626
675627
675634
675643
675651
675652
675653
675654
675655
675656
675657
675661
675662
675663
675664
675665
675666
675667
675671
675672
675673
675674
675675
675676
675677
675711
675712
675713
675714
675715
675716
675721
675722
675723
675724
675725
675726
675734
675743
675751
675752
675753
675754
675755
675756
675761
675762
675763
675764
675765
675766
675771
675772
675773
675774
675775
675776
675777
676111
676112
676113
676114
676115
676116
676117
676121
676122
676123
676124
676125
676126
676127
676131
676132
676133
676134
676135
676136
676137
676141
676142
676143
676144
676145
676146
676147
676151
676152
676153
676154
676155
676156
676157
676166
676171
676172
676173
676174
676175
676176
676177
676211
676212
676213
676214
676215
676216
676217
676221
676222
676223
676224
676225
676226
676227
676231
676232
676233
676234
676235
676236
676237
676241
676242
676243
676244
676245
676246
676247
676251
676252
676253
676254
676255
676256
676257
676266
676271
676272
676273
676274
676275
676276
676277
676311
676312
676313
676314
676315
676316
676317
676321
676322
676323
676324
676325
676326
676327
676331
676332
676333
676334
676335
676336
676337
676341
676342
676343
676344
676345
676346
676347
676351
676352
676353
676354
676355
676356
676357
676366
676371
676372
676373
676374
676375
676376
676377
676411
676412
676413
676414
676415
676416
676417
676421
676422
676423
676424
676425
676426
676427
676431
676432
676433
676434
676435
676436
676437
676441
676442
676443
676444
676445
676446
676447
676451
676452
676453
676454
676455
676456
676457
676466
676471
676472
676473
676474
676475
676476
676477
676511
676512
676513
676514
676515
676516
676517
676521
676522
676523
676524
676525
676526
676527
676531
676532
676533
676534
676535
676536
676537
676541
676542
676543
676544
676545
676546
676547
676551
676552
676553
676554
676555
676556
676557
676566
676571
676572
676573
676574
676575
676576
676577
676611
676612
676613
676614
676615
676616
676617
676621
676622
676623
676624
676625
676626
676627
676631
676632
676633
676634
676635
676636
676637
676641
676642
676643
676644
676645
676646
676647
676651
676652
676653
676654
676655
676656
676657
676661
676662
676663
676664
676665
676666
676667
676671
676672
676673
676674
676675
676676
676677
676711
676712
676713
676714
676715
676716
676721
676722
676723
676724
676725
676726
676731
676732
676733
676734
676735
676736
676741
676742
676743
676744
676745
676746
676751
676752
676753
676754
676755
676756
676766
676771
676772
676773
676774
676775
676776
676777
677111
677112
677113
677114
677115
677116
677117
677121
677122
677123
677124
677125
677126
677127
677131
677132
677133
677134
677135
677136
677137
677141
677142
677143
677144
677145
677146
677147
677151
677152
677153
677154
677155
677156
677157
677161
677162
677163
677164
677165
677166
677167
677171
677172
677173
677174
677175
677176
677177
677211
677212
677213
677214
677215
677216
677217
677221
677222
677223
677224
677225
677226
677227
677231
677232
677233
677234
677235
677236
677237
677241
677242
677243
677244
677245
677246
677247
677251
677252
677253
677254
677255
677256
677257
677261
677262
677263
677264
677265
677266
677267
677271
677272
677273
677274
677275
677276
677277
677311
677312
677313
677314
677315
677316
677317
677321
677322
677323
677324
677325
677326
677327
677331
677332
677333
677334
677335
677336
677337
677341
677342
677343
677344
677345
677346
677347
677351
677352
677353
677354
677355
677356
677357
677361
677362
677363
677364
677365
677366
677367
677371
677372
677373
677374
677375
677376
677377
677411
677412
677413
677414
677415
677416
677417
677421
677422
677423
677424
677425
677426
677427
677431
677432
677433
677434
677435
677436
677437
677441
677442
677443
677444
677445
677446
677447
677451
677452
677453
677454
677455
677456
677457
677461
677462
677463
677464
677465
677466
677467
677471
677472
677473
677474
677475
677476
677477
677511
677512
677513
677514
677515
677516
677517
677521
677522
677523
677524
677525
677526
677527
677531
677532
677533
677534
677535
677536
677537
677541
677542
677543
677544
677545
677546
677547
677551
677552
677553
677554
677555
677556
677557
677561
677562
677563
677564
677565
677566
677567
677571
677572
677573
677574
677575
677576
677577
677611
677612
677613
677614
677615
677616
677617
677621
677622
677623
677624
677625
677626
677627
677631
677632
677633
677634
677635
677636
677637
677641
677642
677643
677644
677645
677646
677647
677651
677652
677653
677654
677655
677656
677657
677661
677662
677663
677664
677665
677666
677667
677671
677672
677673
677674
677675
677676
677677
677711
677712
677713
677714
677715
677716
677717
677721
677722
677723
677724
677725
677726
677727
677731
677732
677733
677734
677735
677736
677737
677741
677742
677743
677744
677745
677746
677747
677751
677752
677753
677754
677755
677756
677757
677761
677762
677763
677764
677765
677766
677767
677771
677772
677773
677774
677775
677776
677777
711111
711112
711113
711114
711115
711116
711117
711121
711122
711123
711124
711125
711126
711127
711131
711132
711133
711134
711135
711136
711137
711141
711142
711143
711144
711145
711146
711147
711151
711152
711153
711154
711155
711156
711157
711161
711162
711163
711164
711165
711166
711167
711171
711172
711173
711174
711175
711176
711177
711211
711212
711215
711216
711217
711221
711222
711225
711226
711227
711231
711232
711233
711234
711235
711236
711237
711241
711242
711243
711244
711245
711246
711247
711251
711252
711255
711256
711257
711261
711262
711265
711266
711267
711271
711272
711275
711276
711277
711311
711313
711315
711316
711317
711321
711322
711323
711324
711325
711326
711327
711331
711333
711335
711336
711337
711341
711342
711343
711344
711345
711346
711347
711351
711353
711355
711356
711357
711361
711363
711365
711366
711367
711371
711373
711375
711376
711377
711411
711414
711415
711416
711417
711421
711422
711423
711424
711425
711426
711427
711431
711432
711433
711434
711435
711436
711437
711441
711444
711445
711446
711447
711451
711454
711455
711456
711457
711461
711464
711465
711466
711467
711471
711474
711475
711476
711477
711511
711512
711513
711514
711515
711516
711517
711521
711522
711523
711524
711525
711526
711527
711531
711532
711533
711534
711535
711536
711537
711541
711542
711543
711544
711545
711546
711547
711551
711552
711553
711554
711555
711556
711557
711561
711562
711563
711564
711565
711566
711567
711571
711572
711573
711574
711575
711576
711577
711611
711612
711613
711614
711615
711616
711617
711621
711622
711623
711624
711625
711626
711627
711631
711632
711633
711634
711635
711636
711637
711641
711642
711643
711644
711645
711646
711647
711651
711652
711653
711654
711655
711656
711657
711661
711662
711663
711664
711665
711666
711667
711671
711672
711673
711674
711675
711676
711677
711711
711712
711713
711714
711715
711716
711717
711721
711722
711723
711724
711725
711726
711727
711731
711732
711733
711734
711735
711736
711737
711741
711742
711743
711744
711745
711746
711747
711751
711752
711753
711754
711755
711756
711757
711761
711762
711763
711764
711765
711766
711767
711771
711772
711773
711774
711775
711776
711777
712111
712112
712113
712114
712115
712116
712117
712122
712123
712124
712125
712126
712127
712132
712133
712134
712135
712136
712137
712142
712143
712144
712145
712146
712147
712152
712153
712154
712155
712156
712157
712162
712163
712164
712165
712166
712167
712172
712173
712174
712175
712176
712177
712211
712212
712213
712214
712215
712216
712217
712221
712222
712223
712224
712225
712226
712227
712231
712232
712233
712234
712235
712236
712237
712241
712242
712243
712244
712245
712246
712247
712251
712252
712253
712254
712255
712256
712257
712261
712262
712263
712264
712265
712266
712267
712271
712272
712273
712274
712275
712276
712277
712311
712312
712313
712314
712315
712316
712317
712321
712322
712323
712324
712325
712326
712327
712331
712332
712333
712334
712335
712336
712337
712341
712342
712343
712344
712345
712346
712347
712351
712352
712353
712354
712355
712356
712357
712361
712362
712363
712364
712365
712366
712367
712371
712372
712373
712374
712375
712376
712377
712411
712412
712413
712414
712415
712416
712417
712421
712422
712423
712424
712425
712426
712427
712431
712432
712433
712434
712435
712436
712437
712441
712442
712443
712444
712445
712446
712447
712451
712452
712453
712454
712455
712456
712457
712461
712462
712463
712464
712465
712466
712467
712471
712472
712473
712474
712475
712476
712477
712511
712512
712513
712514
712515
712516
712517
712521
712522
712523
712524
712525
712526
712527
712531
712532
712533
712534
712535
712536
712537
712541
712542
712543
712544
712545
712546
712547
712551
712552
712553
712554
712555
712556
712557
712561
712562
712563
712564
712565
712566
712567
712571
712572
712573
712574
712575
712576
712577
712611
712612
712613
712614
712615
712616
712617
712621
712622
712623
712624
712625
712626
712627
712631
712632
712633
712634
712635
712636
712637
712641
712642
712643
712644
712645
712646
712647
712651
712652
712653
712654
712655
712656
712657
712661
712662
712663
712664
712665
712666
712667
712671
712672
712673
712674
712675
712676
712677
712711
712712
712713
712714
712715
712716
712717
712721
712722
712723
712724
712725
712726
712727
712731
712732
712733
712734
712735
712736
712737
712741
712742
712743
712744
712745
712746
712747
712751
712752
712753
712754
712755
712756
712757
712761
712762
712763
712764
712765
712766
712767
712771
712772
712773
712774
712775
712776
712777
713111
713112
713113
713114
713115
713116
713117
713122
713123
713124
713125
713126
713127
713132
713133
713134
713135
713136
713137
713142
713143
713144
713145
713146
713147
713152
713153
713154
713155
713156
713157
713162
713163
713164
713165
713166
713167
713172
713173
713174
713175
713176
713177
713211
713212
713213
713214
713215
713216
713217
713221
713222
713223
713224
713225
713226
713227
713231
713232
713233
713234
713235
713236
713237
713241
713242
713243
713244
713245
713246
713247
713251
713252
713253
713254
713255
713256
713257
713261
713262
713263
713264
713265
713266
713267
713271
713272
713273
713274
713275
713276
713277
713311
713312
713313
713314
713315
713316
713317
713321
713322
713323
713324
713325
713326
713327
713331
713332
713333
713334
713335
713336
713337
713341
713342
713343
713344
713345
713346
713347
713351
713352
713353
713354
713355
713356
713357
713361
713362
713363
713364
713365
713366
713367
713371
713372
713373
713374
713375
713376
713377
713411
713412
713413
713414
713415
713416
713417
713421
713422
713423
713424
713425
713426
713427
713431
713432
713433
713434
713435
713436
713437
713441
713442
713443
713444
713445
713446
713447
713451
713452
713453
713454
713455
713456
713457
713461
713462
713463
713464
713465
713466
713467
713471
713472
713473
713474
713475
713476
713477
713511
713512
713513
713514
713515
713516
713517
713521
713522
713523
713524
713525
713526
713527
713531
713532
713533
713534
713535
713536
713537
713541
713542
713543
713544
713545
713546
713547
713551
713552
713553
713554
713555
713556
713557
713561
713562
713563
713564
713565
713566
713567
713571
713572
713573
713574
713575
713576
713577
713611
713612
713613
713614
713615
713616
713617
713621
713622
713623
713624
713625
713626
713627
713631
713632
713633
713634
713635
713636
713637
713641
713642
713643
713644
713645
713646
713647
713651
713652
713653
713654
713655
713656
713657
713661
713662
713663
713664
713665
713666
713667
713671
713672
713673
713674
713675
713676
713677
713711
713712
713713
713714
713715
713716
713717
713721
713722
713723
713724
713725
713726
713727
713731
713732
713733
713734
713735
713736
713737
713741
713742
713743
713744
713745
713746
713747
713751
713752
713753
713754
713755
713756
713757
713761
713762
713763
713764
713765
713766
713767
713771
713772
713773
713774
713775
713776
713777
714111
714112
714113
714114
714115
714116
714117
714122
714123
714124
714125
714126
714127
714132
714133
714134
714135
714136
714137
714142
714143
714144
714145
714146
714147
714156
714165
714172
714173
714174
714175
714176
714177
714211
714212
714213
714214
714215
714216
714217
714221
714222
714223
714224
714225
714226
714227
714231
714232
714233
714234
714235
714236
714237
714241
714242
714243
714244
714245
714246
714247
714256
714265
714271
714272
714273
714274
714275
714276
714277
714311
714312
714313
714314
714315
714316
714317
714321
714322
714323
714324
714325
714326
714327
714331
714332
714333
714334
714335
714336
714337
714341
714342
714343
714344
714345
714346
714347
714356
714365
714371
714372
714373
714374
714375
714376
714377
714411
714412
714413
714414
714415
714416
714417
714421
714422
714423
714424
714425
714426
714427
714431
714432
714433
714434
714435
714436
714437
714441
714442
714443
714444
714445
714446
714447
714456
714465
714471
714472
714473
714474
714475
714476
714477
714511
714512
714513
714514
714515
714516
714517
714521
714522
714523
714524
714525
714526
714527
714531
714532
714533
714534
714535
714536
714537
714541
714542
714543
714544
714545
714546
714547
714551
714552
714553
714554
714555
714556
714557
714561
714562
714563
714564
714565
714566
714567
714571
714572
714573
714574
714575
714576
714577
714611
714612
714613
714614
714615
714616
714617
714621
714622
714623
714624
714625
714626
714627
714631
714632
714633
714634
714635
714636
714637
714641
714642
714643
714644
714645
714646
714647
714651
714652
714653
714654
714655
714656
714657
714661
714662
714663
714664
714665
714666
714667
714671
714672
714673
714674
714675
714676
714677
714711
714712
714713
714714
714715
714716
714717
714721
714722
714723
714724
714725
714726
714727
714731
714732
714733
714734
714735
714736
714737
714741
714742
714743
714744
714745
714746
714747
714756
714765
714771
714772
714773
714774
714775
714776
714777
715111
715112
715113
715114
715115
715116
715117
715122
715123
715124
715125
715126
715127
715132
715133
715134
715135
715136
715137
715146
715152
715153
715154
715155
715156
715157
715164
715172
715173
715174
715175
715176
715177
715211
715212
715215
715216
715217
715221
715222
715225
715226
715227
715231
715232
715233
715234
715235
715236
715237
715246
715251
715252
715255
715256
715257
715271
715272
715275
715276
715277
715311
715313
715315
715316
715317
715321
715322
715323
715324
715325
715326
715327
715331
715333
715335
715336
715337
715346
715351
715353
715355
715356
715357
715371
715373
715375
715376
715377
715411
715414
715415
715416
715417
715421
715422
715423
715424
715425
715426
715427
715431
715432
715433
715434
715435
715436
715437
715441
715444
715445
715446
715447
715451
715454
715455
715456
715457
715461
715464
715465
715466
715467
715471
715474
715475
715476
715477
715511
715512
715513
715514
715515
715516
715517
715521
715522
715523
715524
715525
715526
715527
715531
715532
715533
715534
715535
715536
715537
715546
715551
715552
715553
715554
715555
715556
715557
715564
715571
715572
715573
715574
715575
715576
715577
715611
715612
715613
715614
715615
715616
715617
715621
715622
715623
715624
715625
715626
715627
715631
715632
715633
715634
715635
715636
715637
715641
715642
715643
715644
715645
715646
715647
715651
715652
715653
715654
715655
715656
715657
715661
715662
715663
715664
715665
715666
715667
715671
715672
715673
715674
715675
715676
715677
715711
715712
715713
715714
715715
715716
715717
715721
715722
715723
715724
715725
715726
715727
715731
715732
715733
715734
715735
715736
715737
715746
715751
715752
715753
715754
715755
715756
715757
715764
715771
715772
715773
715774
715775
715776
715777
716111
716112
716113
716114
716115
716116
716117
716122
716123
716124
716125
716126
716127
716132
716133
716134
716135
716136
716137
716145
716154
716162
716163
716164
716165
716166
716167
716172
716173
716174
716175
716176
716177
716211
716212
716215
716216
716217
716221
716222
716225
716226
716227
716231
716232
716233
716234
716235
716236
716237
716245
716261
716262
716265
716266
716267
716271
716272
716275
716276
716277
716311
716313
716315
716316
716317
716321
716322
716323
716324
716325
716326
716327
716331
716333
716335
716336
716337
716345
716361
716363
716365
716366
716367
716371
716373
716375
716376
716377
716411
716414
716415
716416
716417
716421
716422
716423
716424
716425
716426
716427
716431
716432
716433
716434
716435
716436
716437
716441
716444
716445
716446
716447
716451
716454
716455
716456
716457
716461
716464
716465
716466
716467
716471
716474
716475
716476
716477
716511
716512
716513
716514
716515
716516
716517
716521
716522
716523
716524
716525
716526
716527
716531
716532
716533
716534
716535
716536
716537
716541
716542
716543
716544
716545
716546
716547
716551
716552
716553
716554
716555
716556
716557
716561
716562
716563
716564
716565
716566
716567
716571
716572
716573
716574
716575
716576
716577
716611
716612
716613
716614
716615
716616
716617
716621
716622
716623
716624
716625
716626
716627
716631
716632
716633
716634
716635
716636
716637
716645
716654
716661
716662
716663
716664
716665
716666
716667
716671
716672
716673
716674
716675
716676
716677
716711
716712
716713
716714
716715
716716
716717
716721
716722
716723
716724
716725
716726
716727
716731
716732
716733
716734
716735
716736
716737
716745
716754
716761
716762
716763
716764
716765
716766
716767
716771
716772
716773
716774
716775
716776
716777
717111
717112
717113
717114
717115
717116
717117
717122
717123
717124
717125
717126
717127
717132
717133
717134
717135
717136
717137
717142
717143
717144
717145
717146
717147
717152
717153
717154
717155
717156
717157
717162
717163
717164
717165
717166
717167
717177
717211
717212
717215
717216
717217
717221
717222
717225
717226
717227
717231
717232
717233
717234
717235
717236
717237
717241
717242
717243
717244
717245
717246
717247
717251
717252
717255
717256
717257
717261
717262
717265
717266
717267
717277
717311
717313
717315
717316
717317
717321
717322
717323
717324
717325
717326
717327
717331
717333
717335
717336
717337
717341
717342
717343
717344
717345
717346
717347
717351
717353
717355
717356
717357
717361
717363
717365
717366
717367
717377
717411
717414
717415
717416
717417
717421
717422
717423
717424
717425
717426
717427
717431
717432
717433
717434
717435
717436
717437
717441
717444
717445
717446
717447
717451
717454
717455
717456
717457
717461
717464
717465
717466
717467
717477
717511
717512
717513
717514
717515
717516
717517
717521
717522
717523
717524
717525
717526
717527
717531
717532
717533
717534
717535
717536
717537
717541
717542
717543
717544
717545
717546
717547
717551
717552
717553
717554
717555
717556
717557
717561
717562
717563
717564
717565
717566
717567
717577
717611
717612
717613
717614
717615
717616
717617
717621
717622
717623
717624
717625
717626
717627
717631
717632
717633
717634
717635
717636
717637
717641
717642
717643
717644
717645
717646
717647
717651
717652
717653
717654
717655
717656
717657
717661
717662
717663
717664
717665
717666
717667
717677
717711
717712
717713
717714
717715
717716
717717
717721
717722
717723
717724
717725
717726
717727
717731
717732
717733
717734
717735
717736
717737
717741
717742
717743
717744
717745
717746
717747
717751
717752
717753
717754
717755
717756
717757
717761
717762
717763
717764
717765
717766
717767
717771
717772
717773
717774
717775
717776
717777
721111
721112
721113
721114
721115
721116
721117
721121
721122
721123
721124
721125
721126
721127
721131
721132
721133
721134
721135
721136
721137
721141
721142
721143
721144
721145
721146
721147
721151
721152
721153
721154
721155
721156
721157
721161
721162
721163
721164
721165
721166
721167
721171
721172
721173
721174
721175
721176
721177
721211
721213
721214
721215
721216
721217
721221
721222
721223
721224
721225
721226
721227
721231
721233
721234
721235
721236
721237
721241
721243
721244
721245
721246
721247
721251
721253
721254
721255
721256
721257
721261
721263
721264
721265
721266
721267
721271
721273
721274
721275
721276
721277
721311
721312
721313
721316
721317
721321
721322
721323
721326
721327
721331
721332
721333
721336
721337
721341
721342
721343
721344
721345
721346
721347
721351
721352
721353
721354
721355
721356
721357
721361
721362
721363
721366
721367
721371
721372
721373
721376
721377
721411
721412
721414
721416
721417
721421
721422
721424
721426
721427
721431
721432
721433
721434
721435
721436
721437
721441
721442
721444
721446
721447
721451
721452
721453
721454
721455
721456
721457
721461
721462
721464
721466
721467
721471
721472
721474
721476
721477
721511
721512
721515
721516
721517
721521
721522
721525
721526
721527
721531
721532
721533
721534
721535
721536
721537
721541
721542
721543
721544
721545
721546
721547
721551
721552
721555
721556
721557
721561
721562
721565
721566
721567
721571
721572
721575
721576
721577
721611
721612
721613
721614
721615
721616
721617
721621
721622
721623
721624
721625
721626
721627
721631
721632
721633
721634
721635
721636
721637
721641
721642
721643
721644
721645
721646
721647
721651
721652
721653
721654
721655
721656
721657
721661
721662
721663
721664
721665
721666
721667
721671
721672
721673
721674
721675
721676
721677
721711
721712
721713
721714
721715
721716
721717
721721
721722
721723
721724
721725
721726
721727
721731
721732
721733
721734
721735
721736
721737
721741
721742
721743
721744
721745
721746
721747
721751
721752
721753
721754
721755
721756
721757
721761
721762
721763
721764
721765
721766
721767
721771
721772
721773
721774
721775
721776
721777
722111
722112
722115
722116
722117
722121
722122
722125
722126
722127
722131
722132
722133
722134
722135
722136
722137
722141
722142
722143
722144
722145
722146
722147
722151
722152
722155
722156
722157
722161
722162
722165
722166
722167
722171
722172
722175
722176
722177
722211
722212
722213
722214
722215
722216
722217
722221
722222
722223
722224
722225
722226
722227
722231
722232
722233
722234
722235
722236
722237
722241
722242
722243
722244
722245
722246
722247
722251
722252
722253
722254
722255
722256
722257
722261
722262
722263
722264
722265
722266
722267
722271
722272
722273
722274
722275
722276
722277
722311
722312
722313
722316
722317
722322
722323
722326
722327
722332
722333
722336
722337
722341
722342
722343
722344
722345
722346
722347
722352
722353
722355
722356
722357
722362
722363
722366
722367
722372
722373
722376
722377
722411
722412
722414
722416
722417
722422
722424
722426
722427
722431
722432
722433
722434
722435
722436
722437
722442
722444
722446
722447
722452
722454
722455
722456
722457
722462
722464
722466
722467
722472
722474
722476
722477
722511
722512
722515
722516
722517
722521
722522
722525
722526
722527
722531
722532
722533
722534
722535
722536
722537
722541
722542
722543
722544
722545
722546
722547
722551
722552
722555
722556
722557
722561
722562
722565
722566
722567
722571
722572
722575
722576
722577
722611
722612
722613
722614
722615
722616
722617
722621
722622
722623
722624
722625
722626
722627
722631
722632
722633
722634
722635
722636
722637
722641
722642
722643
722644
722645
722646
722647
722651
722652
722653
722654
722655
722656
722657
722661
722662
722663
722664
722665
722666
722667
722671
722672
722673
722674
722675
722676
722677
722711
722712
722713
722714
722715
722716
722717
722721
722722
722723
722724
722725
722726
722727
722731
722732
722733
722734
722735
722736
722737
722741
722742
722743
722744
722745
722746
722747
722751
722752
722753
722754
722755
722756
722757
722761
722762
722763
722764
722765
722766
722767
722771
722772
722773
722774
722775
722776
722777
723111
723112
723113
723114
723115
723116
723117
723121
723122
723123
723124
723125
723126
723127
723131
723132
723133
723134
723135
723136
723137
723141
723142
723143
723144
723145
723146
723147
723151
723152
723153
723154
723155
723156
723157
723161
723162
723163
723164
723165
723166
723167
723171
723172
723173
723174
723175
723176
723177
723211
723213
723214
723215
723216
723217
723221
723222
723223
723224
723225
723226
723227
723231
723233
723234
723235
723236
723237
723241
723243
723244
723245
723246
723247
723251
723253
723254
723255
723256
723257
723261
723263
723264
723265
723266
723267
723271
723273
723274
723275
723276
723277
723311
723312
723313
723314
723315
723316
723317
723321
723322
723323
723324
723325
723326
723327
723331
723332
723333
723334
723335
723336
723337
723341
723342
723343
723344
723345
723346
723347
723351
723352
723353
723354
723355
723356
723357
723361
723362
723363
723364
723365
723366
723367
723371
723372
723373
723374
723375
723376
723377
723411
723412
723413
723414
723415
723416
723417
723421
723422
723423
723424
723425
723426
723427
723431
723432
723433
723434
723435
723436
723437
723441
723442
723443
723444
723445
723446
723447
723451
723452
723453
723454
723455
723456
723457
723461
723462
723463
723464
723465
723466
723467
723471
723472
723473
723474
723475
723476
723477
723511
723512
723513
723514
723515
723516
723517
723521
723522
723523
723524
723525
723526
723527
723531
723532
723533
723534
723535
723536
723537
723541
723542
723543
723544
723545
723546
723547
723551
723552
723553
723554
723555
723556
723557
723561
723562
723563
723564
723565
723566
723567
723571
723572
723573
723574
723575
723576
723577
723611
723612
723613
723614
723615
723616
723617
723621
723622
723623
723624
723625
723626
723627
723631
723632
723633
723634
723635
723636
723637
723641
723642
723643
723644
723645
723646
723647
723651
723652
723653
723654
723655
723656
723657
723661
723662
723663
723664
723665
723666
723667
723671
723672
723673
723674
723675
723676
723677
723711
723712
723713
723714
723715
723716
723717
723721
723722
723723
723724
723725
723726
723727
723731
723732
723733
723734
723735
723736
723737
723741
723742
723743
723744
723745
723746
723747
723751
723752
723753
723754
723755
723756
723757
723761
723762
723763
723764
723765
723766
723767
723771
723772
723773
723774
723775
723776
723777
724111
724112
724113
724114
724115
724116
724117
724121
724122
724123
724124
724125
724126
724127
724131
724132
724133
724134
724135
724136
724137
724141
724142
724143
724144
724145
724146
724147
724156
724165
724171
724172
724173
724174
724175
724176
724177
724211
724213
724214
724215
724216
724217
724221
724222
724223
724224
724225
724226
724227
724231
724233
724234
724235
724236
724237
724241
724243
724244
724245
724246
724247
724256
724265
724271
724273
724274
724275
724276
724277
724311
724312
724313
724314
724315
724316
724317
724321
724322
724323
724324
724325
724326
724327
724331
724332
724333
724334
724335
724336
724337
724341
724342
724343
724344
724345
724346
724347
724356
724365
724371
724372
724373
724374
724375
724376
724377
724411
724412
724413
724414
724415
724416
724417
724421
724422
724423
724424
724425
724426
724427
724431
724432
724433
724434
724435
724436
724437
724441
724442
724443
724444
724445
724446
724447
724456
724465
724471
724472
724473
724474
724475
724476
724477
724511
724512
724513
724514
724515
724516
724517
724521
724522
724523
724524
724525
724526
724527
724531
724532
724533
724534
724535
724536
724537
724541
724542
724543
724544
724545
724546
724547
724551
724552
724553
724554
724555
724556
724557
724561
724562
724563
724564
724565
724566
724567
724571
724572
724573
724574
724575
724576
724577
724611
724612
724613
724614
724615
724616
724617
724621
724622
724623
724624
724625
724626
724627
724631
724632
724633
724634
724635
724636
724637
724641
724642
724643
724644
724645
724646
724647
724651
724652
724653
724654
724655
724656
724657
724661
724662
724663
724664
724665
724666
724667
724671
724672
724673
724674
724675
724676
724677
724711
724712
724713
724714
724715
724716
724717
724721
724722
724723
724724
724725
724726
724727
724731
724732
724733
724734
724735
724736
724737
724741
724742
724743
724744
724745
724746
724747
724756
724765
724771
724772
724773
724774
724775
724776
724777
725111
725112
725115
725116
725117
725121
725122
725125
725126
725127
725131
725132
725133
725134
725135
725136
725137
725146
725151
725152
725155
725156
725157
725171
725172
725175
725176
725177
725211
725213
725214
725215
725216
725217
725221
725222
725223
725224
725225
725226
725227
725231
725233
725234
725235
725236
725237
725246
725251
725253
725254
725255
725256
725257
725264
725271
725273
725274
725275
725276
725277
725311
725312
725313
725314
725315
725316
725317
725322
725323
725325
725326
725327
725332
725333
725335
725336
725337
725346
725352
725353
725355
725356
725357
725372
725373
725375
725376
725377
725411
725412
725413
725414
725415
725416
725417
725422
725424
725425
725426
725427
725431
725432
725433
725434
725435
725436
725437
725442
725444
725445
725446
725447
725452
725454
725455
725456
725457
725462
725464
725465
725466
725467
725472
725474
725475
725476
725477
725511
725512
725513
725514
725515
725516
725517
725521
725522
725523
725524
725525
725526
725527
725531
725532
725533
725534
725535
725536
725537
725546
725551
725552
725553
725554
725555
725556
725557
725564
725571
725572
725573
725574
725575
725576
725577
725611
725612
725613
725614
725615
725616
725617
725621
725622
725623
725624
725625
725626
725627
725631
725632
725633
725634
725635
725636
725637
725641
725642
725643
725644
725645
725646
725647
725651
725652
725653
725654
725655
725656
725657
725661
725662
725663
725664
725665
725666
725667
725671
725672
725673
725674
725675
725676
725677
725711
725712
725713
725714
725715
725716
725717
725721
725722
725723
725724
725725
725726
725727
725731
725732
725733
725734
725735
725736
725737
725746
725751
725752
725753
725754
725755
725756
725757
725764
725771
725772
725773
725774
725775
725776
725777
726111
726112
726115
726116
726117
726121
726122
726125
726126
726127
726131
726132
726133
726134
726135
726136
726137
726145
726161
726162
726165
726166
726167
726171
726172
726175
726176
726177
726211
726213
726214
726215
726216
726217
726221
726222
726223
726224
726225
726226
726227
726231
726233
726234
726235
726236
726237
726245
726254
726261
726263
726264
726265
726266
726267
726271
726273
726274
726275
726276
726277
726311
726312
726313
726316
726317
726322
726323
726326
726327
726332
726333
726336
726337
726345
726362
726363
726366
726367
726372
726373
726376
726377
726411
726412
726414
726416
726417
726422
726424
726426
726427
726431
726432
726433
726434
726435
726436
726437
726442
726444
726446
726447
726452
726454
726455
726456
726457
726462
726464
726466
726467
726472
726474
726476
726477
726511
726512
726515
726516
726517
726521
726522
726525
726526
726527
726531
726532
726533
726534
726535
726536
726537
726541
726542
726543
726544
726545
726546
726547
726551
726552
726555
726556
726557
726561
726562
726565
726566
726567
726571
726572
726575
726576
726577
726611
726612
726613
726614
726615
726616
726617
726621
726622
726623
726624
726625
726626
726627
726631
726632
726633
726634
726635
726636
726637
726645
726654
726661
726662
726663
726664
726665
726666
726667
726671
726672
726673
726674
726675
726676
726677
726711
726712
726713
726714
726715
726716
726717
726721
726722
726723
726724
726725
726726
726727
726731
726732
726733
726734
726735
726736
726737
726745
726754
726761
726762
726763
726764
726765
726766
726767
726771
726772
726773
726774
726775
726776
726777
727111
727112
727115
727116
727117
727121
727122
727125
727126
727127
727131
727132
727133
727134
727135
727136
727137
727141
727142
727143
727144
727145
727146
727147
727151
727152
727155
727156
727157
727161
727162
727165
727166
727167
727177
727211
727213
727214
727215
727216
727217
727221
727222
727223
727224
727225
727226
727227
727231
727233
727234
727235
727236
727237
727241
727243
727244
727245
727246
727247
727251
727253
727254
727255
727256
727257
727261
727263
727264
727265
727266
727267
727277
727311
727312
727313
727316
727317
727322
727323
727326
727327
727332
727333
727336
727337
727341
727342
727343
727344
727345
727346
727347
727352
727353
727355
727356
727357
727362
727363
727366
727367
727377
727411
727412
727414
727416
727417
727422
727424
727426
727427
727431
727432
727433
727434
727435
727436
727437
727442
727444
727446
727447
727452
727454
727455
727456
727457
727462
727464
727466
727467
727477
727511
727512
727515
727516
727517
727521
727522
727525
727526
727527
727531
727532
727533
727534
727535
727536
727537
727541
727542
727543
727544
727545
727546
727547
727551
727552
727555
727556
727557
727561
727562
727565
727566
727567
727577
727611
727612
727613
727614
727615
727616
727617
727621
727622
727623
727624
727625
727626
727627
727631
727632
727633
727634
727635
727636
727637
727641
727642
727643
727644
727645
727646
727647
727651
727652
727653
727654
727655
727656
727657
727661
727662
727663
727664
727665
727666
727667
727677
727711
727712
727713
727714
727715
727716
727717
727721
727722
727723
727724
727725
727726
727727
727731
727732
727733
727734
727735
727736
727737
727741
727742
727743
727744
727745
727746
727747
727751
727752
727753
727754
727755
727756
727757
727761
727762
727763
727764
727765
727766
727767
727771
727772
727773
727774
727775
727776
727777
731111
731112
731113
731114
731115
731116
731117
731121
731122
731123
731124
731125
731126
731127
731131
731132
731133
731134
731135
731136
731137
731141
731142
731143
731144
731145
731146
731147
731151
731152
731153
731154
731155
731156
731157
731161
731162
731163
731164
731165
731166
731167
731171
731172
731173
731174
731175
731176
731177
731211
731212
731213
731216
731217
731221
731222
731223
731226
731227
731231
731232
731233
731236
731237
731241
731242
731243
731244
731245
731246
731247
731251
731252
731253
731254
731255
731256
731257
731261
731262
731263
731266
731267
731271
731272
731273
731276
731277
731311
731312
731314
731315
731316
731317
731321
731322
731324
731325
731326
731327
731331
731332
731333
731334
731335
731336
731337
731341
731342
731344
731345
731346
731347
731351
731352
731354
731355
731356
731357
731361
731362
731364
731365
731366
731367
731371
731372
731374
731375
731376
731377
731411
731413
731414
731417
731421
731422
731423
731424
731427
731431
731433
731434
731437
731441
731443
731444
731447
731451
731452
731453
731454
731455
731456
731457
731461
731463
731464
731466
731467
731471
731473
731474
731477
731511
731513
731515
731517
731521
731522
731523
731525
731527
731531
731533
731535
731537
731541
731542
731543
731544
731545
731546
731547
731551
731553
731555
731557
731561
731563
731565
731566
731567
731571
731573
731575
731577
731611
731612
731613
731616
731617
731621
731622
731623
731626
731627
731631
731632
731633
731636
731637
731641
731642
731643
731644
731645
731646
731647
731651
731652
731653
731654
731655
731656
731657
731661
731662
731663
731666
731667
731671
731672
731673
731676
731677
731711
731712
731713
731714
731715
731716
731717
731721
731722
731723
731724
731725
731726
731727
731731
731732
731733
731734
731735
731736
731737
731741
731742
731743
731744
731745
731746
731747
731751
731752
731753
731754
731755
731756
731757
731761
731762
731763
731764
731765
731766
731767
731771
731772
731773
731774
731775
731776
731777
732111
732112
732113
732114
732115
732116
732117
732121
732122
732123
732124
732125
732126
732127
732131
732132
732133
732134
732135
732136
732137
732141
732142
732143
732144
732145
732146
732147
732151
732152
732153
732154
732155
732156
732157
732161
732162
732163
732164
732165
732166
732167
732171
732172
732173
732174
732175
732176
732177
732211
732212
732213
732214
732215
732216
732217
732221
732222
732223
732224
732225
732226
732227
732231
732232
732233
732234
732235
732236
732237
732241
732242
732243
732244
732245
732246
732247
732251
732252
732253
732254
732255
732256
732257
732261
732262
732263
732264
732265
732266
732267
732271
732272
732273
732274
732275
732276
732277
732311
732312
732314
732315
732316
732317
732321
732322
732324
732325
732326
732327
732331
732332
732333
732334
732335
732336
732337
732341
732342
732344
732345
732346
732347
732351
732352
732354
732355
732356
732357
732361
732362
732364
732365
732366
732367
732371
732372
732374
732375
732376
732377
732411
732412
732413
732414
732417
732421
732422
732423
732424
732427
732431
732432
732433
732434
732437
732441
732442
732443
732444
732447
732451
732452
732453
732454
732455
732456
732457
732461
732462
732463
732464
732465
732466
732467
732471
732472
732473
732474
732477
732511
732512
732513
732515
732517
732521
732522
732523
732525
732527
732531
732532
732533
732535
732537
732541
732542
732543
732544
732545
732546
732547
732551
732552
732553
732555
732557
732561
732562
732563
732564
732565
732566
732567
732571
732572
732573
732575
732577
732611
732612
732613
732616
732617
732621
732622
732623
732626
732627
732631
732632
732633
732636
732637
732641
732642
732643
732644
732645
732646
732647
732651
732652
732653
732654
732655
732656
732657
732661
732662
732663
732666
732667
732671
732672
732673
732676
732677
732711
732712
732713
732714
732715
732716
732717
732721
732722
732723
732724
732725
732726
732727
732731
732732
732733
732734
732735
732736
732737
732741
732742
732743
732744
732745
732746
732747
732751
732752
732753
732754
732755
732756
732757
732761
732762
732763
732764
732765
732766
732767
732771
732772
732773
732774
732775
732776
732777
733111
733113
733115
733116
733117
733121
733122
733123
733124
733125
733126
733127
733131
733133
733135
733136
733137
733141
733142
733143
733144
733145
733146
733147
733151
733153
733155
733156
733157
733161
733163
733165
733166
733167
733171
733173
733175
733176
733177
733211
733212
733213
733216
733217
733222
733223
733226
733227
733232
733233
733236
733237
733241
733242
733243
733244
733245
733246
733247
733252
733253
733255
733256
733257
733262
733263
733266
733267
733272
733273
733276
733277
733311
733312
733313
733314
733315
733316
733317
733321
733322
733323
733324
733325
733326
733327
733331
733332
733333
733334
733335
733336
733337
733341
733342
733343
733344
733345
733346
733347
733351
733352
733353
733354
733355
733356
733357
733361
733362
733363
733364
733365
733366
733367
733371
733372
733373
733374
733375
733376
733377
733411
733413
733414
733417
733421
733422
733423
733424
733427
733433
733434
733437
733443
733444
733447
733453
733454
733455
733456
733457
733463
733464
733466
733467
733473
733474
733477
733511
733513
733515
733517
733521
733522
733523
733525
733527
733531
733533
733535
733537
733541
733542
733543
733544
733545
733546
733547
733551
733553
733555
733557
733561
733563
733565
733566
733567
733571
733573
733575
733577
733611
733612
733613
733616
733617
733621
733622
733623
733626
733627
733631
733632
733633
733636
733637
733641
733642
733643
733644
733645
733646
733647
733651
733652
733653
733654
733655
733656
733657
733661
733662
733663
733666
733667
733671
733672
733673
733676
733677
733711
733712
733713
733714
733715
733716
733717
733721
733722
733723
733724
733725
733726
733727
733731
733732
733733
733734
733735
733736
733737
733741
733742
733743
733744
733745
733746
733747
733751
733752
733753
733754
733755
733756
733757
733761
733762
733763
733764
733765
733766
733767
733771
733772
733773
733774
733775
733776
733777
734111
734112
734113
734114
734115
734116
734117
734121
734122
734123
734124
734125
734126
734127
734131
734132
734133
734134
734135
734136
734137
734141
734142
734143
734144
734145
734146
734147
734156
734165
734171
734172
734173
734174
734175
734176
734177
734211
734212
734213
734214
734215
734216
734217
734221
734222
734223
734224
734225
734226
734227
734231
734232
734233
734234
734235
734236
734237
734241
734242
734243
734244
734245
734246
734247
734256
734265
734271
734272
734273
734274
734275
734276
734277
734311
734312
734314
734315
734316
734317
734321
734322
734324
734325
734326
734327
734331
734332
734333
734334
734335
734336
734337
734341
734342
734344
734345
734346
734347
734356
734365
734371
734372
734374
734375
734376
734377
734411
734412
734413
734414
734415
734416
734417
734421
734422
734423
734424
734425
734426
734427
734431
734432
734433
734434
734435
734436
734437
734441
734442
734443
734444
734445
734446
734447
734456
734465
734471
734472
734473
734474
734475
734476
734477
734511
734512
734513
734514
734515
734516
734517
734521
734522
734523
734524
734525
734526
734527
734531
734532
734533
734534
734535
734536
734537
734541
734542
734543
734544
734545
734546
734547
734551
734552
734553
734554
734555
734556
734557
734561
734562
734563
734564
734565
734566
734567
734571
734572
734573
734574
734575
734576
734577
734611
734612
734613
734614
734615
734616
734617
734621
734622
734623
734624
734625
734626
734627
734631
734632
734633
734634
734635
734636
734637
734641
734642
734643
734644
734645
734646
734647
734651
734652
734653
734654
734655
734656
734657
734661
734662
734663
734664
734665
734666
734667
734671
734672
734673
734674
734675
734676
734677
734711
734712
734713
734714
734715
734716
734717
734721
734722
734723
734724
734725
734726
734727
734731
734732
734733
734734
734735
734736
734737
734741
734742
734743
734744
734745
734746
734747
734756
734765
734771
734772
734773
734774
734775
734776
734777
735111
735113
735115
735116
735117
735121
735122
735123
735124
735125
735126
735127
735131
735133
735135
735136
735137
735146
735151
735153
735155
735156
735157
735171
735173
735175
735176
735177
735211
735212
735213
735214
735215
735216
735217
735222
735223
735225
735226
735227
735232
735233
735235
735236
735237
735246
735252
735253
735255
735256
735257
735272
735273
735275
735276
735277
735311
735312
735314
735315
735316
735317
735321
735322
735324
735325
735326
735327
735331
735332
735333
735334
735335
735336
735337
735346
735351
735352
735354
735355
735356
735357
735364
735371
735372
735374
735375
735376
735377
735411
735412
735413
735414
735415
735416
735417
735421
735422
735423
735424
735425
735426
735427
735433
735434
735435
735436
735437
735443
735444
735445
735446
735447
735453
735454
735455
735456
735457
735463
735464
735465
735466
735467
735473
735474
735475
735476
735477
735511
735512
735513
735514
735515
735516
735517
735521
735522
735523
735524
735525
735526
735527
735531
735532
735533
735534
735535
735536
735537
735546
735551
735552
735553
735554
735555
735556
735557
735564
735571
735572
735573
735574
735575
735576
735577
735611
735612
735613
735614
735615
735616
735617
735621
735622
735623
735624
735625
735626
735627
735631
735632
735633
735634
735635
735636
735637
735641
735642
735643
735644
735645
735646
735647
735651
735652
735653
735654
735655
735656
735657
735661
735662
735663
735664
735665
735666
735667
735671
735672
735673
735674
735675
735676
735677
735711
735712
735713
735714
735715
735716
735717
735721
735722
735723
735724
735725
735726
735727
735731
735732
735733
735734
735735
735736
735737
735746
735751
735752
735753
735754
735755
735756
735757
735764
735771
735772
735773
735774
735775
735776
735777
736111
736113
736115
736116
736117
736121
736122
736123
736124
736125
736126
736127
736131
736133
736135
736136
736137
736145
736161
736163
736165
736166
736167
736171
736173
736175
736176
736177
736211
736212
736213
736216
736217
736222
736223
736226
736227
736232
736233
736236
736237
736245
736262
736263
736266
736267
736272
736273
736276
736277
736311
736312
736314
736315
736316
736317
736321
736322
736324
736325
736326
736327
736331
736332
736333
736334
736335
736336
736337
736345
736354
736361
736362
736364
736365
736366
736367
736371
736372
736374
736375
736376
736377
736411
736413
736414
736416
736417
736421
736422
736423
736424
736425
736426
736427
736433
736434
736436
736437
736443
736444
736446
736447
736453
736454
736455
736456
736457
736463
736464
736466
736467
736473
736474
736476
736477
736511
736513
736515
736516
736517
736521
736522
736523
736524
736525
736526
736527
736531
736533
736535
736536
736537
736541
736542
736543
736544
736545
736546
736547
736551
736553
736555
736556
736557
736561
736563
736565
736566
736567
736571
736573
736575
736576
736577
736611
736612
736613
736614
736615
736616
736617
736621
736622
736623
736624
736625
736626
736627
736631
736632
736633
736634
736635
736636
736637
736645
736654
736661
736662
736663
736664
736665
736666
736667
736671
736672
736673
736674
736675
736676
736677
736711
736712
736713
736714
736715
736716
736717
736721
736722
736723
736724
736725
736726
736727
736731
736732
736733
736734
736735
736736
736737
736745
736754
736761
736762
736763
736764
736765
736766
736767
736771
736772
736773
736774
736775
736776
736777
737111
737113
737115
737116
737117
737121
737122
737123
737124
737125
737126
737127
737131
737133
737135
737136
737137
737141
737142
737143
737144
737145
737146
737147
737151
737153
737155
737156
737157
737161
737163
737165
737166
737167
737177
737211
737212
737213
737216
737217
737222
737223
737226
737227
737232
737233
737236
737237
737241
737242
737243
737244
737245
737246
737247
737252
737253
737255
737256
737257
737262
737263
737266
737267
737277
737311
737312
737314
737315
737316
737317
737321
737322
737324
737325
737326
737327
737331
737332
737333
737334
737335
737336
737337
737341
737342
737344
737345
737346
737347
737351
737352
737354
737355
737356
737357
737361
737362
737364
737365
737366
737367
737377
737411
737413
737414
737417
737421
737422
737423
737424
737427
737433
737434
737437
737443
737444
737447
737453
737454
737455
737456
737457
737463
737464
737466
737467
737477
737511
737513
737515
737517
737521
737522
737523
737525
737527
737531
737533
737535
737537
737541
737542
737543
737544
737545
737546
737547
737551
737553
737555
737557
737561
737563
737565
737566
737567
737577
737611
737612
737613
737616
737617
737621
737622
737623
737626
737627
737631
737632
737633
737636
737637
737641
737642
737643
737644
737645
737646
737647
737651
737652
737653
737654
737655
737656
737657
737661
737662
737663
737666
737667
737677
737711
737712
737713
737714
737715
737716
737717
737721
737722
737723
737724
737725
737726
737727
737731
737732
737733
737734
737735
737736
737737
737741
737742
737743
737744
737745
737746
737747
737751
737752
737753
737754
737755
737756
737757
737761
737762
737763
737764
737765
737766
737767
737771
737772
737773
737774
737775
737776
737777
741111
741112
741113
741114
741115
741116
741117
741121
741122
741123
741124
741125
741126
741127
741131
741132
741133
741134
741135
741136
741137
741141
741142
741143
741144
741145
741146
741147
741151
741152
741153
741154
741155
741156
741157
741161
741162
741163
741164
741165
741166
741167
741171
741172
741173
741174
741175
741176
741177
741211
741212
741214
741216
741217
741221
741222
741224
741226
741227
741231
741232
741233
741234
741235
741236
741237
741241
741242
741244
741246
741247
741251
741252
741253
741254
741255
741256
741257
741261
741262
741264
741266
741267
741271
741272
741274
741276
741277
741311
741313
741314
741317
741321
741322
741323
741324
741327
741331
741333
741334
741337
741341
741343
741344
741347
741351
741352
741353
741354
741355
741356
741357
741361
741363
741364
741366
741367
741371
741373
741374
741377
741411
741412
741413
741415
741416
741417
741421
741422
741423
741425
741426
741427
741431
741432
741433
741435
741436
741437
741441
741442
741443
741444
741445
741446
741447
741451
741452
741453
741455
741456
741457
741461
741462
741463
741465
741466
741467
741471
741472
741473
741475
741476
741477
741511
741514
741515
741517
741521
741522
741524
741525
741527
741531
741532
741533
741534
741535
741536
741537
741541
741544
741545
741547
741551
741554
741555
741557
741561
741564
741565
741566
741567
741571
741574
741575
741577
741611
741612
741614
741616
741617
741621
741622
741624
741626
741627
741631
741632
741633
741634
741635
741636
741637
741641
741642
741644
741646
741647
741651
741652
741653
741654
741655
741656
741657
741661
741662
741664
741666
741667
741671
741672
741674
741676
741677
741711
741712
741713
741714
741715
741716
741717
741721
741722
741723
741724
741725
741726
741727
741731
741732
741733
741734
741735
741736
741737
741741
741742
741743
741744
741745
741746
741747
741751
741752
741753
741754
741755
741756
741757
741761
741762
741763
741764
741765
741766
741767
741771
741772
741773
741774
741775
741776
741777
742111
742112
742113
742114
742115
742116
742117
742121
742122
742123
742124
742125
742126
742127
742131
742132
742133
742134
742135
742136
742137
742141
742142
742143
742144
742145
742146
742147
742151
742152
742153
742154
742155
742156
742157
742161
742162
742163
742164
742165
742166
742167
742171
742172
742173
742174
742175
742176
742177
742211
742212
742213
742214
742215
742216
742217
742221
742222
742223
742224
742225
742226
742227
742231
742232
742233
742234
742235
742236
742237
742241
742242
742243
742244
742245
742246
742247
742251
742252
742253
742254
742255
742256
742257
742261
742262
742263
742264
742265
742266
742267
742271
742272
742273
742274
742275
742276
742277
742311
742312
742313
742314
742317
742321
742322
742323
742324
742327
742331
742332
742333
742334
742337
742341
742342
742343
742344
742347
742351
742352
742353
742354
742355
742356
742357
742361
742362
742363
742364
742365
742366
742367
742371
742372
742373
742374
742377
742411
742412
742413
742415
742416
742417
742421
742422
742423
742425
742426
742427
742431
742432
742433
742435
742436
742437
742441
742442
742443
742444
742445
742446
742447
742451
742452
742453
742455
742456
742457
742461
742462
742463
742465
742466
742467
742471
742472
742473
742475
742476
742477
742511
742512
742514
742515
742517
742521
742522
742524
742525
742527
742531
742532
742533
742534
742535
742536
742537
742541
742542
742544
742545
742547
742551
742552
742554
742555
742557
742561
742562
742563
742564
742565
742566
742567
742571
742572
742574
742575
742577
742611
742612
742614
742616
742617
742621
742622
742624
742626
742627
742631
742632
742633
742634
742635
742636
742637
742641
742642
742644
742646
742647
742651
742652
742653
742654
742655
742656
742657
742661
742662
742664
742666
742667
742671
742672
742674
742676
742677
742711
742712
742713
742714
742715
742716
742717
742721
742722
742723
742724
742725
742726
742727
742731
742732
742733
742734
742735
742736
742737
742741
742742
742743
742744
742745
742746
742747
742751
742752
742753
742754
742755
742756
742757
742761
742762
742763
742764
742765
742766
742767
742771
742772
742773
742774
742775
742776
742777
743111
743112
743113
743114
743115
743116
743117
743121
743122
743123
743124
743125
743126
743127
743131
743132
743133
743134
743135
743136
743137
743141
743142
743143
743144
743145
743146
743147
743151
743152
743153
743154
743155
743156
743157
743161
743162
743163
743164
743165
743166
743167
743171
743172
743173
743174
743175
743176
743177
743211
743212
743213
743214
743215
743216
743217
743221
743222
743223
743224
743225
743226
743227
743231
743232
743233
743234
743235
743236
743237
743241
743242
743243
743244
743245
743246
743247
743251
743252
743253
743254
743255
743256
743257
743261
743262
743263
743264
743265
743266
743267
743271
743272
743273
743274
743275
743276
743277
743311
743312
743313
743314
743315
743316
743317
743321
743322
743323
743324
743325
743326
743327
743331
743332
743333
743334
743335
743336
743337
743341
743342
743343
743344
743345
743346
743347
743351
743352
743353
743354
743355
743356
743357
743361
743362
743363
743364
743365
743366
743367
743371
743372
743373
743374
743375
743376
743377
743411
743412
743413
743415
743416
743417
743421
743422
743423
743425
743426
743427
743431
743432
743433
743435
743436
743437
743441
743442
743443
743444
743445
743446
743447
743451
743452
743453
743455
743456
743457
743461
743462
743463
743465
743466
743467
743471
743472
743473
743475
743476
743477
743511
743512
743513
743514
743515
743516
743517
743521
743522
743523
743524
743525
743526
743527
743531
743532
743533
743534
743535
743536
743537
743541
743542
743543
743544
743545
743546
743547
743551
743552
743553
743554
743555
743556
743557
743561
743562
743563
743564
743565
743566
743567
743571
743572
743573
743574
743575
743576
743577
743611
743612
743613
743614
743615
743616
743617
743621
743622
743623
743624
743625
743626
743627
743631
743632
743633
743634
743635
743636
743637
743641
743642
743643
743644
743645
743646
743647
743651
743652
743653
743654
743655
743656
743657
743661
743662
743663
743664
743665
743666
743667
743671
743672
743673
743674
743675
743676
743677
743711
743712
743713
743714
743715
743716
743717
743721
743722
743723
743724
743725
743726
743727
743731
743732
743733
743734
743735
743736
743737
743741
743742
743743
743744
743745
743746
743747
743751
743752
743753
743754
743755
743756
743757
743761
743762
743763
743764
743765
743766
743767
743771
743772
743773
743774
743775
743776
743777
744111
744114
744115
744116
744117
744121
744122
744123
744124
744125
744126
744127
744131
744132
744133
744134
744135
744136
744137
744141
744144
744145
744146
744147
744151
744154
744155
744156
744157
744161
744164
744165
744166
744167
744171
744174
744175
744176
744177
744211
744212
744214
744216
744217
744222
744224
744226
744227
744231
744232
744233
744234
744235
744236
744237
744242
744244
744246
744247
744252
744254
744255
744256
744257
744262
744264
744266
744267
744272
744274
744276
744277
744311
744313
744314
744317
744321
744322
744323
744324
744327
744333
744334
744337
744343
744344
744347
744353
744354
744355
744356
744357
744363
744364
744366
744367
744373
744374
744377
744411
744412
744413
744414
744415
744416
744417
744421
744422
744423
744424
744425
744426
744427
744431
744432
744433
744434
744435
744436
744437
744441
744442
744443
744444
744445
744446
744447
744451
744452
744453
744454
744455
744456
744457
744461
744462
744463
744464
744465
744466
744467
744471
744472
744473
744474
744475
744476
744477
744511
744514
744515
744517
744521
744522
744524
744525
744527
744531
744532
744533
744534
744535
744536
744537
744541
744544
744545
744547
744551
744554
744555
744557
744561
744564
744565
744566
744567
744571
744574
744575
744577
744611
744612
744614
744616
744617
744621
744622
744624
744626
744627
744631
744632
744633
744634
744635
744636
744637
744641
744642
744644
744646
744647
744651
744652
744653
744654
744655
744656
744657
744661
744662
744664
744666
744667
744671
744672
744674
744676
744677
744711
744712
744713
744714
744715
744716
744717
744721
744722
744723
744724
744725
744726
744727
744731
744732
744733
744734
744735
744736
744737
744741
744742
744743
744744
744745
744746
744747
744751
744752
744753
744754
744755
744756
744757
744761
744762
744763
744764
744765
744766
744767
744771
744772
744773
744774
744775
744776
744777
745111
745114
745115
745116
745117
745121
745122
745123
745124
745125
745126
745127
745131
745132
745133
745134
745135
745136
745137
745141
745144
745145
745146
745147
745151
745154
745155
745156
745157
745161
745164
745165
745166
745167
745171
745174
745175
745176
745177
745211
745212
745213
745214
745215
745216
745217
745222
745224
745225
745226
745227
745231
745232
745233
745234
745235
745236
745237
745242
745244
745245
745246
745247
745252
745254
745255
745256
745257
745262
745264
745265
745266
745267
745272
745274
745275
745276
745277
745311
745312
745313
745314
745315
745316
745317
745321
745322
745323
745324
745325
745326
745327
745333
745334
745335
745336
745337
745343
745344
745345
745346
745347
745353
745354
745355
745356
745357
745363
745364
745365
745366
745367
745373
745374
745375
745376
745377
745411
745412
745413
745415
745416
745417
745421
745422
745423
745425
745426
745427
745431
745432
745433
745435
745436
745437
745441
745442
745443
745444
745445
745446
745447
745451
745452
745453
745455
745456
745457
745461
745462
745463
745465
745466
745467
745471
745472
745473
745475
745476
745477
745511
745512
745513
745514
745515
745516
745517
745521
745522
745523
745524
745525
745526
745527
745531
745532
745533
745534
745535
745536
745537
745541
745542
745543
745544
745545
745546
745547
745551
745552
745553
745554
745555
745556
745557
745561
745562
745563
745564
745565
745566
745567
745571
745572
745573
745574
745575
745576
745577
745611
745612
745613
745614
745615
745616
745617
745621
745622
745623
745624
745625
745626
745627
745631
745632
745633
745634
745635
745636
745637
745641
745642
745643
745644
745645
745646
745647
745651
745652
745653
745654
745655
745656
745657
745661
745662
745663
745664
745665
745666
745667
745671
745672
745673
745674
745675
745676
745677
745711
745712
745713
745714
745715
745716
745717
745721
745722
745723
745724
745725
745726
745727
745731
745732
745733
745734
745735
745736
745737
745741
745742
745743
745744
745745
745746
745747
745751
745752
745753
745754
745755
745756
745757
745761
745762
745763
745764
745765
745766
745767
745771
745772
745773
745774
745775
745776
745777
746111
746114
746115
746116
746117
746121
746122
746123
746124
746125
746126
746127
746131
746132
746133
746134
746135
746136
746137
746141
746144
746145
746146
746147
746151
746154
746155
746156
746157
746161
746164
746165
746166
746167
746171
746174
746175
746176
746177
746211
746212
746214
746216
746217
746222
746224
746226
746227
746231
746232
746233
746234
746235
746236
746237
746242
746244
746246
746247
746252
746254
746255
746256
746257
746262
746264
746266
746267
746272
746274
746276
746277
746311
746313
746314
746316
746317
746321
746322
746323
746324
746325
746326
746327
746333
746334
746336
746337
746343
746344
746346
746347
746353
746354
746355
746356
746357
746363
746364
746366
746367
746373
746374
746376
746377
746411
746412
746413
746415
746416
746417
746421
746422
746423
746425
746426
746427
746431
746432
746433
746435
746436
746437
746441
746442
746443
746444
746445
746446
746447
746451
746452
746453
746455
746456
746457
746461
746462
746463
746465
746466
746467
746471
746472
746473
746475
746476
746477
746511
746514
746515
746516
746517
746521
746522
746523
746524
746525
746526
746527
746531
746532
746533
746534
746535
746536
746537
746541
746544
746545
746546
746547
746551
746554
746555
746556
746557
746561
746564
746565
746566
746567
746571
746574
746575
746576
746577
746611
746612
746613
746614
746615
746616
746617
746621
746622
746623
746624
746625
746626
746627
746631
746632
746633
746634
746635
746636
746637
746641
746642
746643
746644
746645
746646
746647
746651
746652
746653
746654
746655
746656
746657
746661
746662
746663
746664
746665
746666
746667
746671
746672
746673
746674
746675
746676
746677
746711
746712
746713
746714
746715
746716
746717
746721
746722
746723
746724
746725
746726
746727
746731
746732
746733
746734
746735
746736
746737
746741
746742
746743
746744
746745
746746
746747
746751
746752
746753
746754
746755
746756
746757
746761
746762
746763
746764
746765
746766
746767
746771
746772
746773
746774
746775
746776
746777
747111
747114
747115
747116
747117
747121
747122
747123
747124
747125
747126
747127
747131
747132
747133
747134
747135
747136
747137
747141
747144
747145
747146
747147
747151
747154
747155
747156
747157
747161
747164
747165
747166
747167
747177
747211
747212
747214
747216
747217
747222
747224
747226
747227
747231
747232
747233
747234
747235
747236
747237
747242
747244
747246
747247
747252
747254
747255
747256
747257
747262
747264
747266
747267
747277
747311
747313
747314
747317
747321
747322
747323
747324
747327
747333
747334
747337
747343
747344
747347
747353
747354
747355
747356
747357
747363
747364
747366
747367
747377
747411
747412
747413
747415
747416
747417
747421
747422
747423
747425
747426
747427
747431
747432
747433
747435
747436
747437
747441
747442
747443
747444
747445
747446
747447
747451
747452
747453
747455
747456
747457
747461
747462
747463
747465
747466
747467
747477
747511
747514
747515
747517
747521
747522
747524
747525
747527
747531
747532
747533
747534
747535
747536
747537
747541
747544
747545
747547
747551
747554
747555
747557
747561
747564
747565
747566
747567
747577
747611
747612
747614
747616
747617
747621
747622
747624
747626
747627
747631
747632
747633
747634
747635
747636
747637
747641
747642
747644
747646
747647
747651
747652
747653
747654
747655
747656
747657
747661
747662
747664
747666
747667
747677
747711
747712
747713
747714
747715
747716
747717
747721
747722
747723
747724
747725
747726
747727
747731
747732
747733
747734
747735
747736
747737
747741
747742
747743
747744
747745
747746
747747
747751
747752
747753
747754
747755
747756
747757
747761
747762
747763
747764
747765
747766
747767
747771
747772
747773
747774
747775
747776
747777
751111
751112
751113
751114
751115
751116
751117
751121
751122
751123
751124
751125
751126
751127
751131
751132
751133
751134
751135
751136
751137
751141
751142
751143
751144
751145
751146
751147
751151
751152
751153
751154
751155
751156
751157
751161
751162
751163
751164
751165
751166
751167
751171
751172
751173
751174
751175
751176
751177
751211
751212
751215
751216
751217
751221
751222
751225
751226
751227
751231
751232
751233
751234
751235
751236
751237
751241
751242
751243
751244
751245
751246
751247
751251
751252
751255
751256
751257
751261
751262
751265
751266
751267
751271
751272
751275
751276
751277
751311
751313
751315
751317
751321
751322
751323
751325
751327
751331
751333
751335
751337
751341
751342
751343
751344
751345
751346
751347
751351
751353
751355
751357
751361
751363
751365
751366
751367
751371
751373
751375
751377
751411
751414
751415
751417
751421
751422
751424
751425
751427
751431
751432
751433
751434
751435
751436
751437
751441
751444
751445
751447
751451
751454
751455
751457
751461
751464
751465
751466
751467
751471
751474
751475
751477
751511
751512
751513
751514
751516
751517
751521
751522
751523
751524
751526
751527
751531
751532
751533
751534
751536
751537
751541
751542
751543
751544
751546
751547
751551
751552
751553
751554
751555
751556
751557
751561
751562
751563
751564
751566
751567
751571
751572
751573
751574
751576
751577
751611
751612
751615
751616
751617
751621
751622
751625
751626
751627
751631
751632
751633
751634
751635
751636
751637
751641
751642
751643
751644
751645
751646
751647
751651
751652
751655
751656
751657
751661
751662
751665
751666
751667
751671
751672
751675
751676
751677
751711
751712
751713
751714
751715
751716
751717
751721
751722
751723
751724
751725
751726
751727
751731
751732
751733
751734
751735
751736
751737
751741
751742
751743
751744
751745
751746
751747
751751
751752
751753
751754
751755
751756
751757
751761
751762
751763
751764
751765
751766
751767
751771
751772
751773
751774
751775
751776
751777
752111
752112
752113
752114
752115
752116
752117
752121
752122
752123
752124
752125
752126
752127
752131
752132
752133
752134
752135
752136
752137
752141
752142
752143
752144
752145
752146
752147
752151
752152
752153
752154
752155
752156
752157
752161
752162
752163
752164
752165
752166
752167
752171
752172
752173
752174
752175
752176
752177
752211
752212
752213
752214
752215
752216
752217
752221
752222
752223
752224
752225
752226
752227
752231
752232
752233
752234
752235
752236
752237
752241
752242
752243
752244
752245
752246
752247
752251
752252
752253
752254
752255
752256
752257
752261
752262
752263
752264
752265
752266
752267
752271
752272
752273
752274
752275
752276
752277
752311
752312
752313
752315
752317
752321
752322
752323
752325
752327
752331
752332
752333
752335
752337
752341
752342
752343
752344
752345
752346
752347
752351
752352
752353
752355
752357
752361
752362
752363
752364
752365
752366
752367
752371
752372
752373
752375
752377
752411
752412
752414
752415
752417
752421
752422
752424
752425
752427
752431
752432
752433
752434
752435
752436
752437
752441
752442
752444
752445
752447
752451
752452
752454
752455
752457
752461
752462
752463
752464
752465
752466
752467
752471
752472
752474
752475
752477
752511
752512
752513
752514
752516
752517
752521
752522
752523
752524
752526
752527
752531
752532
752533
752534
752536
752537
752541
752542
752543
752544
752546
752547
752551
752552
752553
752554
752555
752556
752557
752561
752562
752563
752564
752566
752567
752571
752572
752573
752574
752576
752577
752611
752612
752615
752616
752617
752621
752622
752625
752626
752627
752631
752632
752633
752634
752635
752636
752637
752641
752642
752643
752644
752645
752646
752647
752651
752652
752655
752656
752657
752661
752662
752665
752666
752667
752671
752672
752675
752676
752677
752711
752712
752713
752714
752715
752716
752717
752721
752722
752723
752724
752725
752726
752727
752731
752732
752733
752734
752735
752736
752737
752741
752742
752743
752744
752745
752746
752747
752751
752752
752753
752754
752755
752756
752757
752761
752762
752763
752764
752765
752766
752767
752771
752772
752773
752774
752775
752776
752777
753111
753112
753113
753114
753115
753116
753117
753121
753122
753123
753124
753125
753126
753127
753131
753132
753133
753134
753135
753136
753137
753141
753142
753143
753144
753145
753146
753147
753151
753152
753153
753154
753155
753156
753157
753161
753162
753163
753164
753165
753166
753167
753171
753172
753173
753174
753175
753176
753177
753211
753212
753213
753214
753215
753216
753217
753221
753222
753223
753224
753225
753226
753227
753231
753232
753233
753234
753235
753236
753237
753241
753242
753243
753244
753245
753246
753247
753251
753252
753253
753254
753255
753256
753257
753261
753262
753263
753264
753265
753266
753267
753271
753272
753273
753274
753275
753276
753277
753311
753312
753313
753314
753315
753316
753317
753321
753322
753323
753324
753325
753326
753327
753331
753332
753333
753334
753335
753336
753337
753341
753342
753343
753344
753345
753346
753347
753351
753352
753353
753354
753355
753356
753357
753361
753362
753363
753364
753365
753366
753367
753371
753372
753373
753374
753375
753376
753377
753411
753412
753413
753414
753415
753416
753417
753421
753422
753423
753424
753425
753426
753427
753431
753432
753433
753434
753435
753436
753437
753441
753442
753443
753444
753445
753446
753447
753451
753452
753453
753454
753455
753456
753457
753461
753462
753463
753464
753465
753466
753467
753471
753472
753473
753474
753475
753476
753477
753511
753512
753513
753514
753516
753517
753521
753522
753523
753524
753526
753527
753531
753532
753533
753534
753536
753537
753541
753542
753543
753544
753546
753547
753551
753552
753553
753554
753555
753556
753557
753561
753562
753563
753564
753566
753567
753571
753572
753573
753574
753576
753577
753611
753612
753613
753614
753615
753616
753617
753621
753622
753623
753624
753625
753626
753627
753631
753632
753633
753634
753635
753636
753637
753641
753642
753643
753644
753645
753646
753647
753651
753652
753653
753654
753655
753656
753657
753661
753662
753663
753664
753665
753666
753667
753671
753672
753673
753674
753675
753676
753677
753711
753712
753713
753714
753715
753716
753717
753721
753722
753723
753724
753725
753726
753727
753731
753732
753733
753734
753735
753736
753737
753741
753742
753743
753744
753745
753746
753747
753751
753752
753753
753754
753755
753756
753757
753761
753762
753763
753764
753765
753766
753767
753771
753772
753773
753774
753775
753776
753777
754111
754112
754113
754114
754115
754116
754117
754121
754122
754123
754124
754125
754126
754127
754131
754132
754133
754134
754135
754136
754137
754141
754142
754143
754144
754145
754146
754147
754151
754152
754153
754154
754155
754156
754157
754161
754162
754163
754164
754165
754166
754167
754171
754172
754173
754174
754175
754176
754177
754211
754212
754213
754214
754215
754216
754217
754221
754222
754223
754224
754225
754226
754227
754231
754232
754233
754234
754235
754236
754237
754241
754242
754243
754244
754245
754246
754247
754251
754252
754253
754254
754255
754256
754257
754261
754262
754263
754264
754265
754266
754267
754271
754272
754273
754274
754275
754276
754277
754311
754312
754313
754314
754315
754316
754317
754321
754322
754323
754324
754325
754326
754327
754331
754332
754333
754334
754335
754336
754337
754341
754342
754343
754344
754345
754346
754347
754351
754352
754353
754354
754355
754356
754357
754361
754362
754363
754364
754365
754366
754367
754371
754372
754373
754374
754375
754376
754377
754411
754412
754413
754414
754415
754416
754417
754421
754422
754423
754424
754425
754426
754427
754431
754432
754433
754434
754435
754436
754437
754441
754442
754443
754444
754445
754446
754447
754451
754452
754453
754454
754455
754456
754457
754461
754462
754463
754464
754465
754466
754467
754471
754472
754473
754474
754475
754476
754477
754511
754512
754513
754514
754516
754517
754521
754522
754523
754524
754526
754527
754531
754532
754533
754534
754536
754537
754541
754542
754543
754544
754546
754547
754551
754552
754553
754554
754555
754556
754557
754561
754562
754563
754564
754566
754567
754571
754572
754573
754574
754576
754577
754611
754612
754613
754614
754615
754616
754617
754621
754622
754623
754624
754625
754626
754627
754631
754632
754633
754634
754635
754636
754637
754641
754642
754643
754644
754645
754646
754647
754651
754652
754653
754654
754655
754656
754657
754661
754662
754663
754664
754665
754666
754667
754671
754672
754673
754674
754675
754676
754677
754711
754712
754713
754714
754715
754716
754717
754721
754722
754723
754724
754725
754726
754727
754731
754732
754733
754734
754735
754736
754737
754741
754742
754743
754744
754745
754746
754747
754751
754752
754753
754754
754755
754756
754757
754761
754762
754763
754764
754765
754766
754767
754771
754772
754773
754774
754775
754776
754777
755111
755112
755113
755114
755115
755116
755117
755121
755122
755123
755124
755125
755126
755127
755131
755132
755133
755134
755135
755136
755137
755141
755142
755143
755144
755145
755146
755147
755151
755152
755153
755154
755155
755156
755157
755161
755162
755163
755164
755165
755166
755167
755171
755172
755173
755174
755175
755176
755177
755211
755212
755215
755216
755217
755221
755222
755225
755226
755227
755231
755232
755233
755234
755235
755236
755237
755241
755242
755243
755244
755245
755246
755247
755251
755252
755255
755256
755257
755261
755262
755265
755266
755267
755271
755272
755275
755276
755277
755311
755313
755315
755317
755321
755322
755323
755325
755327
755331
755333
755335
755337
755341
755342
755343
755344
755345
755346
755347
755351
755353
755355
755357
755361
755363
755365
755366
755367
755371
755373
755375
755377
755411
755414
755415
755417
755421
755422
755424
755425
755427
755431
755432
755433
755434
755435
755436
755437
755441
755444
755445
755447
755451
755454
755455
755457
755461
755464
755465
755466
755467
755471
755474
755475
755477
755511
755512
755513
755514
755515
755516
755517
755521
755522
755523
755524
755525
755526
755527
755531
755532
755533
755534
755535
755536
755537
755541
755542
755543
755544
755545
755546
755547
755551
755552
755553
755554
755555
755556
755557
755561
755562
755563
755564
755565
755566
755567
755571
755572
755573
755574
755575
755576
755577
755611
755612
755615
755616
755617
755621
755622
755625
755626
755627
755631
755632
755633
755634
755635
755636
755637
755641
755642
755643
755644
755645
755646
755647
755651
755652
755655
755656
755657
755661
755662
755665
755666
755667
755671
755672
755675
755676
755677
755711
755712
755713
755714
755715
755716
755717
755721
755722
755723
755724
755725
755726
755727
755731
755732
755733
755734
755735
755736
755737
755741
755742
755743
755744
755745
755746
755747
755751
755752
755753
755754
755755
755756
755757
755761
755762
755763
755764
755765
755766
755767
755771
755772
755773
755774
755775
755776
755777
756111
756112
756113
756114
756115
756116
756117
756121
756122
756123
756124
756125
756126
756127
756131
756132
756133
756134
756135
756136
756137
756141
756142
756143
756144
756145
756146
756147
756151
756152
756153
756154
756155
756156
756157
756161
756162
756163
756164
756165
756166
756167
756171
756172
756173
756174
756175
756176
756177
756211
756212
756215
756216
756217
756221
756222
756225
756226
756227
756231
756232
756233
756234
756235
756236
756237
756241
756242
756243
756244
756245
756246
756247
756251
756252
756255
756256
756257
756261
756262
756265
756266
756267
756271
756272
756275
756276
756277
756311
756313
756315
756316
756317
756321
756322
756323
756324
756325
756326
756327
756331
756333
756335
756336
756337
756341
756342
756343
756344
756345
756346
756347
756351
756353
756355
756356
756357
756361
756363
756365
756366
756367
756371
756373
756375
756376
756377
756411
756414
756415
756416
756417
756421
756422
756423
756424
756425
756426
756427
756431
756432
756433
756434
756435
756436
756437
756441
756444
756445
756446
756447
756451
756454
756455
756456
756457
756461
756464
756465
756466
756467
756471
756474
756475
756476
756477
756511
756512
756513
756514
756516
756517
756521
756522
756523
756524
756526
756527
756531
756532
756533
756534
756536
756537
756541
756542
756543
756544
756546
756547
756551
756552
756553
756554
756555
756556
756557
756561
756562
756563
756564
756566
756567
756571
756572
756573
756574
756576
756577
756611
756612
756613
756614
756615
756616
756617
756621
756622
756623
756624
756625
756626
756627
756631
756632
756633
756634
756635
756636
756637
756641
756642
756643
756644
756645
756646
756647
756651
756652
756653
756654
756655
756656
756657
756661
756662
756663
756664
756665
756666
756667
756671
756672
756673
756674
756675
756676
756677
756711
756712
756713
756714
756715
756716
756717
756721
756722
756723
756724
756725
756726
756727
756731
756732
756733
756734
756735
756736
756737
756741
756742
756743
756744
756745
756746
756747
756751
756752
756753
756754
756755
756756
756757
756761
756762
756763
756764
756765
756766
756767
756771
756772
756773
756774
756775
756776
756777
757111
757112
757113
757114
757115
757116
757117
757121
757122
757123
757124
757125
757126
757127
757131
757132
757133
757134
757135
757136
757137
757141
757142
757143
757144
757145
757146
757147
757151
757152
757153
757154
757155
757156
757157
757161
757162
757163
757164
757165
757166
757167
757177
757211
757212
757215
757216
757217
757221
757222
757225
757226
757227
757231
757232
757233
757234
757235
757236
757237
757241
757242
757243
757244
757245
757246
757247
757251
757252
757255
757256
757257
757261
757262
757265
757266
757267
757277
757311
757313
757315
757317
757321
757322
757323
757325
757327
757331
757333
757335
757337
757341
757342
757343
757344
757345
757346
757347
757351
757353
757355
757357
757361
757363
757365
757366
757367
757377
757411
757414
757415
757417
757421
757422
757424
757425
757427
757431
757432
757433
757434
757435
757436
757437
757441
757444
757445
757447
757451
757454
757455
757457
757461
757464
757465
757466
757467
757477
757511
757512
757513
757514
757516
757517
757521
757522
757523
757524
757526
757527
757531
757532
757533
757534
757536
757537
757541
757542
757543
757544
757546
757547
757551
757552
757553
757554
757555
757556
757557
757561
757562
757563
757564
757566
757567
757577
757611
757612
757615
757616
757617
757621
757622
757625
757626
757627
757631
757632
757633
757634
757635
757636
757637
757641
757642
757643
757644
757645
757646
757647
757651
757652
757655
757656
757657
757661
757662
757665
757666
757667
757677
757711
757712
757713
757714
757715
757716
757717
757721
757722
757723
757724
757725
757726
757727
757731
757732
757733
757734
757735
757736
757737
757741
757742
757743
757744
757745
757746
757747
757751
757752
757753
757754
757755
757756
757757
757761
757762
757763
757764
757765
757766
757767
757771
757772
757773
757774
757775
757776
757777
761111
761112
761113
761114
761115
761116
761117
761121
761122
761123
761124
761125
761126
761127
761131
761132
761133
761134
761135
761136
761137
761141
761142
761143
761144
761145
761146
761147
761151
761152
761153
761154
761155
761156
761157
761161
761162
761163
761164
761165
761166
761167
761171
761172
761173
761174
761175
761176
761177
761211
761212
761213
761214
761215
761216
761217
761221
761222
761223
761224
761225
761226
761227
761231
761232
761233
761234
761235
761236
761237
761241
761242
761243
761244
761245
761246
761247
761251
761252
761253
761254
761255
761256
761257
761261
761262
761263
761264
761265
761266
761267
761271
761272
761273
761274
761275
761276
761277
761311
761312
761313
761316
761317
761321
761322
761323
761326
761327
761331
761332
761333
761336
761337
761341
761342
761343
761344
761345
761346
761347
761351
761352
761353
761354
761355
761356
761357
761361
761362
761363
761366
761367
761371
761372
761373
761376
761377
761411
761412
761414
761416
761417
761421
761422
761424
761426
761427
761431
761432
761433
761434
761435
761436
761437
761441
761442
761444
761446
761447
761451
761452
761453
761454
761455
761456
761457
761461
761462
761464
761466
761467
761471
761472
761474
761476
761477
761511
761512
761515
761516
761517
761521
761522
761525
761526
761527
761531
761532
761533
761534
761535
761536
761537
761541
761542
761543
761544
761545
761546
761547
761551
761552
761555
761556
761557
761561
761562
761565
761566
761567
761571
761572
761575
761576
761577
761611
761612
761613
761614
761615
761617
761621
761622
761623
761624
761625
761627
761631
761632
761633
761634
761635
761637
761641
761642
761643
761644
761645
761647
761651
761652
761653
761654
761655
761657
761661
761662
761663
761664
761665
761666
761667
761671
761672
761673
761674
761675
761677
761711
761712
761713
761714
761715
761716
761717
761721
761722
761723
761724
761725
761726
761727
761731
761732
761733
761734
761735
761736
761737
761741
761742
761743
761744
761745
761746
761747
761751
761752
761753
761754
761755
761756
761757
761761
761762
761763
761764
761765
761766
761767
761771
761772
761773
761774
761775
761776
761777
762111
762112
762113
762114
762115
762116
762117
762121
762122
762123
762124
762125
762126
762127
762131
762132
762133
762134
762135
762136
762137
762141
762142
762143
762144
762145
762146
762147
762151
762152
762153
762154
762155
762156
762157
762161
762162
762163
762164
762165
762166
762167
762171
762172
762173
762174
762175
762176
762177
762211
762212
762213
762214
762215
762216
762217
762221
762222
762223
762224
762225
762226
762227
762231
762232
762233
762234
762235
762236
762237
762241
762242
762243
762244
762245
762246
762247
762251
762252
762253
762254
762255
762256
762257
762261
762262
762263
762264
762265
762266
762267
762271
762272
762273
762274
762275
762276
762277
762311
762312
762313
762316
762317
762321
762322
762323
762326
762327
762331
762332
762333
762336
762337
762341
762342
762343
762344
762345
762346
762347
762351
762352
762353
762354
762355
762356
762357
762361
762362
762363
762366
762367
762371
762372
762373
762376
762377
762411
762412
762414
762416
762417
762421
762422
762424
762426
762427
762431
762432
762433
762434
762435
762436
762437
762441
762442
762444
762446
762447
762451
762452
762453
762454
762455
762456
762457
762461
762462
762464
762466
762467
762471
762472
762474
762476
762477
762511
762512
762515
762516
762517
762521
762522
762525
762526
762527
762531
762532
762533
762534
762535
762536
762537
762541
762542
762543
762544
762545
762546
762547
762551
762552
762555
762556
762557
762561
762562
762565
762566
762567
762571
762572
762575
762576
762577
762611
762612
762613
762614
762615
762617
762621
762622
762623
762624
762625
762627
762631
762632
762633
762634
762635
762637
762641
762642
762643
762644
762645
762647
762651
762652
762653
762654
762655
762657
762661
762662
762663
762664
762665
762666
762667
762671
762672
762673
762674
762675
762677
762711
762712
762713
762714
762715
762716
762717
762721
762722
762723
762724
762725
762726
762727
762731
762732
762733
762734
762735
762736
762737
762741
762742
762743
762744
762745
762746
762747
762751
762752
762753
762754
762755
762756
762757
762761
762762
762763
762764
762765
762766
762767
762771
762772
762773
762774
762775
762776
762777
763111
763112
763113
763114
763115
763116
763117
763121
763122
763123
763124
763125
763126
763127
763131
763132
763133
763134
763135
763136
763137
763141
763142
763143
763144
763145
763146
763147
763151
763152
763153
763154
763155
763156
763157
763161
763162
763163
763164
763165
763166
763167
763171
763172
763173
763174
763175
763176
763177
763211
763212
763213
763214
763215
763216
763217
763221
763222
763223
763224
763225
763226
763227
763231
763232
763233
763234
763235
763236
763237
763241
763242
763243
763244
763245
763246
763247
763251
763252
763253
763254
763255
763256
763257
763261
763262
763263
763264
763265
763266
763267
763271
763272
763273
763274
763275
763276
763277
763311
763312
763313
763314
763315
763316
763317
763321
763322
763323
763324
763325
763326
763327
763331
763332
763333
763334
763335
763336
763337
763341
763342
763343
763344
763345
763346
763347
763351
763352
763353
763354
763355
763356
763357
763361
763362
763363
763364
763365
763366
763367
763371
763372
763373
763374
763375
763376
763377
763411
763412
763413
763414
763415
763416
763417
763421
763422
763423
763424
763425
763426
763427
763431
763432
763433
763434
763435
763436
763437
763441
763442
763443
763444
763445
763446
763447
763451
763452
763453
763454
763455
763456
763457
763461
763462
763463
763464
763465
763466
763467
763471
763472
763473
763474
763475
763476
763477
763511
763512
763513
763514
763515
763516
763517
763521
763522
763523
763524
763525
763526
763527
763531
763532
763533
763534
763535
763536
763537
763541
763542
763543
763544
763545
763546
763547
763551
763552
763553
763554
763555
763556
763557
763561
763562
763563
763564
763565
763566
763567
763571
763572
763573
763574
763575
763576
763577
763611
763612
763613
763614
763615
763617
763621
763622
763623
763624
763625
763627
763631
763632
763633
763634
763635
763637
763641
763642
763643
763644
763645
763647
763651
763652
763653
763654
763655
763657
763661
763662
763663
763664
763665
763666
763667
763671
763672
763673
763674
763675
763677
763711
763712
763713
763714
763715
763716
763717
763721
763722
763723
763724
763725
763726
763727
763731
763732
763733
763734
763735
763736
763737
763741
763742
763743
763744
763745
763746
763747
763751
763752
763753
763754
763755
763756
763757
763761
763762
763763
763764
763765
763766
763767
763771
763772
763773
763774
763775
763776
763777
764111
764112
764113
764114
764115
764116
764117
764121
764122
764123
764124
764125
764126
764127
764131
764132
764133
764134
764135
764136
764137
764141
764142
764143
764144
764145
764146
764147
764151
764152
764153
764154
764155
764156
764157
764161
764162
764163
764164
764165
764166
764167
764171
764172
764173
764174
764175
764176
764177
764211
764212
764213
764214
764215
764216
764217
764221
764222
764223
764224
764225
764226
764227
764231
764232
764233
764234
764235
764236
764237
764241
764242
764243
764244
764245
764246
764247
764251
764252
764253
764254
764255
764256
764257
764261
764262
764263
764264
764265
764266
764267
764271
764272
764273
764274
764275
764276
764277
764311
764312
764313
764314
764315
764316
764317
764321
764322
764323
764324
764325
764326
764327
764331
764332
764333
764334
764335
764336
764337
764341
764342
764343
764344
764345
764346
764347
764351
764352
764353
764354
764355
764356
764357
764361
764362
764363
764364
764365
764366
764367
764371
764372
764373
764374
764375
764376
764377
764411
764412
764413
764414
764415
764416
764417
764421
764422
764423
764424
764425
764426
764427
764431
764432
764433
764434
764435
764436
764437
764441
764442
764443
764444
764445
764446
764447
764451
764452
764453
764454
764455
764456
764457
764461
764462
764463
764464
764465
764466
764467
764471
764472
764473
764474
764475
764476
764477
764511
764512
764513
764514
764515
764516
764517
764521
764522
764523
764524
764525
764526
764527
764531
764532
764533
764534
764535
764536
764537
764541
764542
764543
764544
764545
764546
764547
764551
764552
764553
764554
764555
764556
764557
764561
764562
764563
764564
764565
764566
764567
764571
764572
764573
764574
764575
764576
764577
764611
764612
764613
764614
764615
764617
764621
764622
764623
764624
764625
764627
764631
764632
764633
764634
764635
764637
764641
764642
764643
764644
764645
764647
764651
764652
764653
764654
764655
764657
764661
764662
764663
764664
764665
764666
764667
764671
764672
764673
764674
764675
764677
764711
764712
764713
764714
764715
764716
764717
764721
764722
764723
764724
764725
764726
764727
764731
764732
764733
764734
764735
764736
764737
764741
764742
764743
764744
764745
764746
764747
764751
764752
764753
764754
764755
764756
764757
764761
764762
764763
764764
764765
764766
764767
764771
764772
764773
764774
764775
764776
764777
765111
765112
765113
765114
765115
765116
765117
765121
765122
765123
765124
765125
765126
765127
765131
765132
765133
765134
765135
765136
765137
765141
765142
765143
765144
765145
765146
765147
765151
765152
765153
765154
765155
765156
765157
765161
765162
765163
765164
765165
765166
765167
765171
765172
765173
765174
765175
765176
765177
765211
765212
765213
765214
765215
765216
765217
765221
765222
765223
765224
765225
765226
765227
765231
765232
765233
765234
765235
765236
765237
765241
765242
765243
765244
765245
765246
765247
765251
765252
765253
765254
765255
765256
765257
765261
765262
765263
765264
765265
765266
765267
765271
765272
765273
765274
765275
765276
765277
765311
765312
765313
765314
765315
765316
765317
765321
765322
765323
765324
765325
765326
765327
765331
765332
765333
765334
765335
765336
765337
765341
765342
765343
765344
765345
765346
765347
765351
765352
765353
765354
765355
765356
765357
765361
765362
765363
765364
765365
765366
765367
765371
765372
765373
765374
765375
765376
765377
765411
765412
765413
765414
765415
765416
765417
765421
765422
765423
765424
765425
765426
765427
765431
765432
765433
765434
765435
765436
765437
765441
765442
765443
765444
765445
765446
765447
765451
765452
765453
765454
765455
765456
765457
765461
765462
765463
765464
765465
765466
765467
765471
765472
765473
765474
765475
765476
765477
765511
765512
765513
765514
765515
765516
765517
765521
765522
765523
765524
765525
765526
765527
765531
765532
765533
765534
765535
765536
765537
765541
765542
765543
765544
765545
765546
765547
765551
765552
765553
765554
765555
765556
765557
765561
765562
765563
765564
765565
765566
765567
765571
765572
765573
765574
765575
765576
765577
765611
765612
765613
765614
765615
765617
765621
765622
765623
765624
765625
765627
765631
765632
765633
765634
765635
765637
765641
765642
765643
765644
765645
765647
765651
765652
765653
765654
765655
765657
765661
765662
765663
765664
765665
765666
765667
765671
765672
765673
765674
765675
765677
765711
765712
765713
765714
765715
765716
765717
765721
765722
765723
765724
765725
765726
765727
765731
765732
765733
765734
765735
765736
765737
765741
765742
765743
765744
765745
765746
765747
765751
765752
765753
765754
765755
765756
765757
765761
765762
765763
765764
765765
765766
765767
765771
765772
765773
765774
765775
765776
765777
766111
766112
766113
766114
766115
766116
766117
766121
766122
766123
766124
766125
766126
766127
766131
766132
766133
766134
766135
766136
766137
766141
766142
766143
766144
766145
766146
766147
766151
766152
766153
766154
766155
766156
766157
766161
766162
766163
766164
766165
766166
766167
766171
766172
766173
766174
766175
766176
766177
766211
766212
766213
766214
766215
766216
766217
766221
766222
766223
766224
766225
766226
766227
766231
766232
766233
766234
766235
766236
766237
766241
766242
766243
766244
766245
766246
766247
766251
766252
766253
766254
766255
766256
766257
766261
766262
766263
766264
766265
766266
766267
766271
766272
766273
766274
766275
766276
766277
766311
766312
766313
766316
766317
766321
766322
766323
766326
766327
766331
766332
766333
766336
766337
766341
766342
766343
766344
766345
766346
766347
766351
766352
766353
766354
766355
766356
766357
766361
766362
766363
766366
766367
766371
766372
766373
766376
766377
766411
766412
766414
766416
766417
766421
766422
766424
766426
766427
766431
766432
766433
766434
766435
766436
766437
766441
766442
766444
766446
766447
766451
766452
766453
766454
766455
766456
766457
766461
766462
766464
766466
766467
766471
766472
766474
766476
766477
766511
766512
766515
766516
766517
766521
766522
766525
766526
766527
766531
766532
766533
766534
766535
766536
766537
766541
766542
766543
766544
766545
766546
766547
766551
766552
766555
766556
766557
766561
766562
766565
766566
766567
766571
766572
766575
766576
766577
766611
766612
766613
766614
766615
766616
766617
766621
766622
766623
766624
766625
766626
766627
766631
766632
766633
766634
766635
766636
766637
766641
766642
766643
766644
766645
766646
766647
766651
766652
766653
766654
766655
766656
766657
766661
766662
766663
766664
766665
766666
766667
766671
766672
766673
766674
766675
766676
766677
766711
766712
766713
766714
766715
766716
766717
766721
766722
766723
766724
766725
766726
766727
766731
766732
766733
766734
766735
766736
766737
766741
766742
766743
766744
766745
766746
766747
766751
766752
766753
766754
766755
766756
766757
766761
766762
766763
766764
766765
766766
766767
766771
766772
766773
766774
766775
766776
766777
767111
767112
767113
767114
767115
767116
767117
767121
767122
767123
767124
767125
767126
767127
767131
767132
767133
767134
767135
767136
767137
767141
767142
767143
767144
767145
767146
767147
767151
767152
767153
767154
767155
767156
767157
767161
767162
767163
767164
767165
767166
767167
767177
767211
767212
767213
767214
767215
767216
767217
767221
767222
767223
767224
767225
767226
767227
767231
767232
767233
767234
767235
767236
767237
767241
767242
767243
767244
767245
767246
767247
767251
767252
767253
767254
767255
767256
767257
767261
767262
767263
767264
767265
767266
767267
767277
767311
767312
767313
767316
767317
767321
767322
767323
767326
767327
767331
767332
767333
767336
767337
767341
767342
767343
767344
767345
767346
767347
767351
767352
767353
767354
767355
767356
767357
767361
767362
767363
767366
767367
767377
767411
767412
767414
767416
767417
767421
767422
767424
767426
767427
767431
767432
767433
767434
767435
767436
767437
767441
767442
767444
767446
767447
767451
767452
767453
767454
767455
767456
767457
767461
767462
767464
767466
767467
767477
767511
767512
767515
767516
767517
767521
767522
767525
767526
767527
767531
767532
767533
767534
767535
767536
767537
767541
767542
767543
767544
767545
767546
767547
767551
767552
767555
767556
767557
767561
767562
767565
767566
767567
767577
767611
767612
767613
767614
767615
767617
767621
767622
767623
767624
767625
767627
767631
767632
767633
767634
767635
767637
767641
767642
767643
767644
767645
767647
767651
767652
767653
767654
767655
767657
767661
767662
767663
767664
767665
767666
767667
767677
767711
767712
767713
767714
767715
767716
767717
767721
767722
767723
767724
767725
767726
767727
767731
767732
767733
767734
767735
767736
767737
767741
767742
767743
767744
767745
767746
767747
767751
767752
767753
767754
767755
767756
767757
767761
767762
767763
767764
767765
767766
767767
767771
767772
767773
767774
767775
767776
767777
771111
771112
771113
771114
771115
771116
771117
771121
771122
771123
771124
771125
771126
771127
771131
771132
771133
771134
771135
771136
771137
771141
771142
771143
771144
771145
771146
771147
771151
771152
771153
771154
771155
771156
771157
771161
771162
771163
771164
771165
771166
771167
771171
771172
771173
771174
771175
771176
771177
771211
771212
771213
771214
771215
771216
771217
771221
771222
771223
771224
771225
771226
771227
771231
771232
771233
771234
771235
771236
771237
771241
771242
771243
771244
771245
771246
771247
771251
771252
771253
771254
771255
771256
771257
771261
771262
771263
771264
771265
771266
771267
771271
771272
771273
771274
771275
771276
771277
771311
771312
771313
771314
771315
771316
771317
771321
771322
771323
771324
771325
771326
771327
771331
771332
771333
771334
771335
771336
771337
771341
771342
771343
771344
771345
771346
771347
771351
771352
771353
771354
771355
771356
771357
771361
771362
771363
771364
771365
771366
771367
771371
771372
771373
771374
771375
771376
771377
771411
771412
771413
771414
771415
771416
771417
771421
771422
771423
771424
771425
771426
771427
771431
771432
771433
771434
771435
771436
771437
771441
771442
771443
771444
771445
771446
771447
771451
771452
771453
771454
771455
771456
771457
771461
771462
771463
771464
771465
771466
771467
771471
771472
771473
771474
771475
771476
771477
771511
771512
771513
771514
771515
771516
771517
771521
771522
771523
771524
771525
771526
771527
771531
771532
771533
771534
771535
771536
771537
771541
771542
771543
771544
771545
771546
771547
771551
771552
771553
771554
771555
771556
771557
771561
771562
771563
771564
771565
771566
771567
771571
771572
771573
771574
771575
771576
771577
771611
771612
771613
771614
771615
771616
771617
771621
771622
771623
771624
771625
771626
771627
771631
771632
771633
771634
771635
771636
771637
771641
771642
771643
771644
771645
771646
771647
771651
771652
771653
771654
771655
771656
771657
771661
771662
771663
771664
771665
771666
771667
771671
771672
771673
771674
771675
771676
771677
771711
771712
771713
771714
771715
771716
771721
771722
771723
771724
771725
771726
771731
771732
771733
771734
771735
771736
771741
771742
771743
771744
771745
771746
771751
771752
771753
771754
771755
771756
771761
771762
771763
771764
771765
771766
771771
771772
771773
771774
771775
771776
771777
772111
772112
772113
772114
772115
772116
772117
772121
772122
772123
772124
772125
772126
772127
772131
772132
772133
772134
772135
772136
772137
772141
772142
772143
772144
772145
772146
772147
772151
772152
772153
772154
772155
772156
772157
772161
772162
772163
772164
772165
772166
772167
772171
772172
772173
772174
772175
772176
772177
772211
772212
772213
772214
772215
772216
772217
772221
772222
772223
772224
772225
772226
772227
772231
772232
772233
772234
772235
772236
772237
772241
772242
772243
772244
772245
772246
772247
772251
772252
772253
772254
772255
772256
772257
772261
772262
772263
772264
772265
772266
772267
772271
772272
772273
772274
772275
772276
772277
772311
772312
772313
772314
772315
772316
772317
772321
772322
772323
772324
772325
772326
772327
772331
772332
772333
772334
772335
772336
772337
772341
772342
772343
772344
772345
772346
772347
772351
772352
772353
772354
772355
772356
772357
772361
772362
772363
772364
772365
772366
772367
772371
772372
772373
772374
772375
772376
772377
772411
772412
772413
772414
772415
772416
772417
772421
772422
772423
772424
772425
772426
772427
772431
772432
772433
772434
772435
772436
772437
772441
772442
772443
772444
772445
772446
772447
772451
772452
772453
772454
772455
772456
772457
772461
772462
772463
772464
772465
772466
772467
772471
772472
772473
772474
772475
772476
772477
772511
772512
772513
772514
772515
772516
772517
772521
772522
772523
772524
772525
772526
772527
772531
772532
772533
772534
772535
772536
772537
772541
772542
772543
772544
772545
772546
772547
772551
772552
772553
772554
772555
772556
772557
772561
772562
772563
772564
772565
772566
772567
772571
772572
772573
772574
772575
772576
772577
772611
772612
772613
772614
772615
772616
772617
772621
772622
772623
772624
772625
772626
772627
772631
772632
772633
772634
772635
772636
772637
772641
772642
772643
772644
772645
772646
772647
772651
772652
772653
772654
772655
772656
772657
772661
772662
772663
772664
772665
772666
772667
772671
772672
772673
772674
772675
772676
772677
772711
772712
772713
772714
772715
772716
772721
772722
772723
772724
772725
772726
772731
772732
772733
772734
772735
772736
772741
772742
772743
772744
772745
772746
772751
772752
772753
772754
772755
772756
772761
772762
772763
772764
772765
772766
772771
772772
772773
772774
772775
772776
772777
773111
773112
773113
773114
773115
773116
773117
773121
773122
773123
773124
773125
773126
773127
773131
773132
773133
773134
773135
773136
773137
773141
773142
773143
773144
773145
773146
773147
773151
773152
773153
773154
773155
773156
773157
773161
773162
773163
773164
773165
773166
773167
773171
773172
773173
773174
773175
773176
773177
773211
773212
773213
773214
773215
773216
773217
773221
773222
773223
773224
773225
773226
773227
773231
773232
773233
773234
773235
773236
773237
773241
773242
773243
773244
773245
773246
773247
773251
773252
773253
773254
773255
773256
773257
773261
773262
773263
773264
773265
773266
773267
773271
773272
773273
773274
773275
773276
773277
773311
773312
773313
773314
773315
773316
773317
773321
773322
773323
773324
773325
773326
773327
773331
773332
773333
773334
773335
773336
773337
773341
773342
773343
773344
773345
773346
773347
773351
773352
773353
773354
773355
773356
773357
773361
773362
773363
773364
773365
773366
773367
773371
773372
773373
773374
773375
773376
773377
773411
773412
773413
773414
773415
773416
773417
773421
773422
773423
773424
773425
773426
773427
773431
773432
773433
773434
773435
773436
773437
773441
773442
773443
773444
773445
773446
773447
773451
773452
773453
773454
773455
773456
773457
773461
773462
773463
773464
773465
773466
773467
773471
773472
773473
773474
773475
773476
773477
773511
773512
773513
773514
773515
773516
773517
773521
773522
773523
773524
773525
773526
773527
773531
773532
773533
773534
773535
773536
773537
773541
773542
773543
773544
773545
773546
773547
773551
773552
773553
773554
773555
773556
773557
773561
773562
773563
773564
773565
773566
773567
773571
773572
773573
773574
773575
773576
773577
773611
773612
773613
773614
773615
773616
773617
773621
773622
773623
773624
773625
773626
773627
773631
773632
773633
773634
773635
773636
773637
773641
773642
773643
773644
773645
773646
773647
773651
773652
773653
773654
773655
773656
773657
773661
773662
773663
773664
773665
773666
773667
773671
773672
773673
773674
773675
773676
773677
773711
773712
773713
773714
773715
773716
773721
773722
773723
773724
773725
773726
773731
773732
773733
773734
773735
773736
773741
773742
773743
773744
773745
773746
773751
773752
773753
773754
773755
773756
773761
773762
773763
773764
773765
773766
773771
773772
773773
773774
773775
773776
773777
774111
774112
774113
774114
774115
774116
774117
774121
774122
774123
774124
774125
774126
774127
774131
774132
774133
774134
774135
774136
774137
774141
774142
774143
774144
774145
774146
774147
774156
774165
774171
774172
774173
774174
774175
774176
774177
774211
774212
774213
774214
774215
774216
774217
774221
774222
774223
774224
774225
774226
774227
774231
774232
774233
774234
774235
774236
774237
774241
774242
774243
774244
774245
774246
774247
774256
774265
774271
774272
774273
774274
774275
774276
774277
774311
774312
774313
774314
774315
774316
774317
774321
774322
774323
774324
774325
774326
774327
774331
774332
774333
774334
774335
774336
774337
774341
774342
774343
774344
774345
774346
774347
774356
774365
774371
774372
774373
774374
774375
774376
774377
774411
774412
774413
774414
774415
774416
774417
774421
774422
774423
774424
774425
774426
774427
774431
774432
774433
774434
774435
774436
774437
774441
774442
774443
774444
774445
774446
774447
774456
774465
774471
774472
774473
774474
774475
774476
774477
774511
774512
774513
774514
774515
774516
774517
774521
774522
774523
774524
774525
774526
774527
774531
774532
774533
774534
774535
774536
774537
774541
774542
774543
774544
774545
774546
774547
774551
774552
774553
774554
774555
774556
774557
774561
774562
774563
774564
774565
774566
774567
774571
774572
774573
774574
774575
774576
774577
774611
774612
774613
774614
774615
774616
774617
774621
774622
774623
774624
774625
774626
774627
774631
774632
774633
774634
774635
774636
774637
774641
774642
774643
774644
774645
774646
774647
774651
774652
774653
774654
774655
774656
774657
774661
774662
774663
774664
774665
774666
774667
774671
774672
774673
774674
774675
774676
774677
774711
774712
774713
774714
774715
774716
774721
774722
774723
774724
774725
774726
774731
774732
774733
774734
774735
774736
774741
774742
774743
774744
774745
774746
774756
774765
774771
774772
774773
774774
774775
774776
774777
775111
775112
775113
775114
775115
775116
775117
775121
775122
775123
775124
775125
775126
775127
775131
775132
775133
775134
775135
775136
775137
775146
775151
775152
775153
775154
775155
775156
775157
775164
775171
775172
775173
775174
775175
775176
775177
775211
775212
775213
775214
775215
775216
775217
775221
775222
775223
775224
775225
775226
775227
775231
775232
775233
775234
775235
775236
775237
775246
775251
775252
775253
775254
775255
775256
775257
775264
775271
775272
775273
775274
775275
775276
775277
775311
775312
775313
775314
775315
775316
775317
775321
775322
775323
775324
775325
775326
775327
775331
775332
775333
775334
775335
775336
775337
775346
775351
775352
775353
775354
775355
775356
775357
775364
775371
775372
775373
775374
775375
775376
775377
775411
775412
775413
775414
775415
775416
775417
775421
775422
775423
775424
775425
775426
775427
775431
775432
775433
775434
775435
775436
775437
775441
775442
775443
775444
775445
775446
775447
775451
775452
775453
775454
775455
775456
775457
775461
775462
775463
775464
775465
775466
775467
775471
775472
775473
775474
775475
775476
775477
775511
775512
775513
775514
775515
775516
775517
775521
775522
775523
775524
775525
775526
775527
775531
775532
775533
775534
775535
775536
775537
775546
775551
775552
775553
775554
775555
775556
775557
775564
775571
775572
775573
775574
775575
775576
775577
775611
775612
775613
775614
775615
775616
775617
775621
775622
775623
775624
775625
775626
775627
775631
775632
775633
775634
775635
775636
775637
775641
775642
775643
775644
775645
775646
775647
775651
775652
775653
775654
775655
775656
775657
775661
775662
775663
775664
775665
775666
775667
775671
775672
775673
775674
775675
775676
775677
775711
775712
775713
775714
775715
775716
775721
775722
775723
775724
775725
775726
775731
775732
775733
775734
775735
775736
775746
775751
775752
775753
775754
775755
775756
775764
775771
775772
775773
775774
775775
775776
775777
776111
776112
776113
776114
776115
776116
776117
776121
776122
776123
776124
776125
776126
776127
776131
776132
776133
776134
776135
776136
776137
776145
776154
776161
776162
776163
776164
776165
776166
776167
776171
776172
776173
776174
776175
776176
776177
776211
776212
776213
776214
776215
776216
776217
776221
776222
776223
776224
776225
776226
776227
776231
776232
776233
776234
776235
776236
776237
776245
776254
776261
776262
776263
776264
776265
776266
776267
776271
776272
776273
776274
776275
776276
776277
776311
776312
776313
776314
776315
776316
776317
776321
776322
776323
776324
776325
776326
776327
776331
776332
776333
776334
776335
776336
776337
776345
776354
776361
776362
776363
776364
776365
776366
776367
776371
776372
776373
776374
776375
776376
776377
776411
776412
776413
776414
776415
776416
776417
776421
776422
776423
776424
776425
776426
776427
776431
776432
776433
776434
776435
776436
776437
776441
776442
776443
776444
776445
776446
776447
776451
776452
776453
776454
776455
776456
776457
776461
776462
776463
776464
776465
776466
776467
776471
776472
776473
776474
776475
776476
776477
776511
776512
776513
776514
776515
776516
776517
776521
776522
776523
776524
776525
776526
776527
776531
776532
776533
776534
776535
776536
776537
776541
776542
776543
776544
776545
776546
776547
776551
776552
776553
776554
776555
776556
776557
776561
776562
776563
776564
776565
776566
776567
776571
776572
776573
776574
776575
776576
776577
776611
776612
776613
776614
776615
776616
776617
776621
776622
776623
776624
776625
776626
776627
776631
776632
776633
776634
776635
776636
776637
776645
776654
776661
776662
776663
776664
776665
776666
776667
776671
776672
776673
776674
776675
776676
776677
776711
776712
776713
776714
776715
776716
776721
776722
776723
776724
776725
776726
776731
776732
776733
776734
776735
776736
776745
776754
776761
776762
776763
776764
776765
776766
776771
776772
776773
776774
776775
776776
776777
777111
777112
777113
777114
777115
777116
777117
777121
777122
777123
777124
777125
777126
777127
777131
777132
777133
777134
777135
777136
777137
777141
777142
777143
777144
777145
777146
777147
777151
777152
777153
777154
777155
777156
777157
777161
777162
777163
777164
777165
777166
777167
777171
777172
777173
777174
777175
777176
777177
777211
777212
777213
777214
777215
777216
777217
777221
777222
777223
777224
777225
777226
777227
777231
777232
777233
777234
777235
777236
777237
777241
777242
777243
777244
777245
777246
777247
777251
777252
777253
777254
777255
777256
777257
777261
777262
777263
777264
777265
777266
777267
777271
777272
777273
777274
777275
777276
777277
777311
777312
777313
777314
777315
777316
777317
777321
777322
777323
777324
777325
777326
777327
777331
777332
777333
777334
777335
777336
777337
777341
777342
777343
777344
777345
777346
777347
777351
777352
777353
777354
777355
777356
777357
777361
777362
777363
777364
777365
777366
777367
777371
777372
777373
777374
777375
777376
777377
777411
777412
777413
777414
777415
777416
777417
777421
777422
777423
777424
777425
777426
777427
777431
777432
777433
777434
777435
777436
777437
777441
777442
777443
777444
777445
777446
777447
777451
777452
777453
777454
777455
777456
777457
777461
777462
777463
777464
777465
777466
777467
777471
777472
777473
777474
777475
777476
777477
777511
777512
777513
777514
777515
777516
777517
777521
777522
777523
777524
777525
777526
777527
777531
777532
777533
777534
777535
777536
777537
777541
777542
777543
777544
777545
777546
777547
777551
777552
777553
777554
777555
777556
777557
777561
777562
777563
777564
777565
777566
777567
777571
777572
777573
777574
777575
777576
777577
777611
777612
777613
777614
777615
777616
777617
777621
777622
777623
777624
777625
777626
777627
777631
777632
777633
777634
777635
777636
777637
777641
777642
777643
777644
777645
777646
777647
777651
777652
777653
777654
777655
777656
777657
777661
777662
777663
777664
777665
777666
777667
777671
777672
777673
777674
777675
777676
777677
777711
777712
777713
777714
777715
777716
777717
777721
777722
777723
777724
777725
777726
777727
777731
777732
777733
777734
777735
777736
777737
777741
777742
777743
777744
777745
777746
777747
777751
777752
777753
777754
777755
777756
777757
777761
777762
777763
777764
777765
777766
777767
777771
777772
777773
777774
777775
777776
777777
